transaction_amount,category,vendor_category,daily_tx_count,wallet_balance_pct,monthly_budget_used_pct,category_budget_used_pct,days_elapsed_in_month,spend_velocity,days_remaining_budget,is_weekend,hour_of_day,expenditure_level,duration_risk,behaviour_class
1060,Food,Pharmacy,4,86.2,31.1,84.4,21,807.0,3.8,0,16,Low,Critical,Survival
3972,Entertainment,Canteen,8,60.9,120.2,114.1,3,1194.0,1.8,0,15,High,Critical,Lifestyle
3292,Entertainment,Bookshop,6,31.3,39.5,11.9,21,3088.0,9.6,0,13,Low,Warning,Survival
666,Study,Bookshop,1,42.8,39.3,136.1,15,1479.0,2.6,0,14,Low,Critical,Lifestyle
4626,Food,Stationery,7,69.6,107.7,64.1,3,2227.0,16.1,1,11,High,Safe,Lifestyle
3644,Transport,Stationery,1,89.6,22.7,131.7,5,1645.0,0.4,0,19,Low,Critical,Lifestyle
3371,Study,Stationery,3,8.9,36.6,15.5,13,2274.0,13.3,1,14,Low,Safe,Survival
3119,Entertainment,Canteen,8,11.8,70.4,30.4,26,1713.0,5.4,1,19,Medium,Warning,Survival
330,Food,Pharmacy,9,35.9,109.7,55.2,26,3980.0,11.0,0,13,High,Safe,Leakage
1885,Other,Bookshop,3,27.1,27.7,58.4,15,1751.0,20.3,0,11,Low,Safe,Survival
969,Transport,Bookshop,1,30.2,75.7,128.7,17,2695.0,10.5,1,11,Medium,Safe,Lifestyle
2591,Entertainment,Pharmacy,1,26.0,95.3,11.6,6,3609.0,10.2,0,7,High,Safe,Lifestyle
2633,Study,Bookshop,7,23.6,113.3,99.8,23,2733.0,29.7,0,10,High,Safe,Lifestyle
1384,Food,Pharmacy,5,17.4,122.3,28.4,18,2481.0,21.6,0,8,High,Safe,Lifestyle
4755,Transport,Canteen,1,93.7,104.2,125.3,3,2492.0,15.4,1,16,High,Safe,Lifestyle
3585,Food,Canteen,6,18.7,88.3,119.0,26,2238.0,17.4,0,12,High,Safe,Lifestyle
4317,Other,Canteen,6,24.4,62.0,80.0,9,3327.0,18.6,1,14,Medium,Safe,Survival
3104,Study,Pharmacy,4,28.4,23.5,39.8,8,676.0,0.7,0,18,Low,Critical,Survival
674,Food,Pharmacy,7,93.6,95.2,98.8,20,3598.0,2.4,0,21,High,Critical,Leakage
1282,Entertainment,Snack_Bar,7,76.8,129.1,31.9,11,2552.0,19.5,1,17,High,Safe,Lifestyle
2758,Study,Bookshop,9,80.0,98.4,36.6,28,3471.0,10.9,1,13,High,Safe,Lifestyle
2247,Entertainment,Bookshop,1,15.0,12.0,97.7,24,536.0,1.7,1,19,Low,Critical,Survival
2947,Food,Snack_Bar,5,84.4,69.6,148.8,11,3542.0,8.9,0,19,Medium,Warning,Lifestyle
1175,Study,Snack_Bar,10,43.8,83.8,134.7,8,920.0,3.9,0,10,Medium,Critical,Lifestyle
2006,Entertainment,Canteen,3,30.0,92.8,93.0,30,3024.0,27.5,1,15,High,Safe,Lifestyle
389,Other,Snack_Bar,7,59.7,96.4,85.4,22,1958.0,6.1,1,19,High,Warning,Leakage
2934,Other,Pharmacy,4,83.1,77.0,149.8,30,2884.0,4.3,0,22,Medium,Warning,Lifestyle
3205,Food,Stationery,4,79.0,36.8,86.6,1,2699.0,18.8,0,9,Low,Safe,Survival
4858,Study,Pharmacy,1,89.5,123.1,68.8,2,1072.0,15.7,0,20,High,Safe,Lifestyle
2099,Transport,Snack_Bar,1,93.2,93.6,137.3,20,2301.0,17.3,0,16,High,Safe,Lifestyle
1467,Study,Bookshop,10,27.6,38.4,42.8,4,1470.0,13.1,0,14,Low,Safe,Survival
1728,Other,Pharmacy,2,45.3,48.7,23.7,2,2462.0,14.0,1,20,Low,Safe,Survival
3402,Entertainment,Bookshop,2,6.4,120.6,98.8,25,3083.0,23.4,0,7,High,Safe,Lifestyle
3756,Transport,Pharmacy,1,88.5,116.5,23.4,2,784.0,6.6,0,6,High,Warning,Lifestyle
4090,Food,Bookshop,8,19.7,58.6,62.2,13,2305.0,11.9,0,22,Medium,Safe,Survival
846,Transport,Pharmacy,6,86.8,14.6,69.3,29,2662.0,28.7,1,9,Low,Safe,Survival
3088,Food,Bookshop,6,36.3,15.8,86.7,22,1534.0,5.7,1,10,Low,Warning,Survival
2635,Transport,Stationery,10,40.0,44.1,148.8,21,3836.0,8.8,0,10,Low,Warning,Lifestyle
800,Food,Canteen,10,8.7,85.5,40.9,20,2321.0,5.7,0,19,High,Warning,Lifestyle
2563,Food,Pharmacy,9,36.1,80.1,62.6,6,1139.0,0.6,1,6,Medium,Critical,Survival
2261,Transport,Stationery,5,89.4,86.1,28.5,4,877.0,8.1,0,7,High,Warning,Lifestyle
441,Transport,Canteen,4,7.4,96.1,95.1,25,2396.0,1.4,1,15,High,Critical,Lifestyle
2241,Food,Pharmacy,11,43.6,12.3,111.9,27,1813.0,4.6,1,10,Low,Warning,Survival
3024,Other,Stationery,6,8.0,22.6,77.5,26,1174.0,10.9,1,14,Low,Safe,Survival
2812,Transport,Stationery,8,40.2,53.1,44.4,15,607.0,0.6,0,18,Medium,Critical,Survival
1563,Study,Stationery,1,21.4,28.6,96.9,23,2483.0,22.6,1,18,Low,Safe,Survival
1678,Entertainment,Snack_Bar,7,29.0,19.0,85.5,3,2595.0,23.9,0,14,Low,Safe,Survival
2756,Food,Bookshop,8,88.4,86.9,34.0,28,996.0,12.3,1,19,High,Safe,Lifestyle
975,Food,Canteen,9,46.4,107.8,66.8,26,2606.0,29.5,1,22,High,Safe,Lifestyle
4214,Entertainment,Bookshop,11,31.0,100.3,70.9,4,3832.0,20.4,1,8,High,Safe,Lifestyle
234,Other,Bookshop,8,61.0,108.0,147.6,17,3924.0,22.3,1,17,High,Safe,Leakage
3352,Entertainment,Bookshop,7,18.5,89.9,128.9,6,3610.0,5.8,1,14,High,Warning,Lifestyle
2155,Transport,Stationery,3,29.6,98.2,112.8,2,3325.0,25.1,0,21,High,Safe,Lifestyle
1785,Entertainment,Bookshop,2,56.9,42.6,134.4,20,1233.0,28.4,1,18,Low,Safe,Lifestyle
4143,Food,Snack_Bar,3,27.6,129.2,113.0,13,1048.0,7.1,1,17,High,Warning,Lifestyle
3273,Entertainment,Pharmacy,4,69.5,32.0,136.5,15,2057.0,20.6,0,7,Low,Safe,Lifestyle
1221,Study,Stationery,4,51.7,35.7,17.6,5,2669.0,22.4,0,6,Low,Safe,Survival
3661,Transport,Canteen,6,78.3,44.7,73.8,28,3477.0,9.2,1,11,Low,Warning,Survival
2813,Entertainment,Pharmacy,7,95.1,127.0,114.6,24,1312.0,14.3,0,8,High,Safe,Lifestyle
4043,Food,Pharmacy,4,16.0,128.6,91.7,19,2179.0,2.9,1,11,High,Critical,Lifestyle
1700,Transport,Pharmacy,10,36.8,105.4,34.5,6,2766.0,5.2,1,9,High,Warning,Lifestyle
4998,Food,Bookshop,6,35.4,85.5,57.7,17,2060.0,1.8,1,22,High,Critical,Lifestyle
361,Other,Bookshop,9,19.4,72.4,54.5,25,2090.0,16.8,0,12,Medium,Safe,Leakage
4497,Study,Stationery,6,82.0,126.5,46.6,28,1288.0,18.8,1,7,High,Safe,Lifestyle
2181,Other,Bookshop,3,77.2,93.5,58.0,1,3953.0,27.5,0,20,High,Safe,Lifestyle
1195,Study,Bookshop,1,51.0,123.4,82.1,2,2163.0,16.3,1,22,High,Safe,Lifestyle
3542,Entertainment,Bookshop,11,56.1,48.0,129.7,1,2365.0,7.8,1,11,Low,Warning,Lifestyle
4751,Transport,Stationery,10,10.7,50.1,113.9,8,1265.0,1.8,0,13,Medium,Critical,Survival
3998,Entertainment,Stationery,10,57.8,112.6,126.9,29,2299.0,26.5,1,13,High,Safe,Lifestyle
1475,Study,Snack_Bar,5,80.2,28.0,133.7,4,1394.0,14.4,1,12,Low,Safe,Lifestyle
1216,Study,Snack_Bar,10,59.5,123.5,68.3,18,1208.0,22.1,0,9,High,Safe,Lifestyle
537,Study,Snack_Bar,10,30.2,70.9,58.4,23,1465.0,0.4,0,10,Medium,Critical,Leakage
1078,Food,Snack_Bar,3,68.4,121.2,18.1,24,510.0,14.6,1,13,High,Safe,Lifestyle
1276,Transport,Pharmacy,8,39.3,50.4,140.3,9,2496.0,9.8,1,19,Medium,Warning,Lifestyle
4193,Entertainment,Pharmacy,10,56.8,95.9,19.2,15,1856.0,0.9,0,8,High,Critical,Lifestyle
579,Entertainment,Snack_Bar,1,51.3,67.9,113.8,16,3645.0,23.3,1,20,Medium,Safe,Survival
692,Other,Snack_Bar,11,41.2,85.2,62.9,21,642.0,15.4,1,10,High,Safe,Leakage
2262,Study,Canteen,2,73.3,70.5,142.8,30,651.0,10.0,0,20,Medium,Warning,Lifestyle
4084,Study,Pharmacy,3,89.0,126.1,68.7,3,3601.0,24.2,0,11,High,Safe,Lifestyle
264,Study,Canteen,3,5.5,93.1,124.3,1,943.0,13.4,1,15,High,Safe,Lifestyle
2768,Entertainment,Canteen,8,93.7,40.2,49.6,24,508.0,0.1,0,20,Low,Critical,Survival
2227,Other,Bookshop,5,53.6,119.2,51.9,13,1126.0,28.3,0,14,High,Safe,Lifestyle
2895,Food,Stationery,8,71.6,45.3,93.4,14,3384.0,7.7,0,9,Low,Warning,Survival
1695,Transport,Pharmacy,11,86.3,54.6,149.7,6,3309.0,24.9,1,13,Medium,Safe,Lifestyle
591,Food,Snack_Bar,11,49.4,22.3,82.5,5,1690.0,24.5,1,18,Low,Safe,Leakage
4714,Entertainment,Snack_Bar,6,84.3,118.0,141.1,29,2838.0,4.9,0,22,High,Warning,Lifestyle
4674,Study,Stationery,2,21.9,44.3,120.1,23,2275.0,14.2,0,9,Low,Safe,Lifestyle
3761,Transport,Pharmacy,11,20.1,41.1,121.4,5,3667.0,1.2,1,7,Low,Critical,Lifestyle
2478,Entertainment,Snack_Bar,4,67.5,120.4,71.0,27,697.0,10.6,1,10,High,Safe,Lifestyle
3299,Entertainment,Snack_Bar,9,87.7,106.7,64.1,4,3346.0,21.9,1,7,High,Safe,Lifestyle
400,Entertainment,Bookshop,4,89.8,26.9,36.9,21,1097.0,7.1,1,21,Low,Warning,Survival
3304,Transport,Canteen,5,66.2,102.3,145.0,12,1871.0,3.5,0,20,High,Critical,Lifestyle
4798,Transport,Snack_Bar,5,54.9,119.6,144.3,14,1172.0,15.2,0,9,High,Safe,Lifestyle
2654,Other,Pharmacy,10,36.5,19.4,114.6,27,2959.0,16.1,1,20,Low,Safe,Survival
3845,Other,Stationery,8,98.1,109.0,51.5,23,2874.0,20.3,1,10,High,Safe,Lifestyle
1004,Food,Bookshop,6,35.4,75.7,44.3,14,2418.0,22.8,0,8,Medium,Safe,Survival
2931,Transport,Pharmacy,10,75.7,90.3,148.4,11,2944.0,20.9,1,19,High,Safe,Lifestyle
2973,Transport,Bookshop,7,55.5,69.1,19.3,22,2738.0,25.4,1,12,Medium,Safe,Survival
1770,Transport,Canteen,6,62.8,93.7,128.1,10,3218.0,6.7,0,20,High,Warning,Lifestyle
2890,Other,Snack_Bar,5,42.4,14.1,59.8,10,1338.0,17.1,0,10,Low,Safe,Survival
4040,Entertainment,Pharmacy,5,96.7,101.5,68.6,29,2001.0,10.8,1,14,High,Safe,Lifestyle
1228,Study,Stationery,3,59.3,14.0,126.5,28,1031.0,28.9,1,18,Low,Safe,Lifestyle
702,Other,Canteen,7,94.1,64.6,22.7,30,2004.0,13.2,1,12,Medium,Safe,Leakage
4693,Transport,Canteen,10,5.7,28.1,59.6,27,2956.0,28.8,0,9,Low,Safe,Survival
1070,Other,Bookshop,5,59.4,108.8,143.3,9,2920.0,23.1,1,12,High,Safe,Lifestyle
4688,Food,Canteen,7,73.1,47.6,107.9,26,2983.0,21.6,0,6,Low,Safe,Survival
406,Transport,Pharmacy,2,75.8,64.5,115.7,2,1581.0,14.7,1,20,Medium,Safe,Lifestyle
1684,Food,Bookshop,9,91.0,61.5,116.1,14,2818.0,13.3,1,20,Medium,Safe,Lifestyle
1063,Transport,Canteen,8,5.4,102.7,18.5,7,1786.0,15.8,0,20,High,Safe,Lifestyle
2990,Other,Stationery,5,5.0,67.7,38.4,17,3806.0,8.8,0,8,Medium,Warning,Survival
763,Entertainment,Pharmacy,2,49.9,104.7,78.8,24,1702.0,27.1,1,10,High,Safe,Lifestyle
4391,Study,Stationery,6,7.8,18.8,61.5,20,2611.0,23.8,0,10,Low,Safe,Survival
1957,Food,Stationery,8,97.6,33.0,67.5,8,3126.0,24.0,1,21,Low,Safe,Survival
1878,Other,Bookshop,7,26.1,76.2,119.4,24,3672.0,13.0,0,15,Medium,Safe,Lifestyle
3442,Entertainment,Snack_Bar,8,49.9,123.7,12.1,20,2033.0,2.1,0,18,High,Critical,Lifestyle
4836,Other,Bookshop,4,10.8,19.0,102.5,4,1762.0,20.5,1,20,Low,Safe,Survival
1259,Food,Pharmacy,3,54.6,15.2,10.0,5,2005.0,11.2,0,13,Low,Safe,Survival
1922,Study,Pharmacy,7,41.1,28.8,18.8,13,1633.0,26.1,1,12,Low,Safe,Survival
3514,Other,Bookshop,2,9.2,86.9,67.2,7,2789.0,23.4,0,19,High,Safe,Lifestyle
3357,Transport,Snack_Bar,5,36.8,57.9,127.7,6,3765.0,4.4,0,11,Medium,Warning,Lifestyle
2825,Entertainment,Bookshop,7,42.2,109.1,30.3,17,941.0,18.1,1,13,High,Safe,Lifestyle
2929,Other,Pharmacy,1,99.0,18.6,87.6,6,2463.0,20.8,1,20,Low,Safe,Survival
1797,Entertainment,Snack_Bar,4,24.7,33.6,105.0,19,3642.0,17.0,0,22,Low,Safe,Survival
3260,Transport,Pharmacy,2,56.8,46.0,42.1,25,850.0,15.4,1,10,Low,Safe,Survival
2893,Study,Snack_Bar,6,98.8,85.2,81.7,3,2229.0,6.8,1,17,High,Warning,Lifestyle
3827,Study,Snack_Bar,1,80.2,92.2,137.6,9,3528.0,7.1,1,18,High,Warning,Lifestyle
1563,Transport,Bookshop,7,99.4,24.9,81.7,21,3652.0,23.0,1,8,Low,Safe,Survival
2181,Entertainment,Bookshop,3,97.0,123.3,32.0,28,2300.0,0.6,0,20,High,Critical,Lifestyle
1863,Other,Bookshop,1,51.5,50.9,97.9,26,587.0,23.4,1,12,Medium,Safe,Survival
1729,Transport,Snack_Bar,8,71.2,95.6,92.9,15,870.0,15.8,0,19,High,Safe,Lifestyle
2238,Food,Snack_Bar,7,15.5,72.9,13.8,8,2554.0,28.1,1,16,Medium,Safe,Survival
3502,Entertainment,Pharmacy,2,46.9,36.7,22.7,25,934.0,29.9,1,12,Low,Safe,Survival
2437,Study,Stationery,7,81.9,111.5,31.9,25,1023.0,19.9,1,16,High,Safe,Lifestyle
1506,Transport,Bookshop,3,53.0,108.2,29.1,23,3202.0,12.4,1,13,High,Safe,Lifestyle
4229,Study,Pharmacy,9,71.8,57.5,46.3,26,3127.0,14.3,0,15,Medium,Safe,Survival
2875,Entertainment,Pharmacy,8,75.8,80.6,73.6,15,3450.0,6.1,1,16,Medium,Warning,Survival
1482,Study,Canteen,5,29.1,40.9,62.0,1,870.0,3.0,1,6,Low,Critical,Survival
909,Transport,Bookshop,7,88.2,92.8,134.7,8,1194.0,17.4,0,15,High,Safe,Lifestyle
4944,Entertainment,Pharmacy,3,48.7,47.1,95.7,23,3415.0,24.2,1,12,Low,Safe,Survival
4613,Food,Canteen,1,25.0,111.3,132.7,4,3024.0,7.9,1,8,High,Warning,Lifestyle
3948,Transport,Bookshop,1,87.2,36.1,83.8,22,3321.0,12.6,1,9,Low,Safe,Survival
4979,Other,Snack_Bar,11,44.7,11.8,22.6,10,3964.0,16.6,1,11,Low,Safe,Survival
863,Transport,Canteen,2,76.3,42.2,74.9,16,3526.0,27.2,0,6,Low,Safe,Survival
2198,Entertainment,Snack_Bar,8,57.1,32.9,125.1,18,2322.0,4.2,0,9,Low,Warning,Lifestyle
3645,Transport,Stationery,1,41.3,71.0,37.2,4,1588.0,7.1,0,12,Medium,Warning,Survival
3943,Food,Stationery,11,81.9,34.4,22.8,8,2494.0,27.6,0,16,Low,Safe,Survival
1695,Food,Stationery,5,60.5,101.6,56.1,4,2735.0,1.2,1,11,High,Critical,Lifestyle
3504,Other,Stationery,9,42.1,39.0,64.4,10,1674.0,19.7,1,10,Low,Safe,Survival
3963,Study,Pharmacy,9,15.4,94.8,52.9,20,3198.0,19.2,0,17,High,Safe,Lifestyle
2053,Entertainment,Stationery,2,90.1,79.4,28.9,30,825.0,11.5,1,7,Medium,Safe,Survival
4859,Entertainment,Pharmacy,7,8.4,128.3,45.1,4,3228.0,14.0,1,14,High,Safe,Lifestyle
1491,Study,Pharmacy,11,87.0,130.0,105.5,16,612.0,25.6,0,19,High,Safe,Lifestyle
3781,Food,Bookshop,1,39.2,114.3,64.0,30,2243.0,4.9,0,17,High,Warning,Lifestyle
3657,Food,Pharmacy,3,65.7,101.2,98.6,12,3515.0,6.9,0,14,High,Warning,Lifestyle
1836,Transport,Pharmacy,6,92.6,56.4,85.1,10,803.0,15.4,1,6,Medium,Safe,Survival
3896,Other,Stationery,9,19.4,100.4,86.9,25,2312.0,12.3,1,12,High,Safe,Lifestyle
3199,Other,Pharmacy,10,58.9,124.8,44.8,11,1058.0,17.2,1,12,High,Safe,Lifestyle
3352,Other,Snack_Bar,2,77.6,12.8,83.0,2,3632.0,27.6,1,15,Low,Safe,Survival
898,Transport,Stationery,7,77.0,74.5,13.3,16,3413.0,27.5,1,7,Medium,Safe,Survival
2360,Other,Canteen,4,54.9,36.2,70.4,23,3769.0,6.9,1,9,Low,Warning,Survival
4297,Study,Stationery,2,64.4,76.9,90.2,19,3562.0,9.1,0,13,Medium,Warning,Survival
4937,Transport,Pharmacy,3,77.0,66.0,35.5,12,3078.0,4.9,0,19,Medium,Warning,Survival
1054,Study,Snack_Bar,6,84.9,79.1,45.9,4,1147.0,27.8,0,18,Medium,Safe,Survival
3674,Transport,Stationery,10,77.4,76.1,40.7,17,1559.0,11.9,0,21,Medium,Safe,Survival
1907,Other,Snack_Bar,9,38.6,125.2,19.9,12,2239.0,13.5,1,12,High,Safe,Lifestyle
2977,Study,Canteen,8,99.7,76.3,58.7,16,2561.0,24.1,0,15,Medium,Safe,Survival
1933,Study,Canteen,10,46.3,111.5,147.1,3,3238.0,15.4,0,16,High,Safe,Lifestyle
3710,Study,Bookshop,11,7.3,48.4,59.5,2,1294.0,3.6,0,16,Low,Critical,Survival
402,Transport,Bookshop,9,39.4,62.6,74.5,26,949.0,13.1,0,11,Medium,Safe,Leakage
3455,Entertainment,Stationery,4,17.1,66.4,101.4,7,2189.0,18.9,1,17,Medium,Safe,Survival
4418,Other,Bookshop,4,16.5,43.4,100.8,6,1052.0,21.6,0,15,Low,Safe,Survival
4696,Study,Snack_Bar,9,31.7,55.6,143.0,1,2928.0,19.4,1,14,Medium,Safe,Lifestyle
966,Entertainment,Bookshop,8,10.1,81.8,130.1,15,2515.0,3.6,0,11,Medium,Critical,Lifestyle
4589,Other,Snack_Bar,2,70.4,79.6,121.2,27,3094.0,9.1,1,14,Medium,Warning,Lifestyle
2527,Other,Bookshop,8,12.0,86.4,143.2,12,722.0,22.0,0,8,High,Safe,Lifestyle
3131,Study,Bookshop,1,24.3,52.2,42.3,13,3876.0,26.4,1,12,Medium,Safe,Survival
397,Study,Bookshop,9,13.8,47.9,96.4,8,500.0,1.4,1,8,Low,Critical,Leakage
2130,Transport,Pharmacy,9,11.0,83.4,134.2,9,1639.0,1.3,1,13,Medium,Critical,Lifestyle
3782,Entertainment,Pharmacy,8,30.4,25.9,97.4,1,2879.0,19.3,0,13,Low,Safe,Survival
808,Entertainment,Bookshop,11,59.3,40.4,146.8,5,658.0,16.4,0,18,Low,Safe,Lifestyle
3472,Study,Snack_Bar,5,96.6,15.1,24.0,7,792.0,4.7,0,7,Low,Warning,Survival
1347,Other,Stationery,5,88.2,18.7,71.5,18,768.0,16.4,1,19,Low,Safe,Survival
4482,Study,Canteen,3,88.2,39.2,146.8,22,2535.0,29.2,1,10,Low,Safe,Lifestyle
3597,Other,Pharmacy,5,21.7,12.3,63.1,8,3636.0,18.9,1,18,Low,Safe,Survival
2711,Other,Bookshop,4,30.2,39.4,113.5,24,2444.0,13.5,0,18,Low,Safe,Survival
1994,Study,Canteen,1,12.3,88.6,14.3,26,2612.0,24.8,0,8,High,Safe,Lifestyle
859,Food,Pharmacy,9,79.0,17.3,107.3,10,1711.0,6.4,1,19,Low,Warning,Survival
3011,Entertainment,Stationery,10,11.6,62.4,140.8,29,566.0,12.4,0,9,Medium,Safe,Lifestyle
1569,Other,Snack_Bar,4,57.9,119.6,63.6,8,576.0,15.8,1,15,High,Safe,Lifestyle
2186,Other,Bookshop,3,28.5,105.0,13.0,12,3609.0,15.1,0,11,High,Safe,Lifestyle
346,Food,Stationery,6,28.1,46.7,13.9,16,859.0,27.6,1,11,Low,Safe,Leakage
3419,Transport,Pharmacy,1,99.1,121.0,134.9,12,3999.0,8.8,1,7,High,Warning,Lifestyle
3111,Food,Bookshop,5,76.9,49.6,111.2,22,1075.0,1.7,1,7,Low,Critical,Survival
1934,Food,Canteen,7,84.5,18.7,24.9,22,2861.0,27.5,0,8,Low,Safe,Survival
2043,Other,Snack_Bar,2,59.3,129.3,17.6,27,3821.0,6.5,0,9,High,Warning,Lifestyle
688,Entertainment,Pharmacy,10,87.7,114.4,122.7,3,1768.0,11.4,1,9,High,Safe,Leakage
3176,Food,Snack_Bar,9,66.3,65.9,123.4,18,3071.0,15.9,0,16,Medium,Safe,Lifestyle
2159,Transport,Bookshop,6,94.9,90.0,26.9,5,1728.0,29.3,0,8,High,Safe,Lifestyle
2585,Study,Stationery,2,31.7,90.5,52.2,14,1567.0,16.1,1,22,High,Safe,Lifestyle
3119,Food,Snack_Bar,8,61.6,33.3,119.2,25,1206.0,13.4,0,14,Low,Safe,Lifestyle
4936,Food,Canteen,8,70.6,34.0,83.6,20,3373.0,17.5,0,19,Low,Safe,Survival
2002,Transport,Pharmacy,1,42.3,66.3,143.9,21,1401.0,29.1,0,7,Medium,Safe,Lifestyle
4261,Entertainment,Canteen,1,88.6,119.4,77.3,16,1491.0,24.5,0,19,High,Safe,Lifestyle
3569,Food,Snack_Bar,1,98.1,11.2,104.8,22,3996.0,5.1,1,8,Low,Warning,Survival
462,Food,Stationery,4,51.9,103.9,81.4,27,1646.0,24.1,0,7,High,Safe,Lifestyle
823,Entertainment,Stationery,4,42.1,16.9,142.0,6,1980.0,25.2,0,6,Low,Safe,Lifestyle
1216,Transport,Canteen,8,49.8,67.4,65.8,16,3965.0,20.7,0,9,Medium,Safe,Survival
3843,Food,Bookshop,1,86.0,86.5,42.2,20,1793.0,19.7,1,15,High,Safe,Lifestyle
2249,Entertainment,Bookshop,10,66.3,92.4,55.7,14,1782.0,13.2,1,20,High,Safe,Lifestyle
3923,Food,Stationery,3,9.3,17.0,129.4,20,3397.0,19.3,1,17,Low,Safe,Lifestyle
4748,Study,Canteen,11,56.5,60.2,79.7,24,1592.0,22.1,0,11,Medium,Safe,Survival
3308,Other,Canteen,1,6.6,80.1,59.6,5,1318.0,3.7,1,8,Medium,Critical,Survival
4290,Study,Canteen,9,79.0,17.9,86.2,14,1981.0,7.7,0,8,Low,Warning,Survival
2256,Food,Snack_Bar,10,36.2,26.2,28.7,30,2952.0,5.8,1,9,Low,Warning,Survival
3370,Transport,Bookshop,9,49.8,89.6,10.8,11,651.0,25.2,1,19,High,Safe,Lifestyle
1882,Other,Bookshop,7,80.9,72.6,49.3,21,1809.0,20.4,0,9,Medium,Safe,Survival
2455,Study,Snack_Bar,8,9.4,29.4,94.7,9,1712.0,13.5,1,13,Low,Safe,Survival
1354,Entertainment,Pharmacy,1,20.1,74.2,109.6,20,1357.0,24.8,1,6,Medium,Safe,Survival
4699,Transport,Snack_Bar,5,42.8,119.5,125.7,7,2790.0,21.5,1,20,High,Safe,Lifestyle
3391,Study,Canteen,2,26.8,11.9,139.7,5,1515.0,27.4,1,16,Low,Safe,Lifestyle
1896,Entertainment,Snack_Bar,1,37.1,87.1,67.7,29,2624.0,2.3,1,14,High,Critical,Lifestyle
4191,Food,Canteen,3,99.8,18.8,113.7,15,2265.0,15.3,0,8,Low,Safe,Survival
4923,Entertainment,Stationery,7,83.4,10.8,20.5,25,1260.0,21.2,0,21,Low,Safe,Survival
4882,Study,Canteen,1,89.0,28.1,18.1,13,1433.0,6.2,1,21,Low,Warning,Survival
1848,Study,Bookshop,11,94.0,60.7,27.5,12,1097.0,9.8,0,8,Medium,Warning,Survival
1645,Food,Snack_Bar,2,37.4,106.3,72.8,24,698.0,12.6,0,18,High,Safe,Lifestyle
4399,Entertainment,Canteen,2,33.2,43.8,39.6,15,2667.0,23.8,1,13,Low,Safe,Survival
4123,Entertainment,Pharmacy,4,27.2,85.1,50.2,24,2855.0,14.8,1,12,High,Safe,Lifestyle
453,Food,Stationery,3,83.9,59.3,100.7,26,1081.0,14.8,0,17,Medium,Safe,Survival
3383,Entertainment,Pharmacy,3,69.6,38.1,60.2,26,2654.0,12.9,1,20,Low,Safe,Survival
2757,Food,Pharmacy,10,27.4,71.7,88.0,19,3937.0,6.9,0,17,Medium,Warning,Survival
298,Transport,Pharmacy,5,40.8,105.7,67.7,25,760.0,27.7,0,11,High,Safe,Leakage
2400,Study,Stationery,3,53.1,109.9,33.7,24,2216.0,9.5,1,22,High,Warning,Lifestyle
3161,Transport,Stationery,11,55.2,111.6,20.4,19,3066.0,17.0,1,9,High,Safe,Lifestyle
4633,Other,Stationery,7,89.4,50.6,43.1,10,661.0,4.5,0,17,Medium,Warning,Survival
3977,Other,Stationery,5,41.2,105.2,18.1,17,3224.0,13.0,0,22,High,Safe,Lifestyle
3069,Other,Pharmacy,4,91.3,35.5,96.6,16,3928.0,27.1,1,10,Low,Safe,Survival
3434,Food,Bookshop,3,46.9,98.6,121.4,5,810.0,29.9,1,11,High,Safe,Lifestyle
3991,Entertainment,Bookshop,4,75.9,123.8,57.6,29,3378.0,10.9,1,20,High,Safe,Lifestyle
1156,Transport,Stationery,2,93.4,11.6,64.2,4,1825.0,4.6,1,13,Low,Warning,Survival
4267,Transport,Snack_Bar,1,91.2,62.8,124.3,24,1004.0,9.4,1,21,Medium,Warning,Lifestyle
360,Transport,Canteen,3,10.4,87.7,41.2,22,2226.0,9.8,1,18,High,Warning,Lifestyle
4693,Transport,Snack_Bar,11,24.5,94.2,26.7,10,750.0,19.3,0,20,High,Safe,Lifestyle
1500,Other,Snack_Bar,2,50.3,31.1,80.2,21,2327.0,14.9,0,18,Low,Safe,Survival
4187,Transport,Snack_Bar,1,46.0,126.7,100.5,25,568.0,23.1,1,20,High,Safe,Lifestyle
1727,Entertainment,Bookshop,1,65.9,83.8,94.0,6,3050.0,21.0,0,7,Medium,Safe,Survival
1418,Other,Canteen,2,94.7,29.7,109.9,30,2208.0,7.5,0,12,Low,Warning,Survival
4696,Transport,Snack_Bar,9,15.7,12.5,17.9,29,2106.0,23.5,0,14,Low,Safe,Survival
4935,Food,Stationery,5,47.9,104.0,69.9,11,1187.0,25.4,0,12,High,Safe,Lifestyle
3304,Study,Bookshop,9,23.3,19.6,43.4,11,1764.0,18.0,0,14,Low,Safe,Survival
2935,Study,Stationery,8,89.9,26.9,116.3,27,1137.0,27.8,0,17,Low,Safe,Lifestyle
4755,Study,Stationery,11,96.6,79.0,132.2,16,3074.0,23.5,0,15,Medium,Safe,Lifestyle
1154,Other,Snack_Bar,6,50.5,82.4,49.4,14,1197.0,17.9,0,15,Medium,Safe,Survival
4765,Transport,Stationery,1,14.9,92.4,23.3,27,2659.0,27.2,1,18,High,Safe,Lifestyle
3646,Other,Canteen,10,79.6,57.2,45.5,19,1479.0,18.0,1,10,Medium,Safe,Survival
1245,Entertainment,Stationery,5,71.2,102.9,24.6,22,2799.0,15.6,1,13,High,Safe,Lifestyle
1893,Food,Snack_Bar,1,38.7,126.9,55.1,28,2392.0,10.7,1,15,High,Safe,Lifestyle
3636,Food,Stationery,7,89.3,42.5,85.3,27,1982.0,26.5,0,11,Low,Safe,Survival
762,Study,Bookshop,10,97.7,94.4,146.3,28,2856.0,3.7,1,16,High,Critical,Leakage
2685,Study,Bookshop,11,58.0,121.4,65.9,4,1955.0,14.2,1,9,High,Safe,Lifestyle
3554,Study,Bookshop,8,58.7,92.4,40.8,5,3375.0,16.1,0,7,High,Safe,Lifestyle
425,Transport,Pharmacy,8,33.3,91.7,33.4,22,3054.0,16.6,1,11,High,Safe,Leakage
1159,Entertainment,Bookshop,7,60.5,36.9,34.2,25,2392.0,19.6,1,18,Low,Safe,Survival
4748,Entertainment,Bookshop,2,46.8,74.2,37.0,19,3570.0,15.2,0,17,Medium,Safe,Survival
3267,Entertainment,Pharmacy,5,33.7,77.5,116.7,17,3401.0,7.7,1,19,Medium,Warning,Lifestyle
1015,Entertainment,Bookshop,4,11.4,94.0,18.5,18,2361.0,25.7,1,13,High,Safe,Lifestyle
4954,Study,Snack_Bar,5,29.0,129.6,149.6,8,740.0,19.7,0,8,High,Safe,Lifestyle
4842,Food,Bookshop,10,23.8,14.0,83.2,4,2481.0,25.7,0,10,Low,Safe,Survival
3320,Study,Bookshop,9,56.5,17.8,86.2,23,1743.0,8.3,1,12,Low,Warning,Survival
216,Entertainment,Pharmacy,4,62.2,19.4,60.1,18,2390.0,19.1,1,11,Low,Safe,Survival
1443,Study,Snack_Bar,8,62.8,99.2,106.6,28,2765.0,21.4,1,13,High,Safe,Lifestyle
2405,Entertainment,Stationery,8,41.9,26.4,76.0,11,2757.0,11.5,0,12,Low,Safe,Survival
2724,Other,Canteen,2,45.0,84.7,56.1,26,2857.0,24.4,1,7,Medium,Safe,Survival
1269,Food,Snack_Bar,6,84.3,49.0,47.1,14,2877.0,0.1,1,9,Low,Critical,Survival
3644,Other,Stationery,5,50.2,64.9,139.6,13,882.0,17.8,1,14,Medium,Safe,Lifestyle
2765,Transport,Snack_Bar,2,98.8,35.9,50.7,24,1171.0,18.4,1,21,Low,Safe,Survival
1260,Study,Stationery,10,46.8,113.9,71.1,26,2707.0,16.0,0,15,High,Safe,Lifestyle
2527,Transport,Stationery,4,66.7,80.3,59.0,16,1929.0,18.9,0,13,Medium,Safe,Survival
3620,Study,Snack_Bar,7,9.8,123.3,22.1,28,3170.0,5.0,1,21,High,Warning,Lifestyle
501,Other,Pharmacy,1,67.1,79.0,36.0,30,937.0,20.5,1,13,Medium,Safe,Survival
4476,Entertainment,Snack_Bar,9,85.9,24.9,36.5,12,1170.0,10.1,0,9,Low,Safe,Survival
806,Entertainment,Snack_Bar,10,94.5,30.5,107.1,9,2455.0,13.6,0,18,Low,Safe,Survival
3370,Study,Stationery,1,99.7,128.7,66.9,7,2253.0,10.0,0,15,High,Warning,Lifestyle
899,Entertainment,Canteen,5,31.8,97.1,119.5,10,1432.0,14.2,0,14,High,Safe,Lifestyle
1339,Other,Stationery,7,59.7,15.9,109.3,29,1929.0,18.6,1,17,Low,Safe,Survival
390,Entertainment,Bookshop,8,47.8,94.5,36.9,27,622.0,25.2,0,20,High,Safe,Leakage
2500,Other,Snack_Bar,2,58.6,59.5,88.8,17,630.0,14.5,0,6,Medium,Safe,Survival
1180,Transport,Snack_Bar,4,20.0,46.9,114.0,18,832.0,9.7,1,17,Low,Warning,Survival
3175,Other,Pharmacy,2,86.3,28.5,98.6,25,2519.0,14.6,1,19,Low,Safe,Survival
1384,Food,Stationery,4,91.4,110.8,94.0,26,3523.0,20.7,1,7,High,Safe,Lifestyle
3527,Food,Pharmacy,6,47.7,17.7,113.5,7,1411.0,10.4,1,8,Low,Safe,Survival
3594,Food,Snack_Bar,6,31.6,44.8,17.9,27,619.0,12.4,1,11,Low,Safe,Survival
327,Study,Stationery,2,18.4,46.8,112.4,3,2980.0,16.9,1,18,Low,Safe,Survival
2265,Study,Stationery,11,70.0,29.3,48.2,15,3494.0,8.8,1,13,Low,Warning,Survival
2016,Study,Bookshop,4,34.7,71.0,90.1,16,984.0,6.3,0,9,Medium,Warning,Survival
769,Other,Bookshop,4,91.4,11.4,43.9,21,1850.0,4.2,0,12,Low,Warning,Survival
2095,Study,Canteen,1,68.7,46.1,127.4,17,1056.0,10.6,1,12,Low,Safe,Lifestyle
2933,Transport,Bookshop,2,66.3,122.0,77.3,13,872.0,1.5,0,6,High,Critical,Lifestyle
4063,Food,Stationery,3,58.1,47.3,100.0,26,2769.0,17.5,0,22,Low,Safe,Survival
4921,Other,Bookshop,11,9.3,53.3,121.2,3,3886.0,5.3,1,13,Medium,Warning,Lifestyle
4214,Food,Canteen,5,93.5,66.8,135.3,27,2874.0,11.3,0,20,Medium,Safe,Lifestyle
3101,Study,Snack_Bar,11,64.7,77.4,112.5,20,3947.0,8.1,0,12,Medium,Warning,Survival
1886,Other,Bookshop,8,99.4,107.0,30.8,20,2020.0,18.9,0,18,High,Safe,Lifestyle
3209,Entertainment,Stationery,6,56.0,32.8,129.6,23,3643.0,25.5,0,6,Low,Safe,Lifestyle
354,Transport,Snack_Bar,3,72.5,114.6,96.6,5,1218.0,19.0,1,12,High,Safe,Lifestyle
2737,Study,Stationery,6,10.3,100.9,95.3,9,913.0,16.3,0,10,High,Safe,Lifestyle
1609,Study,Snack_Bar,7,65.0,96.7,139.0,23,2959.0,20.1,0,13,High,Safe,Lifestyle
4257,Transport,Stationery,6,77.6,20.4,44.8,18,1800.0,0.9,1,20,Low,Critical,Survival
984,Transport,Bookshop,10,79.0,12.6,43.5,29,1612.0,3.7,0,11,Low,Critical,Survival
3375,Entertainment,Bookshop,6,78.2,81.3,81.8,11,2849.0,2.8,1,10,Medium,Critical,Survival
4541,Study,Canteen,1,26.5,113.6,115.1,11,1667.0,2.9,0,16,High,Critical,Lifestyle
3006,Study,Snack_Bar,3,97.7,80.1,72.6,16,2504.0,7.8,0,13,Medium,Warning,Survival
737,Food,Canteen,7,99.5,35.6,98.7,8,1548.0,16.0,1,14,Low,Safe,Leakage
2041,Other,Pharmacy,4,12.2,20.9,73.4,27,3243.0,3.4,1,18,Low,Critical,Survival
2655,Other,Bookshop,4,94.0,94.0,95.5,2,1593.0,28.1,1,8,High,Safe,Lifestyle
724,Food,Snack_Bar,7,32.5,96.6,125.1,23,2372.0,25.6,0,8,High,Safe,Leakage
3150,Other,Canteen,9,70.5,30.7,35.3,21,581.0,29.1,1,12,Low,Safe,Survival
4331,Transport,Canteen,11,37.1,13.4,107.4,10,3271.0,1.3,1,8,Low,Critical,Survival
4980,Other,Pharmacy,2,96.9,59.0,120.2,6,2671.0,25.5,0,16,Medium,Safe,Lifestyle
4315,Other,Canteen,9,14.6,79.9,72.6,27,1173.0,24.1,1,19,Medium,Safe,Survival
2568,Food,Stationery,3,52.3,94.7,55.3,4,1254.0,27.1,0,15,High,Safe,Lifestyle
4047,Entertainment,Bookshop,6,45.7,107.2,11.9,21,1419.0,15.8,0,14,High,Safe,Lifestyle
4695,Other,Canteen,4,36.0,83.3,121.6,28,2518.0,23.6,1,17,Medium,Safe,Lifestyle
2901,Other,Canteen,1,66.3,23.3,55.9,5,2419.0,1.5,1,13,Low,Critical,Survival
1171,Entertainment,Pharmacy,9,17.5,91.9,60.0,23,1459.0,2.3,0,17,High,Critical,Lifestyle
1366,Food,Stationery,11,73.1,128.1,57.0,11,2929.0,3.6,1,14,High,Critical,Lifestyle
2974,Entertainment,Canteen,6,98.2,118.7,79.8,12,3612.0,27.4,0,22,High,Safe,Lifestyle
2182,Food,Bookshop,8,81.4,114.6,108.3,16,652.0,1.8,1,16,High,Critical,Lifestyle
1053,Transport,Bookshop,2,86.7,46.3,118.1,20,1960.0,3.0,1,7,Low,Critical,Lifestyle
4346,Food,Canteen,7,39.2,100.1,65.0,21,2577.0,27.9,0,19,High,Safe,Lifestyle
3936,Transport,Stationery,6,35.9,112.1,102.8,14,2553.0,3.2,0,8,High,Critical,Lifestyle
3969,Transport,Bookshop,2,54.1,91.4,110.9,14,568.0,26.1,1,11,High,Safe,Lifestyle
774,Food,Bookshop,2,9.3,40.1,51.6,20,1237.0,23.7,0,9,Low,Safe,Survival
3461,Study,Stationery,4,94.8,124.5,23.5,20,716.0,1.2,1,17,High,Critical,Lifestyle
1348,Food,Stationery,4,18.7,64.1,135.3,15,2491.0,0.7,1,7,Medium,Critical,Lifestyle
1915,Other,Canteen,3,90.8,25.6,104.8,8,2759.0,16.0,0,11,Low,Safe,Survival
4977,Other,Snack_Bar,8,12.9,23.2,100.7,27,1059.0,29.9,0,10,Low,Safe,Survival
4054,Study,Pharmacy,7,83.1,87.7,18.2,5,1666.0,26.4,0,10,High,Safe,Lifestyle
2691,Transport,Snack_Bar,2,19.4,62.5,124.5,29,1654.0,9.3,1,13,Medium,Warning,Lifestyle
2860,Study,Snack_Bar,3,8.6,21.3,89.2,9,3369.0,11.6,1,10,Low,Safe,Survival
3324,Other,Bookshop,10,73.4,98.8,128.7,21,1181.0,11.6,0,13,High,Safe,Lifestyle
3251,Study,Stationery,9,31.6,105.9,146.4,16,2419.0,22.0,0,6,High,Safe,Lifestyle
204,Food,Bookshop,5,72.9,97.0,144.0,24,3240.0,10.2,1,14,High,Safe,Leakage
1076,Study,Pharmacy,2,57.7,34.3,129.9,3,3404.0,4.4,1,19,Low,Warning,Lifestyle
1191,Transport,Canteen,3,15.3,92.8,11.5,12,2833.0,22.4,0,7,High,Safe,Lifestyle
4342,Food,Pharmacy,8,93.6,11.3,134.0,7,1548.0,13.7,0,16,Low,Safe,Lifestyle
4564,Entertainment,Bookshop,4,48.0,46.6,20.5,17,3381.0,2.3,1,9,Low,Critical,Survival
4665,Other,Bookshop,2,74.8,57.9,129.2,15,3098.0,23.7,1,9,Medium,Safe,Lifestyle
835,Other,Bookshop,2,52.6,110.2,49.2,15,2966.0,17.6,0,22,High,Safe,Lifestyle
1893,Study,Bookshop,6,62.4,56.8,95.4,12,736.0,14.7,1,21,Medium,Safe,Survival
1882,Food,Snack_Bar,8,33.8,11.4,15.3,21,651.0,20.2,1,12,Low,Safe,Survival
4952,Entertainment,Canteen,7,24.0,52.3,118.0,2,2934.0,15.2,1,17,Medium,Safe,Lifestyle
319,Food,Snack_Bar,4,56.5,69.9,25.6,8,3807.0,19.5,0,22,Medium,Safe,Survival
1030,Other,Bookshop,2,46.8,123.9,67.5,28,3208.0,26.0,1,10,High,Safe,Lifestyle
3875,Food,Stationery,9,42.1,122.9,124.4,22,3410.0,18.4,0,13,High,Safe,Lifestyle
1569,Entertainment,Snack_Bar,4,68.9,31.7,107.3,5,2407.0,19.8,1,10,Low,Safe,Survival
940,Study,Bookshop,9,70.6,32.2,10.8,30,1566.0,18.4,1,16,Low,Safe,Survival
316,Transport,Bookshop,5,9.4,29.6,66.4,3,2872.0,15.9,0,9,Low,Safe,Leakage
3038,Food,Canteen,11,37.2,104.7,15.9,30,2992.0,5.2,0,16,High,Warning,Lifestyle
1350,Transport,Pharmacy,11,44.1,10.7,104.3,29,2864.0,10.1,1,10,Low,Safe,Survival
2131,Other,Snack_Bar,7,14.2,25.3,145.7,1,3813.0,20.8,0,7,Low,Safe,Lifestyle
1212,Study,Snack_Bar,5,27.4,74.6,101.7,30,1785.0,12.8,0,22,Medium,Safe,Survival
1864,Study,Snack_Bar,2,9.9,39.7,41.4,16,639.0,12.2,0,20,Low,Safe,Survival
1281,Food,Bookshop,6,99.6,21.1,59.7,10,3680.0,22.8,1,21,Low,Safe,Survival
4929,Study,Canteen,7,75.0,53.2,146.7,26,1062.0,0.2,0,17,Medium,Critical,Lifestyle
712,Food,Bookshop,11,13.3,42.9,41.4,10,2941.0,20.4,1,13,Low,Safe,Leakage
3049,Food,Bookshop,6,6.9,71.3,88.6,30,3556.0,14.7,0,11,Medium,Safe,Survival
759,Transport,Stationery,3,73.3,127.5,66.1,11,1585.0,11.3,0,16,High,Safe,Lifestyle
3872,Study,Canteen,10,46.7,24.9,117.6,26,3406.0,10.2,1,11,Low,Safe,Lifestyle
4783,Food,Snack_Bar,8,79.7,54.7,131.4,12,1662.0,5.2,1,22,Medium,Warning,Lifestyle
3543,Transport,Pharmacy,3,92.7,121.8,57.7,8,3280.0,10.0,0,15,High,Warning,Lifestyle
4270,Entertainment,Snack_Bar,5,61.9,115.2,102.5,27,744.0,11.7,1,20,High,Safe,Lifestyle
4999,Transport,Bookshop,9,22.8,57.3,86.9,5,2793.0,13.1,1,21,Medium,Safe,Survival
1670,Transport,Canteen,11,79.3,93.9,49.0,9,2870.0,20.2,0,22,High,Safe,Lifestyle
780,Food,Canteen,5,95.8,20.5,48.1,11,2220.0,13.6,0,12,Low,Safe,Leakage
2494,Other,Canteen,7,60.1,95.5,85.4,15,2905.0,23.9,1,13,High,Safe,Lifestyle
3347,Other,Stationery,11,69.8,126.7,31.6,23,3731.0,19.2,0,13,High,Safe,Lifestyle
4449,Other,Snack_Bar,7,37.1,74.5,123.5,17,3068.0,5.7,1,10,Medium,Warning,Lifestyle
1879,Transport,Stationery,5,41.2,69.8,19.7,11,3865.0,8.3,1,16,Medium,Warning,Survival
3706,Food,Pharmacy,2,74.8,32.5,23.2,13,2070.0,2.4,1,7,Low,Critical,Survival
2944,Study,Bookshop,5,93.1,86.1,57.9,17,2349.0,28.4,0,9,High,Safe,Lifestyle
3556,Transport,Stationery,7,64.8,80.9,26.5,23,1423.0,26.6,1,17,Medium,Safe,Survival
4245,Transport,Stationery,7,80.0,88.2,76.6,27,3950.0,2.5,0,9,High,Critical,Lifestyle
1443,Food,Bookshop,4,21.3,13.1,66.0,7,693.0,17.2,1,10,Low,Safe,Survival
3318,Entertainment,Canteen,1,25.1,75.8,111.1,9,1755.0,28.8,1,22,Medium,Safe,Survival
2341,Transport,Bookshop,6,55.5,81.4,143.4,18,1542.0,22.4,1,15,Medium,Safe,Lifestyle
3259,Entertainment,Snack_Bar,3,21.8,34.9,115.5,23,1853.0,14.8,0,19,Low,Safe,Lifestyle
4748,Entertainment,Bookshop,11,65.3,35.0,35.1,18,3712.0,7.2,0,20,Low,Warning,Survival
3159,Other,Canteen,5,32.7,43.1,141.0,30,1788.0,8.4,1,19,Low,Warning,Lifestyle
2465,Food,Bookshop,4,80.2,95.4,64.9,10,3709.0,22.1,1,21,High,Safe,Lifestyle
2679,Entertainment,Stationery,2,81.8,82.8,76.4,12,1982.0,23.4,0,13,Medium,Safe,Survival
4846,Food,Pharmacy,7,49.1,111.5,69.0,26,3492.0,15.9,1,14,High,Safe,Lifestyle
1835,Other,Stationery,5,22.2,45.5,49.3,18,2326.0,3.6,0,13,Low,Critical,Survival
1957,Food,Pharmacy,7,66.4,119.4,135.3,21,1590.0,28.0,1,16,High,Safe,Lifestyle
4652,Transport,Bookshop,9,99.3,99.2,56.5,9,2073.0,25.3,1,17,High,Safe,Lifestyle
2270,Entertainment,Snack_Bar,4,64.1,57.4,91.0,9,1985.0,4.2,0,19,Medium,Warning,Survival
3049,Food,Bookshop,5,8.4,21.4,43.6,10,1410.0,1.7,0,17,Low,Critical,Survival
3451,Study,Canteen,9,6.6,40.8,121.6,1,1514.0,16.1,0,9,Low,Safe,Lifestyle
3930,Food,Bookshop,10,35.4,124.8,118.4,11,1153.0,8.5,1,18,High,Warning,Lifestyle
2689,Entertainment,Pharmacy,11,23.6,47.2,51.5,14,1676.0,8.5,1,21,Low,Warning,Survival
1831,Other,Stationery,4,82.2,49.6,105.4,23,2685.0,2.6,0,15,Low,Critical,Survival
3016,Other,Snack_Bar,5,85.3,32.8,108.5,26,1853.0,28.6,1,16,Low,Safe,Survival
1215,Entertainment,Bookshop,5,29.6,106.8,88.8,30,2993.0,24.9,1,17,High,Safe,Lifestyle
1548,Transport,Bookshop,8,35.9,43.1,94.1,10,3954.0,3.4,1,7,Low,Critical,Survival
4811,Transport,Stationery,4,27.4,49.6,90.4,28,1820.0,26.3,0,10,Low,Safe,Survival
3287,Other,Snack_Bar,4,91.3,59.7,21.5,14,2119.0,20.5,0,15,Medium,Safe,Survival
3039,Other,Bookshop,7,52.8,62.0,103.8,19,1074.0,9.8,1,21,Medium,Warning,Survival
535,Entertainment,Bookshop,11,67.3,59.4,75.8,26,1873.0,26.1,1,17,Medium,Safe,Leakage
4792,Transport,Pharmacy,5,44.5,70.4,71.4,10,3044.0,17.9,1,14,Medium,Safe,Survival
1095,Other,Pharmacy,6,64.9,107.7,130.4,17,1261.0,25.5,0,8,High,Safe,Lifestyle
3746,Transport,Canteen,6,41.7,108.3,13.3,2,1137.0,14.1,0,6,High,Safe,Lifestyle
1051,Other,Stationery,6,37.3,105.8,45.2,22,1817.0,15.0,0,10,High,Safe,Lifestyle
1887,Food,Snack_Bar,10,65.3,22.1,27.0,14,3365.0,8.7,0,13,Low,Warning,Survival
2131,Study,Bookshop,5,61.2,106.0,14.9,26,2683.0,11.6,0,22,High,Safe,Lifestyle
3946,Food,Bookshop,5,32.9,24.4,48.6,18,3852.0,17.0,1,6,Low,Safe,Survival
2627,Other,Canteen,9,19.2,25.0,148.4,2,3666.0,28.4,1,18,Low,Safe,Lifestyle
1768,Study,Bookshop,8,40.0,123.7,47.8,20,1029.0,18.0,0,11,High,Safe,Lifestyle
4200,Study,Stationery,4,44.4,108.3,102.9,19,649.0,4.4,0,20,High,Warning,Lifestyle
2938,Other,Canteen,7,64.7,76.3,26.6,24,1897.0,0.2,0,12,Medium,Critical,Survival
3698,Other,Stationery,8,91.9,115.0,94.3,8,2327.0,25.5,0,13,High,Safe,Lifestyle
4113,Transport,Canteen,9,8.4,128.7,147.8,6,2304.0,10.9,1,8,High,Safe,Lifestyle
1266,Other,Bookshop,5,28.1,83.3,50.9,20,969.0,9.4,1,20,Medium,Warning,Survival
4580,Entertainment,Canteen,3,23.4,83.5,128.7,7,937.0,24.0,1,9,Medium,Safe,Lifestyle
2644,Other,Pharmacy,4,52.7,100.5,149.7,25,664.0,28.4,1,14,High,Safe,Lifestyle
4307,Entertainment,Snack_Bar,10,45.8,37.9,92.4,13,3478.0,22.4,0,16,Low,Safe,Survival
3573,Other,Bookshop,6,74.3,30.1,53.3,2,3817.0,5.2,0,19,Low,Warning,Survival
4169,Transport,Snack_Bar,10,28.0,101.1,104.3,22,905.0,11.7,0,14,High,Safe,Lifestyle
2746,Entertainment,Bookshop,11,61.5,51.4,128.3,7,1246.0,22.8,1,17,Medium,Safe,Lifestyle
953,Food,Snack_Bar,5,89.0,26.2,34.0,1,815.0,27.2,1,10,Low,Safe,Survival
2282,Entertainment,Pharmacy,9,91.5,47.8,73.4,6,3571.0,30.0,1,11,Low,Safe,Survival
2974,Transport,Snack_Bar,11,96.1,53.0,54.7,16,3855.0,15.3,1,10,Medium,Safe,Survival
3096,Entertainment,Canteen,11,78.5,125.8,49.7,8,1416.0,24.7,1,6,High,Safe,Lifestyle
4385,Other,Snack_Bar,3,91.1,93.8,130.5,13,1563.0,1.4,0,15,High,Critical,Lifestyle
975,Other,Bookshop,2,27.3,73.7,69.0,23,1769.0,8.6,1,19,Medium,Warning,Survival
1825,Transport,Stationery,6,23.8,126.3,57.5,18,2259.0,11.1,1,22,High,Safe,Lifestyle
3269,Study,Snack_Bar,7,5.6,118.4,94.5,14,2889.0,29.3,1,16,High,Safe,Lifestyle
617,Other,Snack_Bar,5,72.2,71.4,40.7,18,2265.0,0.1,0,9,Medium,Critical,Leakage
314,Food,Snack_Bar,1,94.1,118.7,42.2,29,3829.0,9.2,1,9,High,Warning,Lifestyle
816,Transport,Bookshop,3,22.8,58.5,82.8,4,850.0,27.9,1,17,Medium,Safe,Survival
4174,Entertainment,Snack_Bar,3,65.5,37.7,67.3,15,3295.0,9.2,0,19,Low,Warning,Survival
3467,Entertainment,Bookshop,4,75.9,37.9,51.3,5,1671.0,6.8,0,6,Low,Warning,Survival
1025,Food,Bookshop,10,93.1,89.5,17.6,21,1821.0,21.9,0,16,High,Safe,Lifestyle
1716,Other,Stationery,6,66.5,70.1,82.9,14,2981.0,22.4,1,6,Medium,Safe,Survival
3346,Transport,Canteen,5,97.2,89.1,124.3,16,3753.0,14.2,1,6,High,Safe,Lifestyle
612,Food,Bookshop,1,37.7,92.3,129.2,15,3007.0,28.4,1,8,High,Safe,Lifestyle
928,Other,Pharmacy,6,38.2,12.7,43.0,11,3216.0,6.1,1,19,Low,Warning,Survival
3548,Transport,Snack_Bar,9,56.6,16.5,93.9,2,3128.0,27.4,0,13,Low,Safe,Survival
3008,Entertainment,Pharmacy,11,41.4,73.9,129.8,23,1623.0,22.7,0,20,Medium,Safe,Lifestyle
875,Transport,Snack_Bar,1,5.1,32.9,67.2,24,3149.0,11.0,0,9,Low,Safe,Survival
3665,Study,Stationery,8,74.5,85.9,140.5,30,3246.0,24.2,0,16,High,Safe,Lifestyle
2704,Transport,Bookshop,8,76.4,76.3,136.4,18,2367.0,4.0,1,13,Medium,Critical,Lifestyle
3167,Study,Canteen,3,76.0,80.3,39.1,4,2379.0,3.9,0,12,Medium,Critical,Survival
2986,Transport,Bookshop,9,37.8,46.3,46.3,15,3159.0,27.9,1,7,Low,Safe,Survival
1322,Study,Snack_Bar,11,54.6,86.8,35.3,12,3360.0,2.8,1,13,High,Critical,Lifestyle
4279,Entertainment,Canteen,11,39.2,109.5,37.4,27,1680.0,0.1,0,14,High,Critical,Lifestyle
1771,Other,Bookshop,8,6.5,129.8,137.1,27,3305.0,11.7,1,21,High,Safe,Lifestyle
2343,Study,Canteen,3,58.4,110.6,140.4,3,3350.0,3.1,1,13,High,Critical,Lifestyle
1887,Study,Snack_Bar,10,16.8,76.9,17.3,4,1319.0,25.9,1,13,Medium,Safe,Survival
4332,Entertainment,Stationery,5,12.6,33.2,93.1,21,3009.0,27.7,0,16,Low,Safe,Survival
4051,Study,Stationery,3,76.8,91.8,89.0,16,1153.0,14.5,1,12,High,Safe,Lifestyle
3640,Food,Bookshop,5,5.9,122.5,64.7,6,826.0,12.8,1,7,High,Safe,Lifestyle
3966,Entertainment,Pharmacy,9,96.1,35.4,98.4,2,2511.0,16.2,1,10,Low,Safe,Survival
2526,Food,Snack_Bar,4,53.9,40.7,142.6,26,3680.0,6.8,0,16,Low,Warning,Lifestyle
3114,Entertainment,Bookshop,6,98.4,27.9,33.8,22,624.0,8.9,1,22,Low,Warning,Survival
4152,Study,Bookshop,3,10.5,98.4,26.9,9,3393.0,3.0,1,11,High,Critical,Lifestyle
795,Food,Stationery,3,60.4,58.8,14.7,12,2273.0,13.4,1,18,Medium,Safe,Survival
928,Study,Canteen,5,38.2,17.5,60.9,12,3513.0,18.4,0,12,Low,Safe,Survival
1565,Entertainment,Snack_Bar,8,85.1,115.0,57.3,27,3452.0,27.9,0,16,High,Safe,Lifestyle
4692,Study,Canteen,8,39.3,76.9,70.3,24,3564.0,22.2,0,11,Medium,Safe,Survival
898,Food,Snack_Bar,3,29.7,49.7,80.5,14,3191.0,21.7,1,17,Low,Safe,Survival
595,Food,Pharmacy,8,86.5,51.3,116.1,17,3450.0,9.2,1,8,Medium,Warning,Leakage
4371,Study,Stationery,11,40.6,44.8,64.9,9,1116.0,26.6,1,16,Low,Safe,Survival
4560,Transport,Pharmacy,8,6.6,64.7,56.3,12,1563.0,28.4,1,7,Medium,Safe,Survival
2702,Entertainment,Bookshop,3,42.1,50.4,125.8,27,1349.0,28.0,1,8,Medium,Safe,Lifestyle
2019,Entertainment,Stationery,10,67.2,75.8,129.0,10,3098.0,1.2,0,22,Medium,Critical,Lifestyle
917,Study,Bookshop,10,29.2,102.8,42.6,11,1038.0,18.1,0,10,High,Safe,Lifestyle
2982,Transport,Pharmacy,2,46.0,90.9,54.1,2,1138.0,19.3,1,7,High,Safe,Lifestyle
3777,Food,Snack_Bar,10,10.4,45.3,125.5,28,3576.0,8.9,0,17,Low,Warning,Lifestyle
343,Other,Bookshop,2,60.9,73.4,21.1,16,2971.0,29.8,0,10,Medium,Safe,Survival
3340,Other,Canteen,9,76.8,110.8,55.6,27,3564.0,8.7,1,18,High,Warning,Lifestyle
4691,Study,Snack_Bar,7,44.3,18.2,72.8,1,988.0,6.5,1,12,Low,Warning,Survival
3138,Transport,Snack_Bar,6,44.9,19.4,36.2,22,1896.0,14.5,0,16,Low,Safe,Survival
3836,Transport,Pharmacy,7,13.4,76.7,35.2,29,1491.0,9.7,0,10,Medium,Warning,Survival
3422,Entertainment,Pharmacy,8,24.2,86.7,69.5,1,534.0,27.7,1,11,High,Safe,Lifestyle
1367,Food,Stationery,1,19.7,35.4,115.6,22,1496.0,13.2,1,8,Low,Safe,Lifestyle
2816,Transport,Stationery,8,50.8,99.4,127.6,2,1829.0,12.3,1,11,High,Safe,Lifestyle
1262,Other,Canteen,3,55.3,87.6,147.1,12,823.0,18.8,0,21,High,Safe,Lifestyle
2356,Food,Snack_Bar,3,95.1,120.8,20.4,27,2483.0,2.4,0,8,High,Critical,Lifestyle
3182,Food,Canteen,6,12.0,30.3,40.3,23,1841.0,22.7,1,9,Low,Safe,Survival
3494,Study,Canteen,4,62.0,100.2,115.9,23,663.0,23.1,1,10,High,Safe,Lifestyle
4929,Transport,Pharmacy,4,55.0,20.0,85.7,28,2964.0,14.2,1,14,Low,Safe,Survival
1356,Study,Canteen,4,54.0,77.8,55.9,20,3052.0,28.7,1,9,Medium,Safe,Survival
932,Transport,Canteen,10,88.0,76.2,38.8,18,3421.0,17.4,1,6,Medium,Safe,Survival
4530,Entertainment,Bookshop,9,24.5,56.6,49.3,12,2199.0,20.9,0,16,Medium,Safe,Survival
1153,Study,Stationery,8,8.9,111.3,70.1,27,3890.0,27.7,0,10,High,Safe,Lifestyle
2739,Study,Stationery,3,68.9,10.5,34.8,23,3699.0,20.0,1,15,Low,Safe,Survival
3524,Other,Snack_Bar,1,37.8,72.4,145.0,1,2430.0,13.0,1,8,Medium,Safe,Lifestyle
3501,Study,Stationery,1,6.7,36.1,25.1,28,2057.0,0.7,1,20,Low,Critical,Survival
1742,Transport,Snack_Bar,1,28.9,99.2,148.0,27,511.0,21.8,0,19,High,Safe,Lifestyle
1391,Other,Bookshop,4,34.4,15.2,127.9,11,2988.0,28.9,1,10,Low,Safe,Lifestyle
3193,Study,Stationery,6,63.6,109.8,69.2,2,2477.0,14.1,0,13,High,Safe,Lifestyle
2881,Study,Bookshop,4,21.4,110.6,113.6,12,3781.0,10.2,0,22,High,Safe,Lifestyle
1417,Entertainment,Stationery,11,44.2,109.9,104.0,2,2580.0,15.6,1,9,High,Safe,Lifestyle
1740,Study,Stationery,11,50.8,28.3,39.9,17,3975.0,21.9,1,7,Low,Safe,Survival
3436,Food,Bookshop,3,48.6,85.6,57.5,25,3488.0,0.0,1,7,High,Critical,Lifestyle
2586,Other,Canteen,8,97.5,11.7,81.8,6,3838.0,26.6,1,7,Low,Safe,Survival
3919,Food,Canteen,8,9.3,111.8,99.3,16,1647.0,26.6,1,8,High,Safe,Lifestyle
1588,Other,Canteen,6,95.3,96.8,86.0,19,1023.0,16.2,0,14,High,Safe,Lifestyle
2056,Entertainment,Canteen,9,60.3,73.7,76.2,28,3289.0,3.7,0,10,Medium,Critical,Survival
1565,Study,Stationery,10,80.6,97.7,72.0,6,3252.0,20.2,1,20,High,Safe,Lifestyle
699,Study,Pharmacy,1,45.9,21.3,79.8,7,1240.0,4.1,1,9,Low,Warning,Survival
1880,Study,Bookshop,8,48.1,73.4,70.8,19,3177.0,15.2,1,8,Medium,Safe,Survival
710,Other,Pharmacy,6,88.5,45.0,85.8,20,2537.0,2.8,1,14,Low,Critical,Leakage
4512,Study,Pharmacy,1,90.1,126.7,134.3,26,883.0,17.7,1,15,High,Safe,Lifestyle
1524,Food,Snack_Bar,4,27.7,112.9,98.6,17,2256.0,9.5,0,22,High,Warning,Lifestyle
1355,Study,Canteen,5,23.9,98.0,111.2,6,3759.0,24.9,0,13,High,Safe,Lifestyle
2027,Entertainment,Stationery,7,52.1,122.0,93.6,15,2273.0,24.0,0,10,High,Safe,Lifestyle
3341,Food,Canteen,8,90.5,51.6,100.0,22,3260.0,30.0,0,16,Medium,Safe,Survival
3686,Study,Canteen,9,35.6,118.1,91.0,9,601.0,7.7,1,9,High,Warning,Lifestyle
2010,Study,Pharmacy,6,66.9,49.0,13.8,2,3048.0,1.9,1,9,Low,Critical,Survival
3123,Transport,Snack_Bar,10,72.3,97.9,149.9,5,3814.0,13.3,1,20,High,Safe,Lifestyle
2414,Other,Canteen,9,79.0,98.4,14.7,21,2248.0,2.5,0,13,High,Critical,Lifestyle
4386,Food,Bookshop,4,58.6,12.2,65.3,23,1682.0,5.4,0,18,Low,Warning,Survival
913,Transport,Bookshop,8,43.2,53.3,24.7,5,2763.0,17.9,1,17,Medium,Safe,Survival
3802,Entertainment,Canteen,3,96.9,12.3,23.6,12,3707.0,17.8,0,7,Low,Safe,Survival
4334,Other,Pharmacy,4,63.1,129.7,121.1,30,1119.0,1.3,1,6,High,Critical,Lifestyle
3722,Food,Pharmacy,10,74.2,24.7,69.6,10,1913.0,13.3,1,19,Low,Safe,Survival
4468,Study,Stationery,4,37.8,75.1,122.2,4,1047.0,15.9,1,13,Medium,Safe,Lifestyle
4948,Food,Snack_Bar,6,68.6,104.9,48.2,12,2238.0,8.0,1,21,High,Warning,Lifestyle
1443,Study,Pharmacy,9,29.5,34.2,45.9,15,2391.0,26.2,0,10,Low,Safe,Survival
3909,Other,Stationery,6,28.3,68.2,45.2,10,3805.0,4.8,1,7,Medium,Warning,Survival
1281,Study,Bookshop,1,72.9,82.9,96.3,28,1944.0,7.6,1,20,Medium,Warning,Survival
655,Entertainment,Bookshop,5,54.5,29.2,124.1,30,2484.0,4.7,1,9,Low,Warning,Leakage
1094,Study,Bookshop,9,69.9,103.4,73.3,18,3598.0,3.5,1,9,High,Critical,Lifestyle
1584,Entertainment,Canteen,5,30.6,45.9,63.1,24,1625.0,26.4,1,15,Low,Safe,Survival
2158,Other,Snack_Bar,6,61.9,35.3,146.3,5,2860.0,8.3,0,12,Low,Warning,Lifestyle
3272,Other,Stationery,3,47.2,77.0,26.3,13,3150.0,21.7,1,10,Medium,Safe,Survival
2196,Food,Snack_Bar,8,61.7,59.2,78.1,4,1657.0,12.8,1,9,Medium,Safe,Survival
4485,Entertainment,Canteen,10,32.6,120.4,67.2,9,1075.0,19.1,0,20,High,Safe,Lifestyle
704,Entertainment,Stationery,11,73.0,115.6,23.7,18,2260.0,27.8,1,22,High,Safe,Leakage
1414,Transport,Stationery,4,81.6,68.0,47.5,3,1749.0,25.3,1,11,Medium,Safe,Survival
1731,Transport,Pharmacy,4,29.7,53.1,14.0,24,1433.0,2.1,1,6,Medium,Critical,Survival
3640,Transport,Snack_Bar,11,33.6,49.1,132.8,11,3907.0,25.4,1,8,Low,Safe,Lifestyle
1023,Study,Snack_Bar,5,67.8,42.1,95.1,4,2258.0,13.6,1,14,Low,Safe,Survival
1128,Transport,Pharmacy,10,71.1,75.3,124.1,9,3498.0,10.5,1,10,Medium,Safe,Lifestyle
333,Entertainment,Bookshop,9,71.9,106.6,83.0,26,1184.0,20.2,1,11,High,Safe,Leakage
2305,Study,Canteen,8,69.9,47.3,93.9,29,3788.0,28.5,0,18,Low,Safe,Survival
3827,Other,Snack_Bar,7,42.3,32.8,108.1,12,3281.0,2.8,1,8,Low,Critical,Survival
4980,Food,Pharmacy,5,42.5,67.1,137.1,26,3330.0,23.0,1,8,Medium,Safe,Lifestyle
2052,Transport,Stationery,9,29.2,18.3,22.8,10,1864.0,6.1,1,10,Low,Warning,Survival
4375,Other,Pharmacy,9,19.9,94.2,56.3,10,2200.0,11.4,0,17,High,Safe,Lifestyle
3133,Entertainment,Bookshop,10,70.8,72.2,109.3,9,2577.0,26.2,1,12,Medium,Safe,Survival
3484,Food,Canteen,10,13.9,69.6,144.2,10,3264.0,16.4,1,17,Medium,Safe,Lifestyle
4498,Other,Bookshop,2,94.1,46.1,147.3,9,3472.0,2.0,1,7,Low,Critical,Lifestyle
3011,Food,Stationery,4,83.5,118.6,99.3,1,773.0,15.2,0,21,High,Safe,Lifestyle
1450,Transport,Stationery,8,86.5,20.9,37.1,22,3664.0,23.7,1,7,Low,Safe,Survival
3712,Entertainment,Stationery,1,91.1,114.4,26.7,16,3781.0,15.9,0,13,High,Safe,Lifestyle
1456,Food,Stationery,5,43.8,55.2,142.4,26,2575.0,5.0,0,6,Medium,Warning,Lifestyle
3576,Other,Pharmacy,8,85.4,115.7,70.7,14,1154.0,13.4,1,19,High,Safe,Lifestyle
3686,Transport,Stationery,2,20.0,97.5,37.3,13,3364.0,27.7,1,15,High,Safe,Lifestyle
3784,Transport,Stationery,2,7.1,22.5,140.7,6,2420.0,19.7,0,18,Low,Safe,Lifestyle
1596,Other,Pharmacy,8,79.6,109.8,24.6,14,3360.0,21.9,1,15,High,Safe,Lifestyle
3837,Other,Stationery,10,12.1,91.9,112.1,8,3352.0,23.6,0,18,High,Safe,Lifestyle
3530,Food,Bookshop,9,98.9,13.9,97.5,23,804.0,2.7,1,18,Low,Critical,Survival
2903,Study,Bookshop,7,69.1,26.0,22.3,23,2625.0,17.4,0,6,Low,Safe,Survival
670,Transport,Snack_Bar,8,76.6,86.3,57.4,18,2191.0,11.3,0,10,High,Safe,Leakage
1553,Food,Bookshop,5,28.4,89.5,31.0,29,3811.0,4.2,1,21,High,Warning,Lifestyle
2983,Other,Canteen,1,69.0,99.6,94.6,28,1538.0,6.1,0,11,High,Warning,Lifestyle
3031,Food,Canteen,4,9.1,96.4,76.8,27,1221.0,23.4,1,9,High,Safe,Lifestyle
557,Other,Canteen,2,84.6,89.1,10.6,20,3640.0,4.8,0,15,High,Warning,Lifestyle
3219,Entertainment,Pharmacy,3,21.1,101.9,146.6,1,1021.0,9.4,0,16,High,Warning,Lifestyle
867,Other,Bookshop,3,71.2,79.0,58.9,12,2903.0,8.5,1,7,Medium,Warning,Survival
4668,Other,Canteen,9,26.3,41.3,46.1,27,1550.0,1.5,0,14,Low,Critical,Survival
1345,Other,Snack_Bar,10,11.5,119.5,41.1,11,2487.0,13.9,0,19,High,Safe,Lifestyle
4385,Study,Pharmacy,4,50.7,12.2,32.2,13,2657.0,23.0,1,7,Low,Safe,Survival
3919,Other,Snack_Bar,2,21.1,54.0,149.9,23,1961.0,0.7,0,10,Medium,Critical,Lifestyle
2945,Transport,Bookshop,3,74.3,97.5,51.3,4,3912.0,3.4,0,17,High,Critical,Lifestyle
739,Transport,Stationery,3,27.6,61.3,66.8,25,961.0,21.6,0,6,Medium,Safe,Survival
2979,Food,Snack_Bar,7,37.5,13.0,132.0,6,1870.0,17.8,0,17,Low,Safe,Lifestyle
4336,Study,Stationery,8,58.9,17.9,99.9,22,2006.0,21.5,0,17,Low,Safe,Survival
3975,Food,Pharmacy,11,32.1,87.8,61.6,25,2709.0,6.9,1,10,High,Warning,Lifestyle
2708,Transport,Snack_Bar,6,40.9,125.8,135.8,13,1925.0,24.1,1,7,High,Safe,Lifestyle
2979,Transport,Snack_Bar,4,82.5,76.2,115.0,24,840.0,14.4,1,19,Medium,Safe,Survival
1124,Entertainment,Pharmacy,6,22.0,70.8,41.9,22,3816.0,18.3,0,22,Medium,Safe,Survival
3156,Other,Pharmacy,11,12.8,48.2,100.1,13,1956.0,2.8,1,20,Low,Critical,Survival
1781,Transport,Canteen,1,36.2,40.8,139.1,6,1699.0,6.2,0,22,Low,Warning,Lifestyle
3524,Food,Bookshop,10,45.3,12.5,79.5,22,2064.0,23.2,1,7,Low,Safe,Survival
4685,Food,Snack_Bar,8,56.6,42.8,112.7,4,1258.0,6.7,1,13,Low,Warning,Survival
455,Other,Snack_Bar,1,40.4,63.9,146.0,21,851.0,2.8,0,15,Medium,Critical,Lifestyle
2038,Other,Pharmacy,5,80.0,33.8,106.7,3,1020.0,17.9,1,8,Low,Safe,Survival
2144,Entertainment,Pharmacy,2,8.7,20.5,24.3,25,1083.0,16.4,0,16,Low,Safe,Survival
209,Study,Bookshop,6,46.0,96.1,44.2,30,1192.0,18.2,0,14,High,Safe,Leakage
3071,Food,Pharmacy,9,41.3,117.4,93.3,15,1970.0,18.5,0,20,High,Safe,Lifestyle
997,Other,Stationery,5,66.5,122.4,48.6,11,2684.0,15.0,0,16,High,Safe,Lifestyle
1215,Food,Stationery,4,96.8,84.2,144.1,2,2701.0,14.8,1,8,Medium,Safe,Lifestyle
2024,Other,Stationery,2,53.5,16.3,66.7,27,500.0,27.7,0,12,Low,Safe,Survival
4669,Transport,Stationery,3,98.8,98.9,74.0,23,3723.0,16.0,0,12,High,Safe,Lifestyle
3336,Food,Bookshop,6,33.7,23.2,108.2,17,3380.0,18.5,0,9,Low,Safe,Survival
2393,Transport,Snack_Bar,8,7.9,90.4,83.4,26,3874.0,8.0,0,11,High,Warning,Lifestyle
423,Food,Stationery,8,20.7,103.5,63.5,28,1760.0,26.1,1,19,High,Safe,Leakage
4358,Study,Pharmacy,5,42.5,97.1,20.7,23,2827.0,0.7,0,9,High,Critical,Lifestyle
4125,Entertainment,Stationery,5,35.1,124.2,93.5,2,1088.0,16.7,1,22,High,Safe,Lifestyle
4984,Transport,Bookshop,10,14.2,98.6,131.5,21,3360.0,11.5,1,17,High,Safe,Lifestyle
4200,Other,Pharmacy,3,46.1,93.2,106.0,1,1065.0,18.1,0,22,High,Safe,Lifestyle
1833,Study,Stationery,7,37.1,41.4,63.4,5,1641.0,10.8,1,20,Low,Safe,Survival
2352,Food,Snack_Bar,6,16.6,121.0,27.9,27,2218.0,21.5,0,14,High,Safe,Lifestyle
710,Transport,Pharmacy,1,33.1,31.5,124.3,20,2581.0,0.6,0,21,Low,Critical,Lifestyle
584,Food,Pharmacy,4,89.2,118.6,141.8,17,2459.0,12.2,0,9,High,Safe,Lifestyle
604,Food,Snack_Bar,6,33.7,47.5,64.4,28,857.0,24.9,1,9,Low,Safe,Leakage
4813,Food,Pharmacy,11,72.8,25.6,112.0,30,1976.0,7.5,0,6,Low,Warning,Survival
4771,Entertainment,Stationery,6,63.1,109.2,67.5,1,3730.0,1.6,1,10,High,Critical,Lifestyle
2200,Entertainment,Pharmacy,11,45.6,10.3,80.3,7,3553.0,14.9,0,17,Low,Safe,Survival
2956,Other,Stationery,3,27.7,109.9,127.1,29,2568.0,29.3,0,19,High,Safe,Lifestyle
1868,Transport,Snack_Bar,6,40.1,41.5,21.7,3,2503.0,1.9,0,15,Low,Critical,Survival
1660,Study,Canteen,10,61.3,116.2,84.2,26,891.0,2.1,1,15,High,Critical,Lifestyle
3836,Study,Snack_Bar,6,38.3,93.0,40.0,16,1201.0,17.9,0,21,High,Safe,Lifestyle
2924,Study,Stationery,9,25.4,89.9,57.6,16,1384.0,7.5,1,11,High,Warning,Lifestyle
4378,Food,Bookshop,9,16.1,53.8,100.2,12,2209.0,12.3,0,8,Medium,Safe,Survival
2248,Entertainment,Snack_Bar,2,88.6,17.1,13.8,9,3060.0,24.9,1,20,Low,Safe,Survival
4346,Transport,Bookshop,4,46.8,109.6,93.1,25,2113.0,6.0,0,10,High,Warning,Lifestyle
4980,Food,Bookshop,9,64.4,30.5,49.7,14,941.0,21.6,0,11,Low,Safe,Survival
916,Entertainment,Stationery,4,51.6,54.7,103.7,12,2038.0,15.1,1,17,Medium,Safe,Survival
4744,Entertainment,Stationery,8,87.9,82.0,29.8,26,1069.0,27.1,0,6,Medium,Safe,Survival
4783,Transport,Canteen,10,57.0,67.9,113.0,27,3129.0,29.2,0,15,Medium,Safe,Survival
2023,Transport,Pharmacy,3,50.7,33.8,100.4,25,1083.0,14.5,0,8,Low,Safe,Survival
2281,Transport,Snack_Bar,3,92.8,26.9,146.0,16,2189.0,17.5,1,10,Low,Safe,Lifestyle
3619,Food,Stationery,9,73.4,24.8,137.6,17,2927.0,22.4,1,20,Low,Safe,Lifestyle
1774,Other,Snack_Bar,11,15.6,113.6,49.7,12,1299.0,9.6,1,9,High,Warning,Lifestyle
449,Transport,Bookshop,10,21.9,13.8,13.8,4,766.0,6.8,1,22,Low,Warning,Leakage
873,Other,Pharmacy,8,79.8,127.2,101.8,17,2472.0,28.9,0,13,High,Safe,Lifestyle
4733,Food,Canteen,1,84.4,33.8,94.4,1,690.0,13.0,0,10,Low,Safe,Survival
2365,Other,Snack_Bar,10,56.8,23.2,13.8,30,2557.0,0.0,1,9,Low,Critical,Survival
970,Study,Pharmacy,2,57.7,79.2,27.2,25,3137.0,25.1,0,14,Medium,Safe,Survival
4162,Other,Canteen,3,65.0,19.6,91.9,21,1653.0,18.0,1,18,Low,Safe,Survival
4563,Transport,Snack_Bar,11,46.7,82.3,137.7,17,2209.0,5.1,0,22,Medium,Warning,Lifestyle
2184,Food,Pharmacy,2,69.6,112.1,136.9,11,3751.0,0.9,1,13,High,Critical,Lifestyle
1277,Transport,Stationery,3,15.3,15.7,31.2,19,2149.0,8.7,1,16,Low,Warning,Survival
435,Study,Snack_Bar,8,96.3,106.0,63.8,23,3988.0,27.8,1,19,High,Safe,Leakage
588,Transport,Pharmacy,11,76.3,57.3,16.0,30,1050.0,28.0,0,10,Medium,Safe,Leakage
3237,Transport,Canteen,11,65.0,29.1,75.7,18,2981.0,9.3,1,17,Low,Warning,Survival
2048,Transport,Pharmacy,6,35.1,31.1,115.4,20,2784.0,25.1,1,21,Low,Safe,Lifestyle
4919,Entertainment,Stationery,7,20.3,120.3,120.6,2,3553.0,13.3,0,21,High,Safe,Lifestyle
3014,Study,Snack_Bar,10,43.9,23.3,79.9,9,824.0,19.6,0,19,Low,Safe,Survival
3574,Transport,Snack_Bar,10,67.8,114.0,23.4,28,1481.0,10.0,0,12,High,Warning,Lifestyle
3478,Transport,Snack_Bar,6,65.2,75.3,63.4,9,963.0,15.5,1,14,Medium,Safe,Survival
1452,Transport,Stationery,1,41.4,14.7,140.5,12,3766.0,8.8,0,8,Low,Warning,Lifestyle
4181,Food,Canteen,11,63.3,65.7,42.1,30,1993.0,1.8,1,19,Medium,Critical,Survival
4873,Entertainment,Snack_Bar,3,82.3,108.1,54.8,13,3685.0,4.2,0,6,High,Warning,Lifestyle
2322,Food,Canteen,1,7.5,97.1,114.6,16,1530.0,8.7,1,19,High,Warning,Lifestyle
4730,Entertainment,Pharmacy,10,47.8,68.7,112.7,29,942.0,29.3,1,8,Medium,Safe,Survival
2350,Transport,Canteen,9,77.1,113.2,137.7,13,1538.0,29.0,1,11,High,Safe,Lifestyle
1529,Study,Canteen,9,56.9,24.4,64.3,23,2590.0,24.8,0,9,Low,Safe,Survival
1558,Other,Snack_Bar,5,66.9,119.2,82.0,14,3458.0,7.0,1,6,High,Warning,Lifestyle
2682,Other,Bookshop,4,54.1,111.6,75.4,7,1849.0,13.2,1,8,High,Safe,Lifestyle
4742,Transport,Bookshop,9,99.2,95.0,139.9,2,3702.0,13.2,1,8,High,Safe,Lifestyle
2217,Food,Stationery,9,10.2,108.1,117.7,12,1355.0,11.6,0,21,High,Safe,Lifestyle
1531,Study,Stationery,3,51.6,75.3,126.4,26,2927.0,1.3,0,12,Medium,Critical,Lifestyle
4544,Entertainment,Bookshop,5,13.7,91.0,28.6,28,3075.0,16.0,0,14,High,Safe,Lifestyle
4461,Transport,Pharmacy,3,20.2,77.3,120.9,24,1459.0,2.2,1,7,Medium,Critical,Lifestyle
1558,Study,Snack_Bar,10,41.4,52.7,70.6,17,594.0,24.1,1,8,Medium,Safe,Survival
4837,Study,Snack_Bar,2,19.8,78.3,13.3,24,1778.0,20.7,0,6,Medium,Safe,Survival
3377,Entertainment,Pharmacy,1,96.6,40.9,18.4,5,658.0,10.6,1,11,Low,Safe,Survival
2328,Study,Pharmacy,10,94.9,62.8,104.9,29,3653.0,19.4,0,20,Medium,Safe,Survival
2380,Food,Bookshop,2,36.9,43.7,62.1,20,3837.0,7.0,0,10,Low,Warning,Survival
337,Food,Stationery,8,65.8,24.7,131.5,10,3074.0,8.0,0,18,Low,Warning,Leakage
3672,Food,Pharmacy,11,55.7,48.6,112.8,18,3043.0,9.4,0,13,Low,Warning,Survival
3032,Study,Stationery,8,82.5,112.2,13.0,3,1343.0,23.9,0,18,High,Safe,Lifestyle
3779,Food,Canteen,3,64.6,55.7,106.2,13,759.0,6.3,0,14,Medium,Warning,Survival
3231,Entertainment,Snack_Bar,7,5.0,99.8,36.9,13,3307.0,16.9,0,8,High,Safe,Lifestyle
4364,Study,Bookshop,7,77.5,31.0,69.2,10,2457.0,6.0,1,19,Low,Warning,Survival
2793,Other,Snack_Bar,2,76.0,60.9,97.5,29,2886.0,8.6,1,12,Medium,Warning,Survival
4500,Study,Bookshop,9,53.4,23.8,132.2,2,3229.0,7.1,0,18,Low,Warning,Lifestyle
4018,Entertainment,Canteen,3,90.8,26.6,73.9,27,1933.0,19.4,1,14,Low,Safe,Survival
4338,Other,Snack_Bar,2,91.3,84.1,123.2,28,1006.0,15.8,0,16,Medium,Safe,Lifestyle
4023,Study,Canteen,3,54.8,82.9,119.6,16,3283.0,21.6,1,14,Medium,Safe,Lifestyle
4242,Food,Bookshop,2,62.8,35.6,68.0,4,2088.0,6.6,0,16,Low,Warning,Survival
2106,Transport,Pharmacy,8,99.7,66.9,80.1,19,3394.0,0.3,1,19,Medium,Critical,Survival
960,Transport,Snack_Bar,5,33.4,113.6,108.1,5,2032.0,20.4,0,20,High,Safe,Lifestyle
3645,Food,Canteen,3,35.8,30.9,14.4,7,1260.0,3.4,1,22,Low,Critical,Survival
1099,Transport,Snack_Bar,5,22.4,12.3,134.7,9,1099.0,7.4,0,6,Low,Warning,Lifestyle
4655,Transport,Snack_Bar,11,90.1,88.2,117.8,5,3104.0,9.2,0,8,High,Warning,Lifestyle
3147,Food,Snack_Bar,11,75.7,16.4,44.9,8,2512.0,22.4,1,8,Low,Safe,Survival
1919,Food,Stationery,8,15.0,127.6,147.4,2,1916.0,18.8,0,8,High,Safe,Lifestyle
480,Study,Canteen,7,98.3,83.2,35.1,22,2222.0,5.5,0,9,Medium,Warning,Leakage
3466,Study,Canteen,6,74.4,66.4,138.0,24,2424.0,17.9,0,22,Medium,Safe,Lifestyle
2087,Food,Snack_Bar,1,85.8,61.6,55.4,25,1338.0,21.2,1,9,Medium,Safe,Survival
3466,Entertainment,Pharmacy,10,9.6,78.8,116.8,27,1824.0,11.7,1,18,Medium,Safe,Lifestyle
866,Transport,Snack_Bar,1,53.0,20.9,73.9,20,1523.0,7.4,1,12,Low,Warning,Survival
4388,Study,Stationery,1,71.4,121.6,113.1,20,1859.0,20.4,1,9,High,Safe,Lifestyle
871,Transport,Bookshop,10,56.6,85.1,31.8,7,2252.0,18.3,1,13,High,Safe,Lifestyle
2169,Other,Stationery,8,68.3,32.1,47.7,29,1107.0,2.3,0,16,Low,Critical,Survival
4356,Food,Pharmacy,8,82.7,77.5,24.0,4,1877.0,20.0,0,12,Medium,Safe,Survival
3322,Entertainment,Snack_Bar,7,40.6,26.0,131.1,21,1849.0,14.7,1,14,Low,Safe,Lifestyle
4899,Other,Canteen,6,85.6,12.1,51.5,15,1501.0,22.6,1,9,Low,Safe,Survival
4977,Other,Snack_Bar,4,20.5,85.7,107.2,18,3995.0,5.7,1,9,High,Warning,Lifestyle
4100,Other,Pharmacy,1,30.7,87.8,124.8,2,758.0,7.7,0,6,High,Warning,Lifestyle
723,Food,Canteen,9,9.1,80.0,136.2,27,2750.0,16.3,0,11,Medium,Safe,Leakage
2593,Study,Stationery,1,39.6,32.0,24.9,14,1111.0,14.5,1,8,Low,Safe,Survival
3317,Food,Bookshop,4,41.1,82.4,135.0,10,3438.0,11.6,1,8,Medium,Safe,Lifestyle
2793,Study,Bookshop,3,81.5,16.8,37.6,5,3700.0,22.4,1,6,Low,Safe,Survival
2168,Other,Snack_Bar,7,67.0,83.1,113.2,12,1905.0,16.9,0,12,Medium,Safe,Survival
1953,Other,Stationery,5,46.5,76.5,112.0,10,3382.0,21.3,1,14,Medium,Safe,Survival
2496,Entertainment,Pharmacy,5,67.0,88.6,11.2,26,1375.0,4.6,1,8,High,Warning,Lifestyle
2461,Study,Bookshop,4,10.0,117.5,40.9,29,990.0,21.9,0,20,High,Safe,Lifestyle
2486,Other,Stationery,1,22.1,112.0,78.9,18,1606.0,13.8,1,8,High,Safe,Lifestyle
4402,Transport,Snack_Bar,5,64.6,127.7,68.8,28,1696.0,1.0,1,16,High,Critical,Lifestyle
3078,Entertainment,Canteen,4,65.9,127.1,138.6,6,1891.0,7.0,1,8,High,Warning,Lifestyle
4343,Food,Snack_Bar,10,78.5,102.7,60.4,28,1805.0,0.8,0,12,High,Critical,Lifestyle
3844,Entertainment,Snack_Bar,8,43.3,124.8,141.2,22,1939.0,13.7,0,14,High,Safe,Lifestyle
4632,Transport,Stationery,2,73.6,114.1,74.3,12,2985.0,9.8,0,22,High,Warning,Lifestyle
2255,Study,Bookshop,8,70.0,97.3,145.0,24,1360.0,29.6,0,14,High,Safe,Lifestyle
4920,Food,Stationery,1,96.5,19.0,113.2,28,565.0,26.1,1,15,Low,Safe,Survival
1476,Food,Canteen,4,25.4,15.9,126.1,1,2214.0,24.8,0,18,Low,Safe,Lifestyle
2966,Study,Stationery,3,57.4,110.5,24.7,7,2069.0,15.0,0,10,High,Safe,Lifestyle
502,Entertainment,Pharmacy,5,62.2,68.8,92.1,12,710.0,24.2,0,19,Medium,Safe,Leakage
838,Other,Snack_Bar,5,99.9,107.8,30.0,7,968.0,8.0,0,9,High,Warning,Lifestyle
255,Entertainment,Bookshop,5,24.1,47.6,51.7,9,2285.0,16.8,1,19,Low,Safe,Leakage
725,Transport,Canteen,4,54.7,57.7,97.3,20,1322.0,11.8,0,16,Medium,Safe,Survival
4769,Other,Snack_Bar,8,37.9,94.0,111.7,15,3572.0,5.1,0,15,High,Warning,Lifestyle
4323,Entertainment,Stationery,3,55.0,119.8,15.5,23,1107.0,2.2,0,10,High,Critical,Lifestyle
2325,Study,Pharmacy,4,27.1,20.5,84.3,12,570.0,16.7,0,17,Low,Safe,Survival
3487,Transport,Stationery,1,9.5,113.4,89.1,13,2066.0,2.9,0,20,High,Critical,Lifestyle
564,Transport,Snack_Bar,7,59.4,105.2,21.0,22,3952.0,21.5,1,18,High,Safe,Leakage
4821,Transport,Canteen,1,36.9,47.9,80.1,4,2719.0,27.6,0,13,Low,Safe,Survival
1846,Other,Bookshop,2,22.3,52.6,109.9,10,1739.0,4.9,0,9,Medium,Warning,Survival
1118,Food,Snack_Bar,11,35.8,15.6,17.5,28,559.0,14.1,1,18,Low,Safe,Survival
2997,Other,Canteen,7,9.7,11.9,116.4,24,2197.0,22.2,0,20,Low,Safe,Lifestyle
1731,Entertainment,Snack_Bar,1,95.3,67.2,90.7,3,1223.0,8.6,1,14,Medium,Warning,Survival
3545,Food,Pharmacy,11,60.2,21.5,126.7,24,2767.0,27.6,1,11,Low,Safe,Lifestyle
2106,Entertainment,Stationery,3,82.4,33.3,40.5,29,2541.0,26.7,1,14,Low,Safe,Survival
3286,Food,Bookshop,6,45.2,111.6,126.7,5,1428.0,3.1,1,11,High,Critical,Lifestyle
4780,Other,Canteen,6,90.8,78.5,23.2,4,741.0,0.8,1,12,Medium,Critical,Survival
2275,Transport,Bookshop,6,50.9,86.0,66.5,19,3143.0,29.3,1,17,High,Safe,Lifestyle
913,Study,Bookshop,11,59.5,32.5,37.9,15,2549.0,28.7,0,9,Low,Safe,Survival
1262,Transport,Bookshop,2,51.7,109.4,132.6,30,3447.0,12.7,1,16,High,Safe,Lifestyle
2176,Other,Canteen,2,74.7,114.2,108.7,28,1409.0,1.5,0,8,High,Critical,Lifestyle
1496,Food,Canteen,6,58.8,72.8,13.6,26,2785.0,18.6,1,12,Medium,Safe,Survival
325,Transport,Bookshop,10,30.8,119.5,11.3,23,915.0,8.8,0,7,High,Warning,Leakage
4832,Other,Stationery,5,18.8,111.4,50.8,29,1521.0,28.1,1,15,High,Safe,Lifestyle
3796,Entertainment,Snack_Bar,7,62.6,97.8,30.1,7,2798.0,23.8,0,8,High,Safe,Lifestyle
3483,Study,Bookshop,7,51.5,98.1,98.2,29,3390.0,19.5,1,22,High,Safe,Lifestyle
1803,Transport,Pharmacy,5,14.1,22.6,102.9,22,1623.0,8.5,0,16,Low,Warning,Survival
266,Food,Bookshop,8,42.6,42.5,141.9,3,3296.0,21.0,0,6,Low,Safe,Leakage
432,Entertainment,Canteen,10,53.9,18.0,143.3,25,2872.0,8.7,0,7,Low,Warning,Leakage
2356,Other,Snack_Bar,6,83.6,11.0,102.2,30,1720.0,1.1,1,18,Low,Critical,Survival
1369,Study,Pharmacy,5,12.2,29.0,10.8,27,3567.0,15.3,0,19,Low,Safe,Survival
2358,Food,Snack_Bar,4,38.1,115.7,60.3,16,2282.0,14.7,1,22,High,Safe,Lifestyle
4406,Other,Snack_Bar,7,83.2,38.8,81.8,15,2769.0,22.9,0,7,Low,Safe,Survival
1693,Other,Pharmacy,4,66.6,126.4,79.9,18,2235.0,26.0,1,22,High,Safe,Lifestyle
4918,Transport,Bookshop,5,32.5,81.7,94.5,3,2085.0,10.6,1,14,Medium,Safe,Survival
4207,Transport,Bookshop,5,85.3,38.5,144.5,14,3468.0,13.5,0,17,Low,Safe,Lifestyle
2672,Food,Bookshop,1,51.9,69.7,133.9,1,1531.0,14.1,0,21,Medium,Safe,Lifestyle
2860,Other,Stationery,1,52.3,36.3,25.2,7,628.0,9.7,1,9,Low,Warning,Survival
2939,Transport,Bookshop,3,97.8,128.1,47.2,2,3579.0,22.3,1,16,High,Safe,Lifestyle
1961,Study,Pharmacy,11,95.0,111.7,126.6,10,3388.0,15.7,1,9,High,Safe,Lifestyle
3714,Study,Stationery,3,39.1,13.1,125.4,24,1783.0,27.4,0,7,Low,Safe,Lifestyle
2175,Other,Bookshop,2,18.4,123.7,48.6,25,1149.0,19.5,0,15,High,Safe,Lifestyle
2562,Transport,Stationery,2,35.9,96.5,112.3,16,2864.0,6.4,0,14,High,Warning,Lifestyle
1076,Food,Pharmacy,6,7.9,19.9,104.1,12,776.0,4.9,0,22,Low,Warning,Survival
4012,Food,Bookshop,1,7.0,90.5,76.3,27,1983.0,11.2,0,17,High,Safe,Lifestyle
3648,Food,Canteen,6,42.6,87.6,38.2,30,801.0,10.4,0,9,High,Safe,Lifestyle
1512,Study,Pharmacy,5,94.4,36.3,134.4,18,2593.0,12.2,0,14,Low,Safe,Lifestyle
1660,Transport,Snack_Bar,6,87.8,101.0,104.9,6,595.0,5.5,1,19,High,Warning,Lifestyle
2909,Transport,Snack_Bar,5,53.6,20.4,33.7,27,2702.0,29.3,1,9,Low,Safe,Survival
2524,Study,Pharmacy,7,58.7,68.7,108.7,17,2856.0,4.4,0,7,Medium,Warning,Survival
1933,Food,Snack_Bar,1,5.6,11.2,113.8,8,2205.0,19.6,0,18,Low,Safe,Survival
1805,Food,Pharmacy,3,25.5,126.2,134.2,21,1113.0,0.4,0,15,High,Critical,Lifestyle
2763,Other,Canteen,6,7.4,100.2,41.2,9,855.0,12.2,1,19,High,Safe,Lifestyle
3621,Entertainment,Pharmacy,1,76.7,29.1,148.4,19,1597.0,9.3,1,14,Low,Warning,Lifestyle
3717,Transport,Bookshop,11,18.8,51.0,31.5,2,2128.0,11.5,0,16,Medium,Safe,Survival
2597,Transport,Bookshop,11,87.6,29.3,94.1,7,2748.0,14.9,1,6,Low,Safe,Survival
3935,Transport,Stationery,7,66.1,102.0,102.0,11,504.0,18.0,0,17,High,Safe,Lifestyle
3070,Entertainment,Snack_Bar,4,26.8,17.1,68.7,23,2989.0,17.5,1,22,Low,Safe,Survival
1360,Other,Snack_Bar,3,20.0,110.8,76.5,13,2994.0,18.9,0,22,High,Safe,Lifestyle
442,Entertainment,Pharmacy,10,64.6,123.1,134.7,10,2056.0,25.3,1,13,High,Safe,Leakage
2790,Food,Snack_Bar,9,90.6,91.2,100.3,15,1702.0,26.6,0,22,High,Safe,Lifestyle
1263,Food,Bookshop,1,73.2,35.6,79.6,21,3448.0,22.1,1,18,Low,Safe,Survival
4524,Transport,Canteen,8,38.1,53.2,28.0,7,3246.0,2.4,1,18,Medium,Critical,Survival
2795,Study,Pharmacy,1,60.8,67.3,11.0,28,3941.0,28.8,0,20,Medium,Safe,Survival
1119,Transport,Snack_Bar,5,34.5,82.6,27.5,6,1802.0,28.4,0,18,Medium,Safe,Survival
205,Study,Bookshop,10,99.9,90.2,143.9,25,3674.0,21.4,0,13,High,Safe,Leakage
667,Entertainment,Stationery,8,76.1,76.5,117.0,12,806.0,15.5,1,12,Medium,Safe,Leakage
4370,Food,Snack_Bar,6,63.4,52.2,145.4,3,1940.0,7.5,0,15,Medium,Warning,Lifestyle
203,Study,Canteen,7,45.2,116.9,15.0,16,2129.0,22.7,0,17,High,Safe,Leakage
845,Entertainment,Canteen,11,63.7,19.8,105.2,20,2043.0,26.3,0,7,Low,Safe,Survival
317,Food,Snack_Bar,8,37.5,66.0,16.2,9,2688.0,20.0,0,19,Medium,Safe,Leakage
3128,Study,Snack_Bar,6,7.7,103.1,119.5,10,1096.0,18.9,1,15,High,Safe,Lifestyle
2751,Transport,Bookshop,11,42.5,17.3,63.3,30,3533.0,5.8,0,22,Low,Warning,Survival
4489,Transport,Snack_Bar,6,93.4,94.6,23.4,13,2431.0,10.7,0,18,High,Safe,Lifestyle
1046,Transport,Stationery,11,64.5,108.4,89.5,8,3665.0,21.7,1,6,High,Safe,Lifestyle
2962,Entertainment,Bookshop,6,13.0,89.3,49.2,26,509.0,0.5,0,20,High,Critical,Lifestyle
1341,Transport,Pharmacy,5,89.1,11.6,102.3,6,2705.0,19.2,0,6,Low,Safe,Survival
2010,Other,Stationery,8,30.5,31.6,102.1,28,1944.0,23.0,0,20,Low,Safe,Survival
923,Food,Bookshop,2,28.2,51.1,108.7,3,2268.0,10.0,0,20,Medium,Warning,Survival
424,Entertainment,Bookshop,7,33.2,38.0,148.9,12,3103.0,2.3,0,19,Low,Critical,Leakage
4827,Transport,Canteen,4,59.8,125.5,64.1,9,1295.0,24.6,0,18,High,Safe,Lifestyle
4408,Food,Bookshop,1,56.7,88.2,75.1,9,1217.0,4.3,0,7,High,Warning,Lifestyle
4854,Study,Stationery,5,51.7,45.6,122.6,11,2961.0,11.1,1,13,Low,Safe,Lifestyle
2248,Transport,Snack_Bar,3,73.2,121.6,91.0,6,2325.0,21.2,1,14,High,Safe,Lifestyle
4949,Food,Stationery,4,35.1,98.9,15.2,2,1318.0,24.5,0,14,High,Safe,Lifestyle
4615,Other,Pharmacy,7,79.3,44.2,128.0,7,2194.0,25.9,0,12,Low,Safe,Lifestyle
1773,Study,Bookshop,5,21.7,55.5,17.2,9,2108.0,15.9,1,19,Medium,Safe,Survival
2028,Other,Bookshop,4,79.3,33.9,33.9,25,2920.0,14.3,0,7,Low,Safe,Survival
2117,Food,Bookshop,1,68.1,126.5,24.3,19,509.0,25.4,1,17,High,Safe,Lifestyle
4434,Other,Bookshop,6,69.9,72.1,20.9,18,2554.0,16.9,1,16,Medium,Safe,Survival
2226,Food,Canteen,11,50.7,117.5,13.6,12,2620.0,17.4,0,22,High,Safe,Lifestyle
3944,Food,Canteen,10,68.4,51.6,17.7,21,3109.0,13.0,1,7,Medium,Safe,Survival
1101,Other,Snack_Bar,6,12.6,113.3,71.9,11,3612.0,11.2,1,17,High,Safe,Lifestyle
4985,Food,Bookshop,7,85.9,16.5,45.4,10,2041.0,14.4,0,20,Low,Safe,Survival
2239,Transport,Pharmacy,1,10.3,127.9,27.7,29,1699.0,10.9,0,13,High,Safe,Lifestyle
209,Food,Snack_Bar,4,19.1,119.4,102.2,23,858.0,10.3,0,13,High,Safe,Lifestyle
460,Entertainment,Bookshop,9,59.8,53.6,41.7,3,1679.0,29.8,0,19,Medium,Safe,Leakage
1873,Food,Canteen,10,75.2,103.0,12.7,12,740.0,10.1,0,15,High,Safe,Lifestyle
2419,Entertainment,Pharmacy,6,12.2,100.3,68.6,4,3310.0,7.7,0,9,High,Warning,Lifestyle
2260,Food,Snack_Bar,2,92.5,118.2,53.5,10,3325.0,10.6,0,21,High,Safe,Lifestyle
3913,Food,Pharmacy,4,97.5,46.9,54.6,2,1960.0,17.7,0,21,Low,Safe,Survival
1819,Other,Bookshop,6,62.6,65.9,72.3,12,1409.0,27.3,0,22,Medium,Safe,Survival
520,Transport,Stationery,4,50.7,113.8,103.6,28,913.0,23.6,0,14,High,Safe,Lifestyle
1542,Transport,Pharmacy,10,75.4,103.4,96.3,11,3479.0,25.3,0,16,High,Safe,Lifestyle
2576,Study,Pharmacy,7,36.2,57.2,141.2,14,3571.0,25.8,1,18,Medium,Safe,Lifestyle
3032,Other,Canteen,3,51.9,111.5,82.5,15,1432.0,27.6,1,6,High,Safe,Lifestyle
3024,Other,Bookshop,6,92.0,15.6,76.2,14,2676.0,7.1,1,12,Low,Warning,Survival
2194,Transport,Pharmacy,4,95.8,103.8,39.9,26,1405.0,13.8,0,16,High,Safe,Lifestyle
3158,Other,Bookshop,3,93.1,34.8,115.8,29,1288.0,11.6,0,8,Low,Safe,Lifestyle
2238,Transport,Canteen,3,29.9,44.3,29.7,12,574.0,11.5,1,7,Low,Safe,Survival
3690,Other,Bookshop,2,27.1,69.2,78.8,29,2520.0,19.6,1,19,Medium,Safe,Survival
3877,Food,Canteen,11,33.3,64.0,69.0,2,1025.0,12.1,1,15,Medium,Safe,Survival
1318,Transport,Canteen,3,46.9,72.5,102.2,23,543.0,18.5,1,22,Medium,Safe,Survival
1804,Transport,Snack_Bar,10,34.8,75.4,138.5,2,867.0,11.5,1,13,Medium,Safe,Lifestyle
4227,Entertainment,Bookshop,1,40.6,49.8,142.5,1,1598.0,9.3,1,20,Low,Warning,Lifestyle
435,Other,Stationery,3,64.0,31.0,33.5,20,2842.0,10.6,0,11,Low,Safe,Survival
2169,Other,Snack_Bar,9,77.4,102.2,46.7,15,1209.0,24.1,1,7,High,Safe,Lifestyle
4629,Transport,Canteen,4,74.9,58.0,123.6,30,3607.0,18.0,1,20,Medium,Safe,Lifestyle
2108,Food,Stationery,3,82.4,70.7,82.6,22,1510.0,29.2,0,21,Medium,Safe,Survival
575,Food,Pharmacy,8,8.1,87.4,73.4,10,1659.0,25.0,0,7,High,Safe,Leakage
3730,Food,Pharmacy,1,9.5,119.2,109.5,26,1263.0,14.6,1,19,High,Safe,Lifestyle
2835,Other,Snack_Bar,5,80.0,94.9,94.3,20,1388.0,7.3,0,6,High,Warning,Lifestyle
1770,Entertainment,Stationery,1,55.6,15.5,145.9,1,759.0,20.2,1,14,Low,Safe,Lifestyle
2760,Transport,Bookshop,7,59.9,110.6,91.8,1,1532.0,21.8,1,22,High,Safe,Lifestyle
3591,Study,Stationery,5,10.0,128.7,75.2,25,3509.0,13.9,0,19,High,Safe,Lifestyle
3165,Entertainment,Snack_Bar,2,29.3,66.7,86.0,1,2909.0,6.9,0,15,Medium,Warning,Survival
3843,Study,Bookshop,1,65.6,126.4,123.2,23,3563.0,16.7,0,18,High,Safe,Lifestyle
4050,Entertainment,Bookshop,11,86.6,75.7,95.8,11,867.0,7.6,1,18,Medium,Warning,Survival
1072,Food,Pharmacy,7,92.1,65.2,100.6,28,2095.0,28.2,1,13,Medium,Safe,Survival
1452,Other,Stationery,1,52.5,49.8,146.0,28,1302.0,18.9,0,12,Low,Safe,Lifestyle
1514,Study,Bookshop,3,56.8,88.9,96.6,12,3024.0,8.8,1,22,High,Warning,Lifestyle
3098,Entertainment,Snack_Bar,11,84.1,37.6,63.2,15,3896.0,6.5,1,13,Low,Warning,Survival
277,Other,Pharmacy,6,56.1,22.6,106.8,14,3354.0,21.5,0,9,Low,Safe,Leakage
2821,Study,Bookshop,6,54.1,13.3,102.3,23,623.0,21.2,0,12,Low,Safe,Survival
4427,Transport,Stationery,7,91.0,45.1,11.9,1,1608.0,17.9,1,22,Low,Safe,Survival
800,Entertainment,Pharmacy,11,80.0,57.5,75.4,1,600.0,18.4,1,10,Medium,Safe,Survival
1265,Transport,Stationery,11,91.4,76.2,114.0,6,641.0,18.1,0,9,Medium,Safe,Survival
2336,Food,Stationery,1,25.7,45.1,79.9,24,778.0,10.8,0,6,Low,Safe,Survival
2649,Transport,Stationery,7,54.8,128.1,119.1,23,1467.0,28.1,0,15,High,Safe,Lifestyle
2543,Transport,Pharmacy,2,85.0,45.0,73.1,22,1565.0,14.4,0,11,Low,Safe,Survival
2063,Entertainment,Bookshop,6,15.6,62.9,147.7,26,1902.0,0.6,0,17,Medium,Critical,Lifestyle
1518,Food,Canteen,8,80.5,22.4,51.0,3,1917.0,10.5,1,22,Low,Safe,Survival
4911,Transport,Bookshop,5,22.4,41.3,22.9,14,3200.0,3.9,0,10,Low,Critical,Survival
3797,Other,Pharmacy,10,81.8,15.8,70.2,28,995.0,10.9,1,14,Low,Safe,Survival
3962,Study,Canteen,3,63.1,77.1,85.8,27,1052.0,18.2,1,14,Medium,Safe,Survival
4870,Transport,Canteen,11,23.4,100.1,58.9,23,2693.0,0.7,1,10,High,Critical,Lifestyle
2390,Food,Canteen,8,50.0,33.5,43.9,6,2501.0,26.1,1,16,Low,Safe,Survival
1192,Transport,Snack_Bar,8,69.8,54.1,104.1,8,1039.0,18.3,0,17,Medium,Safe,Survival
2912,Study,Pharmacy,4,65.2,12.0,62.8,20,3483.0,8.9,1,10,Low,Warning,Survival
2392,Food,Snack_Bar,8,45.6,110.7,98.4,25,1652.0,9.3,1,13,High,Warning,Lifestyle
1448,Entertainment,Canteen,5,90.4,103.6,119.1,15,1784.0,14.0,0,22,High,Safe,Lifestyle
3254,Food,Snack_Bar,11,54.3,17.6,116.5,17,1972.0,7.4,1,13,Low,Warning,Lifestyle
4798,Entertainment,Snack_Bar,5,53.1,53.8,62.5,28,1629.0,0.1,0,7,Medium,Critical,Survival
4233,Food,Pharmacy,3,10.9,124.6,89.5,29,2451.0,0.8,0,15,High,Critical,Lifestyle
2197,Study,Stationery,7,92.6,57.0,73.0,23,1860.0,10.7,0,12,Medium,Safe,Survival
3887,Study,Snack_Bar,11,21.8,73.1,131.9,9,1408.0,3.7,1,14,Medium,Critical,Lifestyle
2351,Food,Snack_Bar,11,55.2,52.6,133.0,16,3666.0,0.7,1,17,Medium,Critical,Lifestyle
4218,Transport,Canteen,9,81.3,81.5,58.1,26,1579.0,25.8,1,17,Medium,Safe,Survival
3310,Study,Canteen,9,25.5,127.4,22.8,30,2945.0,8.2,1,10,High,Warning,Lifestyle
2170,Entertainment,Canteen,1,55.1,129.7,33.5,1,1715.0,15.1,1,16,High,Safe,Lifestyle
397,Entertainment,Bookshop,1,27.9,103.0,61.4,26,2023.0,5.4,0,22,High,Warning,Lifestyle
2826,Other,Snack_Bar,10,77.2,58.5,89.0,16,1326.0,1.4,0,20,Medium,Critical,Survival
1402,Entertainment,Canteen,11,58.6,69.3,102.0,19,3133.0,22.3,1,16,Medium,Safe,Survival
2235,Other,Pharmacy,5,86.3,52.8,56.4,23,3080.0,3.7,1,20,Medium,Critical,Survival
677,Food,Bookshop,1,90.0,128.3,103.4,9,578.0,0.8,1,21,High,Critical,Lifestyle
1454,Food,Stationery,4,66.6,94.9,141.3,30,711.0,17.6,1,17,High,Safe,Lifestyle
1122,Food,Snack_Bar,1,73.9,63.9,101.3,17,3728.0,0.4,0,8,Medium,Critical,Survival
619,Transport,Snack_Bar,2,57.2,11.5,32.2,6,3611.0,13.1,1,13,Low,Safe,Survival
2404,Transport,Pharmacy,2,41.5,72.5,91.2,27,2271.0,8.7,1,16,Medium,Warning,Survival
2797,Other,Stationery,4,66.6,128.1,85.9,14,2227.0,9.6,1,6,High,Warning,Lifestyle
1320,Entertainment,Stationery,8,91.3,72.8,131.9,18,3343.0,0.1,1,9,Medium,Critical,Lifestyle
3268,Entertainment,Bookshop,2,44.6,31.9,59.0,21,985.0,28.9,1,11,Low,Safe,Survival
1150,Food,Snack_Bar,9,34.9,12.7,69.2,14,2788.0,15.5,0,15,Low,Safe,Survival
2536,Study,Canteen,9,41.9,52.6,93.8,23,2166.0,17.2,0,20,Medium,Safe,Survival
2443,Transport,Pharmacy,2,46.4,120.2,83.4,30,3102.0,20.0,0,13,High,Safe,Lifestyle
2845,Transport,Pharmacy,1,12.0,129.6,110.7,7,605.0,23.9,1,19,High,Safe,Lifestyle
2057,Food,Pharmacy,10,52.4,123.4,15.7,10,2575.0,18.2,1,7,High,Safe,Lifestyle
4812,Transport,Pharmacy,10,52.0,97.5,88.9,16,2449.0,22.9,0,11,High,Safe,Lifestyle
2065,Food,Canteen,9,60.9,77.0,27.0,7,3443.0,13.5,0,8,Medium,Safe,Survival
3112,Other,Canteen,2,39.5,80.9,54.1,28,2869.0,11.1,1,7,Medium,Safe,Survival
3053,Entertainment,Bookshop,8,63.2,74.7,102.6,20,3581.0,24.7,1,19,Medium,Safe,Survival
3428,Study,Snack_Bar,3,88.4,94.8,32.0,28,3605.0,26.0,0,20,High,Safe,Lifestyle
3919,Entertainment,Canteen,1,95.8,60.3,53.2,6,1929.0,4.1,0,9,Medium,Warning,Survival
3428,Entertainment,Bookshop,11,60.4,90.3,108.4,27,981.0,16.3,0,21,High,Safe,Lifestyle
2571,Other,Stationery,1,9.0,24.6,101.1,26,2706.0,20.5,0,17,Low,Safe,Survival
3091,Transport,Snack_Bar,10,97.1,41.9,22.7,6,3558.0,2.5,1,22,Low,Critical,Survival
3956,Study,Canteen,2,72.1,110.3,90.8,7,762.0,27.9,0,6,High,Safe,Lifestyle
4425,Transport,Stationery,7,36.9,118.4,30.6,25,2453.0,15.6,0,14,High,Safe,Lifestyle
294,Entertainment,Bookshop,6,19.0,74.7,45.3,22,902.0,19.4,1,17,Medium,Safe,Leakage
2874,Food,Canteen,11,18.6,13.8,74.3,28,594.0,5.3,0,10,Low,Warning,Survival
2155,Entertainment,Canteen,2,20.9,121.2,25.3,26,2879.0,7.9,1,22,High,Warning,Lifestyle
993,Transport,Stationery,4,9.3,94.2,149.1,17,2886.0,3.6,0,8,High,Critical,Lifestyle
2034,Entertainment,Canteen,2,90.7,59.7,33.2,8,2602.0,7.9,0,11,Medium,Warning,Survival
2316,Food,Pharmacy,1,56.4,81.8,119.4,2,3507.0,14.8,1,8,Medium,Safe,Lifestyle
4306,Other,Canteen,3,71.5,61.6,126.2,19,783.0,25.0,0,11,Medium,Safe,Lifestyle
3525,Transport,Snack_Bar,4,83.7,65.8,149.2,28,868.0,16.0,1,18,Medium,Safe,Lifestyle
3119,Entertainment,Stationery,10,80.2,116.4,70.0,21,3526.0,7.3,1,20,High,Warning,Lifestyle
2797,Transport,Snack_Bar,5,88.8,29.3,132.4,22,2261.0,1.3,0,12,Low,Critical,Lifestyle
3405,Other,Bookshop,5,96.9,22.4,144.1,7,1456.0,18.7,1,18,Low,Safe,Lifestyle
1014,Entertainment,Snack_Bar,7,46.7,10.3,34.2,12,3084.0,12.6,1,7,Low,Safe,Survival
545,Entertainment,Pharmacy,10,95.3,47.7,77.1,20,3630.0,29.5,1,8,Low,Safe,Leakage
2549,Transport,Pharmacy,8,73.7,27.7,18.4,3,2914.0,23.4,0,8,Low,Safe,Survival
562,Transport,Snack_Bar,9,11.7,36.4,96.9,25,3272.0,24.3,1,11,Low,Safe,Leakage
2643,Food,Bookshop,7,69.8,11.3,91.4,4,1489.0,0.4,0,18,Low,Critical,Survival
2465,Other,Canteen,5,70.2,37.3,38.6,25,1511.0,23.3,1,19,Low,Safe,Survival
2388,Food,Pharmacy,9,91.1,49.9,121.7,25,3524.0,5.8,1,11,Low,Warning,Lifestyle
3205,Entertainment,Snack_Bar,8,40.4,13.8,15.2,11,2652.0,17.6,1,14,Low,Safe,Survival
3481,Transport,Snack_Bar,10,60.6,82.9,122.9,12,1320.0,13.4,1,15,Medium,Safe,Lifestyle
1184,Entertainment,Snack_Bar,9,6.2,78.3,13.7,30,2335.0,17.1,1,21,Medium,Safe,Survival
1839,Entertainment,Canteen,10,36.5,21.6,102.0,19,2901.0,4.0,1,20,Low,Critical,Survival
1027,Study,Stationery,8,10.9,81.4,21.0,19,1265.0,13.7,0,17,Medium,Safe,Survival
2930,Study,Bookshop,6,54.6,129.8,45.2,29,2792.0,1.1,0,18,High,Critical,Lifestyle
3731,Entertainment,Stationery,4,82.7,123.3,111.1,30,648.0,1.2,0,7,High,Critical,Lifestyle
4651,Transport,Bookshop,9,24.6,10.3,49.3,11,1563.0,19.7,1,19,Low,Safe,Survival
3135,Entertainment,Bookshop,9,55.1,105.4,81.6,13,2859.0,28.6,0,22,High,Safe,Lifestyle
4076,Study,Snack_Bar,10,24.4,52.4,138.1,24,1023.0,23.3,1,6,Medium,Safe,Lifestyle
326,Transport,Pharmacy,10,16.5,17.6,16.9,1,1278.0,14.1,0,16,Low,Safe,Leakage
3377,Entertainment,Snack_Bar,9,53.5,45.5,123.6,6,3577.0,1.7,1,19,Low,Critical,Lifestyle
3256,Other,Canteen,10,12.5,48.6,19.1,22,2860.0,1.4,0,17,Low,Critical,Survival
803,Other,Bookshop,3,60.8,72.8,27.8,25,2246.0,4.7,0,19,Medium,Warning,Survival
3649,Entertainment,Pharmacy,11,8.0,89.3,26.7,16,1238.0,29.3,0,22,High,Safe,Lifestyle
4346,Transport,Bookshop,3,15.1,99.9,149.2,2,1695.0,12.0,0,17,High,Safe,Lifestyle
3733,Entertainment,Bookshop,11,57.2,39.5,35.2,14,2510.0,25.3,1,11,Low,Safe,Survival
3567,Entertainment,Snack_Bar,6,61.2,48.6,135.5,24,1044.0,21.2,1,14,Low,Safe,Lifestyle
3568,Study,Pharmacy,6,7.8,47.0,148.7,23,2186.0,18.2,1,17,Low,Safe,Lifestyle
3997,Other,Pharmacy,6,59.5,53.5,63.7,18,1931.0,28.4,0,22,Medium,Safe,Survival
1992,Study,Bookshop,5,84.7,130.0,98.3,17,2168.0,6.9,1,21,High,Warning,Lifestyle
3061,Study,Pharmacy,5,73.6,103.4,119.1,20,869.0,13.6,1,7,High,Safe,Lifestyle
3676,Entertainment,Pharmacy,2,17.5,127.0,65.0,18,873.0,25.9,0,21,High,Safe,Lifestyle
3617,Study,Snack_Bar,7,61.3,93.2,32.7,19,3874.0,16.6,0,15,High,Safe,Lifestyle
1845,Other,Stationery,4,68.9,58.8,70.7,30,3928.0,7.4,0,9,Medium,Warning,Survival
1405,Study,Canteen,3,8.5,56.8,118.1,15,1992.0,6.3,0,12,Medium,Warning,Lifestyle
3230,Other,Stationery,8,86.3,68.6,119.3,2,3261.0,22.6,1,21,Medium,Safe,Lifestyle
3072,Study,Pharmacy,4,91.1,60.0,42.3,30,2795.0,0.4,0,10,Medium,Critical,Survival
3272,Other,Bookshop,11,85.8,109.4,34.5,25,909.0,27.4,1,10,High,Safe,Lifestyle
2054,Study,Canteen,4,83.3,65.8,138.9,4,1538.0,0.6,0,12,Medium,Critical,Lifestyle
4221,Study,Canteen,8,75.8,45.5,16.2,1,1598.0,18.9,0,22,Low,Safe,Survival
4862,Transport,Bookshop,1,65.2,103.0,112.9,8,2585.0,18.1,0,6,High,Safe,Lifestyle
2908,Other,Canteen,9,69.5,112.5,16.5,20,2530.0,17.4,0,8,High,Safe,Lifestyle
3702,Other,Bookshop,7,81.6,60.5,127.3,14,3732.0,14.2,1,21,Medium,Safe,Lifestyle
1532,Other,Canteen,2,67.9,90.1,136.8,26,3265.0,25.6,0,7,High,Safe,Lifestyle
401,Food,Stationery,11,36.1,17.1,51.6,11,3499.0,19.8,0,6,Low,Safe,Leakage
3707,Study,Canteen,6,40.7,73.5,20.4,27,3619.0,23.5,1,12,Medium,Safe,Survival
4412,Other,Snack_Bar,8,90.2,15.4,77.3,24,3304.0,3.5,0,15,Low,Critical,Survival
774,Food,Bookshop,11,6.6,13.5,51.8,24,1665.0,1.5,1,8,Low,Critical,Leakage
736,Transport,Canteen,5,71.4,83.6,68.4,25,1253.0,0.9,1,8,Medium,Critical,Leakage
1825,Other,Bookshop,6,95.7,46.4,103.1,14,2501.0,4.4,1,12,Low,Warning,Survival
2322,Other,Snack_Bar,10,72.1,99.1,39.4,28,2913.0,20.0,0,20,High,Safe,Lifestyle
585,Food,Canteen,8,99.4,117.5,60.0,16,1853.0,14.8,1,6,High,Safe,Leakage
3481,Study,Canteen,6,70.3,26.7,119.6,10,3469.0,22.6,0,10,Low,Safe,Lifestyle
674,Transport,Snack_Bar,9,8.3,96.9,100.1,7,3862.0,5.8,1,12,High,Warning,Leakage
617,Other,Snack_Bar,9,83.6,71.7,55.7,16,2493.0,11.0,1,16,Medium,Safe,Leakage
3800,Study,Snack_Bar,9,32.0,23.5,103.0,4,2098.0,26.7,0,6,Low,Safe,Survival
1154,Transport,Bookshop,6,47.4,88.2,117.1,12,3450.0,28.1,1,7,High,Safe,Lifestyle
1405,Entertainment,Snack_Bar,9,34.6,83.1,92.9,12,585.0,27.7,0,19,Medium,Safe,Survival
4959,Entertainment,Bookshop,3,30.5,71.9,43.5,30,952.0,24.5,1,15,Medium,Safe,Survival
4320,Transport,Stationery,5,46.0,121.2,10.0,2,3460.0,20.6,0,8,High,Safe,Lifestyle
2190,Food,Canteen,2,41.0,72.5,122.4,6,3062.0,27.4,0,19,Medium,Safe,Lifestyle
3772,Transport,Canteen,8,65.2,128.9,125.2,20,1956.0,21.4,1,10,High,Safe,Lifestyle
4580,Transport,Pharmacy,11,82.2,71.1,107.7,15,3611.0,28.6,1,22,Medium,Safe,Survival
4358,Food,Stationery,4,33.2,23.9,20.7,15,1730.0,0.7,0,12,Low,Critical,Survival
4957,Food,Snack_Bar,6,25.3,66.5,91.9,22,2718.0,27.6,1,6,Medium,Safe,Survival
2913,Study,Snack_Bar,6,68.4,31.9,124.9,16,2720.0,16.7,0,16,Low,Safe,Lifestyle
2403,Study,Stationery,5,68.7,81.7,64.6,24,1145.0,3.4,1,11,Medium,Critical,Survival
3320,Food,Snack_Bar,1,90.6,93.2,37.7,3,1497.0,6.4,0,21,High,Warning,Lifestyle
1166,Entertainment,Pharmacy,11,6.5,66.2,92.3,1,3706.0,25.6,0,19,Medium,Safe,Survival
3632,Entertainment,Bookshop,7,86.0,21.7,125.7,21,1142.0,15.2,1,22,Low,Safe,Lifestyle
888,Transport,Canteen,10,54.5,66.2,16.8,12,1108.0,29.5,0,20,Medium,Safe,Survival
4443,Other,Stationery,8,64.0,19.8,93.6,15,2179.0,3.5,0,19,Low,Critical,Survival
3901,Transport,Canteen,1,13.7,91.9,100.0,19,823.0,12.4,1,12,High,Safe,Lifestyle
541,Transport,Bookshop,10,46.1,104.8,94.3,6,3631.0,10.0,1,15,High,Warning,Leakage
1924,Other,Stationery,7,26.6,125.5,101.0,19,851.0,15.5,0,12,High,Safe,Lifestyle
4622,Food,Bookshop,4,29.2,27.9,98.4,17,2658.0,19.0,1,20,Low,Safe,Survival
1992,Entertainment,Snack_Bar,6,52.9,73.9,28.3,9,1689.0,19.8,0,19,Medium,Safe,Survival
1959,Transport,Snack_Bar,9,82.2,78.1,42.9,21,3315.0,0.0,0,20,Medium,Critical,Survival
3412,Other,Snack_Bar,5,75.7,120.7,96.7,13,2564.0,2.7,1,21,High,Critical,Lifestyle
1189,Study,Bookshop,8,61.1,85.3,12.5,15,1859.0,1.1,1,7,High,Critical,Lifestyle
2462,Transport,Bookshop,5,56.2,27.5,98.9,16,3944.0,25.9,1,7,Low,Safe,Survival
2682,Entertainment,Bookshop,2,45.6,62.4,103.2,13,732.0,9.4,0,6,Medium,Warning,Survival
1151,Food,Canteen,4,97.4,88.6,43.5,2,2522.0,11.0,1,21,High,Safe,Lifestyle
922,Transport,Bookshop,2,58.2,94.0,93.7,2,3963.0,13.5,0,9,High,Safe,Lifestyle
3589,Transport,Snack_Bar,7,29.1,113.6,84.8,11,2918.0,25.5,1,8,High,Safe,Lifestyle
2279,Other,Pharmacy,7,26.9,31.7,46.5,30,3089.0,0.4,0,16,Low,Critical,Survival
2917,Study,Bookshop,3,63.1,124.2,74.8,25,612.0,3.6,0,22,High,Critical,Lifestyle
2532,Study,Pharmacy,7,54.7,17.1,137.3,28,575.0,20.6,1,10,Low,Safe,Lifestyle
3576,Food,Snack_Bar,1,5.7,128.1,69.7,16,626.0,28.9,0,14,High,Safe,Lifestyle
4724,Entertainment,Bookshop,1,83.9,112.9,98.2,17,3971.0,19.3,0,6,High,Safe,Lifestyle
1700,Food,Canteen,9,71.9,89.2,14.9,26,3928.0,7.8,0,14,High,Warning,Lifestyle
485,Transport,Canteen,6,67.9,98.2,20.9,3,1671.0,15.6,1,9,High,Safe,Leakage
3695,Transport,Pharmacy,5,11.5,18.7,21.4,28,1518.0,29.2,0,21,Low,Safe,Survival
2265,Study,Canteen,6,39.4,15.0,119.0,29,1011.0,15.8,1,20,Low,Safe,Lifestyle
968,Entertainment,Canteen,6,93.9,22.2,59.0,29,1652.0,11.2,0,15,Low,Safe,Survival
3257,Other,Canteen,1,86.9,20.5,41.9,26,1796.0,11.5,0,10,Low,Safe,Survival
4489,Entertainment,Snack_Bar,5,32.1,75.7,114.6,27,3119.0,29.0,1,21,Medium,Safe,Survival
2361,Transport,Canteen,9,19.9,35.9,33.8,23,3532.0,21.6,0,11,Low,Safe,Survival
3493,Other,Stationery,4,47.7,113.2,44.5,30,3114.0,20.6,0,21,High,Safe,Lifestyle
1146,Entertainment,Bookshop,3,38.8,63.5,70.3,1,2763.0,7.0,0,9,Medium,Warning,Survival
3535,Entertainment,Canteen,1,69.8,93.5,56.4,18,3181.0,16.8,1,20,High,Safe,Lifestyle
4350,Other,Canteen,2,96.8,88.3,92.0,14,3085.0,10.7,1,8,High,Safe,Lifestyle
1681,Transport,Canteen,3,39.5,48.4,57.3,22,2165.0,7.2,1,14,Low,Warning,Survival
2101,Entertainment,Stationery,4,10.9,39.2,65.0,9,1675.0,26.9,0,10,Low,Safe,Survival
3651,Other,Canteen,7,90.3,51.1,130.8,28,1490.0,11.5,1,21,Medium,Safe,Lifestyle
4264,Transport,Canteen,6,8.6,105.6,133.8,9,2878.0,8.5,0,8,High,Warning,Lifestyle
254,Other,Bookshop,11,95.5,80.4,125.9,12,3858.0,28.0,0,13,Medium,Safe,Leakage
2023,Other,Stationery,8,68.1,40.4,131.1,24,2534.0,5.9,0,19,Low,Warning,Lifestyle
3662,Entertainment,Stationery,9,94.5,108.1,89.8,30,3694.0,22.4,1,8,High,Safe,Lifestyle
3279,Transport,Canteen,6,24.0,16.6,100.5,3,550.0,19.6,1,21,Low,Safe,Survival
1032,Entertainment,Stationery,7,8.9,93.9,88.0,2,3281.0,27.6,1,12,High,Safe,Lifestyle
4608,Food,Pharmacy,4,51.4,62.7,120.0,1,3488.0,25.0,0,14,Medium,Safe,Lifestyle
3006,Food,Stationery,2,47.8,97.8,87.1,27,2708.0,21.2,1,8,High,Safe,Lifestyle
2690,Transport,Stationery,9,36.5,121.3,25.6,27,3769.0,9.4,1,13,High,Warning,Lifestyle
527,Other,Stationery,9,96.0,100.0,123.3,9,2565.0,14.9,0,17,High,Safe,Leakage
3510,Entertainment,Snack_Bar,4,83.1,63.0,116.5,13,1342.0,28.3,1,22,Medium,Safe,Lifestyle
3500,Entertainment,Snack_Bar,3,67.9,28.1,124.8,30,1255.0,0.7,1,19,Low,Critical,Lifestyle
3875,Transport,Snack_Bar,10,20.5,106.8,36.7,21,2445.0,23.8,1,21,High,Safe,Lifestyle
3254,Transport,Stationery,11,74.8,65.3,48.0,28,3673.0,7.6,1,9,Medium,Warning,Survival
2343,Food,Pharmacy,6,74.1,19.0,51.4,16,753.0,5.6,1,8,Low,Warning,Survival
1511,Study,Stationery,3,45.4,96.3,81.1,19,2615.0,7.0,1,18,High,Warning,Lifestyle
3391,Transport,Canteen,1,92.9,45.0,28.7,10,3194.0,1.8,0,14,Low,Critical,Survival
2738,Study,Pharmacy,4,20.9,15.9,64.0,26,904.0,29.8,0,18,Low,Safe,Survival
4183,Transport,Snack_Bar,1,30.4,118.3,35.5,27,909.0,26.1,0,17,High,Safe,Lifestyle
4747,Other,Bookshop,2,11.0,68.0,47.1,5,1781.0,15.6,1,20,Medium,Safe,Survival
364,Other,Pharmacy,3,80.6,43.7,108.9,14,1459.0,21.5,1,8,Low,Safe,Survival
4477,Food,Snack_Bar,8,64.1,96.0,129.7,27,1194.0,16.7,0,8,High,Safe,Lifestyle
1022,Food,Pharmacy,10,34.9,116.3,13.2,15,1195.0,24.3,0,7,High,Safe,Lifestyle
1143,Study,Pharmacy,4,20.6,10.0,89.2,28,957.0,25.3,1,11,Low,Safe,Survival
4625,Transport,Stationery,4,8.8,92.5,15.0,3,2638.0,7.0,1,21,High,Warning,Lifestyle
974,Entertainment,Canteen,10,20.8,102.0,21.9,9,2908.0,13.8,1,14,High,Safe,Lifestyle
2398,Food,Bookshop,9,48.1,35.2,108.7,29,2960.0,19.0,1,8,Low,Safe,Survival
3356,Entertainment,Snack_Bar,7,28.5,68.8,113.0,1,2363.0,29.4,1,21,Medium,Safe,Survival
4442,Entertainment,Pharmacy,2,29.6,20.7,124.0,1,3835.0,20.5,1,9,Low,Safe,Lifestyle
3895,Transport,Bookshop,3,88.2,99.6,76.4,19,3582.0,26.9,0,19,High,Safe,Lifestyle
3652,Study,Pharmacy,4,53.9,111.7,130.4,6,3852.0,25.4,0,9,High,Safe,Lifestyle
1114,Transport,Canteen,4,74.3,23.0,33.4,11,1861.0,17.5,1,8,Low,Safe,Survival
1508,Food,Bookshop,10,8.4,108.0,45.0,30,3572.0,26.8,0,12,High,Safe,Lifestyle
4377,Entertainment,Snack_Bar,8,39.7,102.6,28.8,18,3170.0,11.3,0,18,High,Safe,Lifestyle
713,Transport,Pharmacy,10,50.5,51.6,121.7,14,1690.0,11.4,1,12,Medium,Safe,Leakage
2120,Transport,Canteen,10,22.7,92.8,42.0,16,873.0,23.4,0,18,High,Safe,Lifestyle
3794,Transport,Bookshop,6,16.4,10.0,31.8,1,2889.0,4.0,1,9,Low,Critical,Survival
1609,Food,Pharmacy,3,87.7,121.8,97.2,24,978.0,9.2,1,21,High,Warning,Lifestyle
4766,Study,Pharmacy,11,94.2,76.0,20.8,27,1528.0,18.3,0,20,Medium,Safe,Survival
3390,Transport,Snack_Bar,9,12.5,84.4,16.3,10,2251.0,12.6,0,18,Medium,Safe,Survival
4691,Food,Canteen,10,38.2,89.8,24.9,25,2880.0,28.2,0,15,High,Safe,Lifestyle
1755,Entertainment,Stationery,8,96.0,77.4,10.0,10,3742.0,28.8,1,15,Medium,Safe,Survival
1004,Other,Pharmacy,9,12.9,112.8,107.6,13,2576.0,15.1,1,10,High,Safe,Lifestyle
1479,Food,Bookshop,5,66.1,83.2,88.7,28,2850.0,16.2,1,9,Medium,Safe,Survival
3777,Other,Snack_Bar,3,97.4,118.9,39.4,1,1585.0,21.7,1,20,High,Safe,Lifestyle
3101,Transport,Snack_Bar,4,97.9,79.9,42.6,3,2906.0,13.7,0,14,Medium,Safe,Survival
1587,Transport,Pharmacy,5,49.8,30.5,123.5,14,2032.0,5.7,0,21,Low,Warning,Lifestyle
4888,Food,Pharmacy,9,20.5,119.6,80.3,21,3499.0,22.4,0,9,High,Safe,Lifestyle
2961,Other,Pharmacy,9,24.2,91.8,107.8,16,1874.0,22.1,1,16,High,Safe,Lifestyle
2879,Transport,Stationery,3,89.5,93.9,73.4,23,2139.0,7.3,1,22,High,Warning,Lifestyle
2306,Entertainment,Pharmacy,7,91.6,128.3,43.3,26,2014.0,25.0,0,6,High,Safe,Lifestyle
4423,Study,Canteen,6,62.7,19.0,145.9,20,3339.0,18.4,1,14,Low,Safe,Lifestyle
2968,Study,Bookshop,4,77.8,61.4,89.2,6,3838.0,7.1,1,17,Medium,Warning,Survival
4153,Transport,Pharmacy,5,75.3,38.7,28.3,1,1645.0,19.6,0,17,Low,Safe,Survival
3386,Other,Stationery,10,67.9,85.7,66.9,20,2163.0,7.0,0,15,High,Warning,Lifestyle
3480,Transport,Bookshop,2,83.6,106.8,56.1,24,2971.0,8.0,1,14,High,Warning,Lifestyle
2773,Other,Snack_Bar,11,70.1,126.0,40.0,5,3634.0,25.4,1,21,High,Safe,Lifestyle
4816,Entertainment,Pharmacy,7,55.7,64.6,140.7,8,2228.0,27.9,0,18,Medium,Safe,Lifestyle
2799,Other,Bookshop,4,27.5,104.3,133.3,12,881.0,7.7,1,8,High,Warning,Lifestyle
4233,Transport,Snack_Bar,2,75.7,120.0,37.9,1,1790.0,27.8,0,9,High,Safe,Lifestyle
436,Entertainment,Stationery,11,50.0,92.0,59.3,13,2426.0,7.2,0,18,High,Warning,Leakage
1504,Food,Canteen,6,33.0,39.1,116.7,26,1961.0,3.5,0,18,Low,Critical,Lifestyle
3630,Study,Pharmacy,11,81.2,82.9,39.2,9,1153.0,1.7,1,17,Medium,Critical,Survival
1501,Transport,Canteen,2,71.2,126.4,92.8,20,629.0,7.3,0,6,High,Warning,Lifestyle
2741,Transport,Stationery,10,94.0,128.5,108.0,25,2906.0,11.6,0,7,High,Safe,Lifestyle
2251,Transport,Bookshop,2,20.7,87.1,101.6,24,3975.0,27.8,0,8,High,Safe,Lifestyle
641,Entertainment,Bookshop,7,66.7,116.4,108.9,8,3717.0,7.3,0,18,High,Warning,Leakage
2276,Food,Stationery,1,28.2,34.0,108.9,13,2891.0,11.0,1,17,Low,Safe,Survival
3380,Other,Stationery,7,90.8,39.5,145.1,28,3445.0,22.0,0,21,Low,Safe,Lifestyle
2857,Food,Pharmacy,10,14.5,124.3,58.5,2,1395.0,9.1,0,19,High,Warning,Lifestyle
3998,Entertainment,Snack_Bar,5,67.3,26.2,133.0,15,2679.0,20.5,0,19,Low,Safe,Lifestyle
1004,Transport,Canteen,1,80.2,32.9,13.1,14,712.0,13.0,1,22,Low,Safe,Survival
274,Study,Canteen,6,38.7,60.5,50.3,19,2975.0,5.9,1,10,Medium,Warning,Leakage
2375,Transport,Bookshop,7,95.6,80.8,16.8,26,3895.0,22.0,0,11,Medium,Safe,Survival
4124,Other,Bookshop,1,85.8,82.5,101.2,9,3513.0,0.8,0,15,Medium,Critical,Survival
2289,Study,Pharmacy,9,33.0,45.0,24.1,19,2371.0,8.8,0,14,Low,Warning,Survival
240,Transport,Stationery,7,5.7,120.5,128.4,30,3261.0,10.7,0,12,High,Safe,Leakage
2281,Study,Canteen,1,33.2,119.8,100.5,14,3804.0,13.7,1,9,High,Safe,Lifestyle
4883,Food,Pharmacy,3,31.7,57.0,14.0,8,1256.0,20.4,0,12,Medium,Safe,Survival
1822,Entertainment,Bookshop,5,89.5,62.1,110.1,5,3276.0,13.8,1,16,Medium,Safe,Survival
541,Transport,Bookshop,4,96.9,94.3,130.7,30,1444.0,17.8,0,11,High,Safe,Lifestyle
4252,Other,Canteen,2,11.7,89.6,102.6,7,3569.0,17.9,1,21,High,Safe,Lifestyle
2274,Food,Bookshop,1,49.8,55.9,14.3,4,844.0,11.2,1,21,Medium,Safe,Survival
845,Transport,Bookshop,4,57.1,59.7,130.1,8,1124.0,28.0,1,18,Medium,Safe,Lifestyle
4463,Food,Snack_Bar,7,13.8,51.8,112.5,4,3022.0,28.7,1,17,Medium,Safe,Survival
809,Other,Stationery,11,40.9,38.2,63.0,21,1112.0,17.5,1,7,Low,Safe,Survival
654,Transport,Bookshop,4,35.1,65.0,56.0,30,1053.0,2.2,1,18,Medium,Critical,Survival
3153,Other,Snack_Bar,9,55.9,92.4,77.2,1,2444.0,14.7,0,6,High,Safe,Lifestyle
1908,Study,Pharmacy,8,67.8,99.0,131.4,26,3422.0,5.5,1,15,High,Warning,Lifestyle
3672,Other,Bookshop,8,71.8,103.5,45.3,8,1440.0,14.5,1,15,High,Safe,Lifestyle
3169,Study,Pharmacy,5,18.0,55.0,24.1,7,3444.0,5.7,0,16,Medium,Warning,Survival
3228,Transport,Bookshop,1,82.2,101.8,131.0,11,3328.0,21.1,1,14,High,Safe,Lifestyle
4997,Study,Canteen,9,69.5,10.8,13.7,21,2527.0,2.4,0,9,Low,Critical,Survival
2881,Transport,Snack_Bar,2,89.5,67.2,137.5,16,2763.0,28.6,1,22,Medium,Safe,Lifestyle
3829,Transport,Snack_Bar,6,47.7,105.3,52.8,22,642.0,5.9,1,15,High,Warning,Lifestyle
4425,Entertainment,Canteen,10,89.9,85.6,81.2,17,1785.0,19.8,1,18,High,Safe,Lifestyle
3267,Transport,Stationery,5,87.2,66.9,28.5,24,1422.0,27.5,0,7,Medium,Safe,Survival
1586,Study,Snack_Bar,10,46.6,87.4,136.3,25,1025.0,7.4,1,14,High,Warning,Lifestyle
3976,Entertainment,Pharmacy,8,41.2,118.8,115.0,27,1864.0,28.0,1,12,High,Safe,Lifestyle
3066,Entertainment,Snack_Bar,11,93.6,78.0,139.4,5,1742.0,11.7,0,15,Medium,Safe,Lifestyle
4988,Transport,Stationery,3,72.9,106.0,105.7,26,3051.0,28.8,1,17,High,Safe,Lifestyle
3563,Other,Pharmacy,6,93.2,127.7,35.9,7,2593.0,29.1,1,16,High,Safe,Lifestyle
4324,Other,Pharmacy,6,80.7,94.7,53.2,10,3696.0,5.6,1,9,High,Warning,Lifestyle
348,Entertainment,Canteen,10,62.9,78.8,78.2,13,1009.0,24.9,0,17,Medium,Safe,Leakage
4050,Transport,Bookshop,3,16.0,14.5,95.0,20,709.0,5.8,1,17,Low,Warning,Survival
2258,Other,Canteen,7,32.7,54.9,139.7,15,2371.0,6.8,1,13,Medium,Warning,Lifestyle
1336,Transport,Bookshop,11,97.0,77.9,63.8,6,504.0,2.5,1,19,Medium,Critical,Survival
386,Transport,Canteen,4,35.3,105.7,108.4,2,3257.0,4.7,1,12,High,Warning,Lifestyle
3054,Entertainment,Bookshop,5,13.9,62.6,144.5,4,2271.0,19.0,0,8,Medium,Safe,Lifestyle
1450,Entertainment,Snack_Bar,9,72.2,125.2,31.3,21,2208.0,13.5,1,19,High,Safe,Lifestyle
1533,Food,Pharmacy,6,74.7,42.6,130.8,14,1769.0,23.7,1,15,Low,Safe,Lifestyle
4393,Other,Bookshop,10,32.1,99.3,68.9,25,1812.0,10.0,0,17,High,Warning,Lifestyle
4350,Other,Snack_Bar,4,33.3,60.3,112.5,29,2009.0,29.1,1,18,Medium,Safe,Survival
2911,Other,Stationery,8,49.5,68.3,51.1,25,556.0,1.5,0,22,Medium,Critical,Survival
4701,Study,Canteen,9,7.1,106.3,56.8,24,792.0,1.9,0,11,High,Critical,Lifestyle
1985,Transport,Stationery,10,80.0,45.5,13.8,29,2268.0,21.0,0,21,Low,Safe,Survival
950,Entertainment,Snack_Bar,5,35.1,21.6,146.0,15,1025.0,26.6,0,14,Low,Safe,Lifestyle
1962,Other,Stationery,2,86.1,72.4,123.9,28,3226.0,23.9,1,18,Medium,Safe,Lifestyle
4120,Food,Stationery,6,81.2,73.5,23.1,14,1461.0,14.7,1,9,Medium,Safe,Survival
4660,Other,Snack_Bar,11,67.8,105.7,149.9,4,843.0,8.1,1,18,High,Warning,Lifestyle
681,Transport,Pharmacy,8,35.9,126.2,94.7,6,1323.0,0.4,1,8,High,Critical,Leakage
353,Transport,Bookshop,5,54.1,16.6,129.5,7,1750.0,15.3,0,9,Low,Safe,Leakage
1724,Entertainment,Canteen,1,47.3,81.0,19.3,13,624.0,14.3,1,6,Medium,Safe,Survival
2320,Study,Bookshop,8,37.2,91.8,64.5,17,996.0,10.3,0,6,High,Safe,Lifestyle
2543,Entertainment,Canteen,9,85.6,128.3,103.8,29,1633.0,17.3,1,14,High,Safe,Lifestyle
1440,Other,Bookshop,1,50.9,123.1,24.9,17,1587.0,21.9,1,8,High,Safe,Lifestyle
260,Food,Stationery,8,84.1,95.5,78.4,4,3301.0,21.0,0,8,High,Safe,Leakage
1138,Entertainment,Pharmacy,10,15.0,72.6,72.0,19,3451.0,7.9,1,7,Medium,Warning,Survival
1839,Study,Stationery,2,18.4,29.4,40.2,26,1177.0,17.6,1,16,Low,Safe,Survival
4320,Entertainment,Pharmacy,4,97.8,56.1,52.0,20,934.0,4.5,0,14,Medium,Warning,Survival
4426,Transport,Snack_Bar,2,60.8,80.2,145.4,13,2720.0,3.6,1,7,Medium,Critical,Lifestyle
3769,Other,Canteen,2,53.4,97.0,50.4,29,3316.0,23.6,1,9,High,Safe,Lifestyle
1452,Other,Canteen,10,54.7,86.2,39.9,9,3873.0,20.8,1,14,High,Safe,Lifestyle
4403,Other,Snack_Bar,3,25.5,95.7,85.1,2,524.0,23.0,0,19,High,Safe,Lifestyle
371,Other,Bookshop,8,73.3,61.5,103.9,30,1948.0,4.6,1,21,Medium,Warning,Leakage
1658,Other,Snack_Bar,4,13.1,97.3,111.5,20,3069.0,27.4,0,19,High,Safe,Lifestyle
3749,Other,Snack_Bar,7,59.5,27.2,115.6,23,3400.0,4.0,0,20,Low,Critical,Lifestyle
4397,Food,Pharmacy,10,59.2,29.5,15.2,18,718.0,26.1,1,20,Low,Safe,Survival
2522,Study,Snack_Bar,3,91.8,29.5,65.1,24,2882.0,10.6,1,14,Low,Safe,Survival
1836,Other,Canteen,10,55.0,116.9,118.4,26,1511.0,3.2,0,21,High,Critical,Lifestyle
3315,Study,Stationery,11,18.0,19.1,136.7,20,761.0,8.6,1,22,Low,Warning,Lifestyle
4290,Other,Pharmacy,3,59.4,106.2,94.3,25,2212.0,5.4,1,15,High,Warning,Lifestyle
3204,Entertainment,Pharmacy,2,13.7,38.0,17.3,30,1054.0,14.7,0,10,Low,Safe,Survival
529,Other,Bookshop,6,24.4,66.2,65.5,17,3080.0,28.5,1,14,Medium,Safe,Leakage
3840,Transport,Stationery,6,8.0,119.9,20.4,7,3094.0,9.8,1,19,High,Warning,Lifestyle
4094,Food,Pharmacy,1,53.8,80.3,114.8,17,3447.0,18.4,0,15,Medium,Safe,Survival
4307,Entertainment,Snack_Bar,7,13.0,35.2,18.9,27,1821.0,26.8,0,6,Low,Safe,Survival
1541,Entertainment,Pharmacy,4,49.6,44.1,36.0,10,547.0,18.9,1,8,Low,Safe,Survival
3863,Transport,Pharmacy,11,93.6,120.5,68.4,27,1409.0,10.9,1,21,High,Safe,Lifestyle
415,Other,Pharmacy,3,73.4,61.3,74.8,25,2137.0,29.7,0,10,Medium,Safe,Survival
538,Food,Bookshop,8,12.4,80.4,66.9,14,2929.0,5.6,1,18,Medium,Warning,Leakage
4262,Entertainment,Pharmacy,2,26.3,65.2,74.9,28,1837.0,15.7,0,10,Medium,Safe,Survival
2908,Food,Pharmacy,9,69.0,55.4,109.9,26,2376.0,23.9,1,16,Medium,Safe,Survival
3352,Entertainment,Bookshop,8,90.0,36.8,61.7,12,2335.0,0.0,1,22,Low,Critical,Survival
1950,Other,Stationery,8,8.1,92.3,86.7,29,1077.0,21.1,0,8,High,Safe,Lifestyle
2621,Entertainment,Canteen,3,82.2,96.2,52.5,26,2681.0,8.0,1,11,High,Warning,Lifestyle
909,Entertainment,Bookshop,4,58.4,43.0,59.5,12,2037.0,5.1,0,21,Low,Warning,Survival
3926,Study,Bookshop,2,56.9,104.7,95.9,17,3328.0,8.2,1,7,High,Warning,Lifestyle
3842,Other,Pharmacy,2,96.0,112.5,78.7,19,2917.0,29.0,1,10,High,Safe,Lifestyle
4193,Transport,Pharmacy,4,76.0,120.5,111.2,28,890.0,26.8,0,16,High,Safe,Lifestyle
688,Transport,Canteen,6,85.8,29.3,88.5,23,2211.0,6.4,0,8,Low,Warning,Leakage
246,Other,Pharmacy,5,38.6,46.5,122.5,14,2959.0,3.5,0,17,Low,Critical,Leakage
3559,Transport,Snack_Bar,1,57.7,113.2,72.1,29,805.0,10.9,0,18,High,Safe,Lifestyle
600,Other,Pharmacy,10,63.5,33.8,78.7,17,3274.0,17.8,1,14,Low,Safe,Leakage
4190,Transport,Pharmacy,1,35.6,10.4,103.8,15,1277.0,26.0,0,14,Low,Safe,Survival
3357,Study,Snack_Bar,6,59.2,114.5,41.0,21,2261.0,29.0,0,12,High,Safe,Lifestyle
4545,Transport,Canteen,3,27.5,49.2,64.0,6,3792.0,22.5,0,6,Low,Safe,Survival
590,Entertainment,Snack_Bar,3,18.6,59.7,97.5,30,2500.0,18.0,0,6,Medium,Safe,Survival
4053,Other,Bookshop,7,40.5,63.6,14.0,19,1984.0,4.3,1,8,Medium,Warning,Survival
4630,Food,Snack_Bar,1,75.2,111.8,71.2,29,524.0,2.2,0,12,High,Critical,Lifestyle
828,Food,Stationery,1,92.0,50.5,93.8,22,967.0,17.9,0,17,Medium,Safe,Survival
4432,Other,Bookshop,10,48.5,117.1,145.4,20,2525.0,16.2,1,21,High,Safe,Lifestyle
3130,Study,Pharmacy,3,66.1,84.0,132.8,6,2228.0,25.4,1,18,Medium,Safe,Lifestyle
1721,Transport,Bookshop,8,14.8,73.3,49.3,6,1773.0,9.7,0,22,Medium,Warning,Survival
1026,Study,Canteen,1,90.9,49.1,81.0,4,3731.0,1.2,1,14,Low,Critical,Survival
1700,Food,Canteen,10,59.0,39.2,17.9,1,1664.0,12.7,1,19,Low,Safe,Survival
3494,Other,Snack_Bar,4,79.1,84.9,43.7,19,2380.0,29.1,0,10,Medium,Safe,Survival
2619,Other,Bookshop,9,80.5,63.6,118.5,11,2490.0,23.9,0,16,Medium,Safe,Lifestyle
1134,Study,Pharmacy,4,29.4,119.3,27.3,26,2346.0,1.0,0,11,High,Critical,Lifestyle
3242,Study,Canteen,10,55.3,69.0,46.1,7,2172.0,26.2,0,11,Medium,Safe,Survival
4697,Transport,Pharmacy,8,96.2,71.4,142.2,2,1680.0,14.2,0,13,Medium,Safe,Lifestyle
1666,Entertainment,Stationery,7,13.5,60.0,125.3,4,3681.0,10.9,1,6,Medium,Safe,Lifestyle
3761,Entertainment,Canteen,3,69.9,104.7,119.5,6,2078.0,10.4,0,14,High,Safe,Lifestyle
814,Transport,Snack_Bar,7,96.4,61.0,131.0,5,2350.0,17.9,1,15,Medium,Safe,Lifestyle
1382,Entertainment,Stationery,7,33.6,42.3,114.9,30,2798.0,15.9,1,22,Low,Safe,Survival
3423,Food,Bookshop,10,86.8,113.4,26.9,22,737.0,19.7,1,8,High,Safe,Lifestyle
2867,Entertainment,Pharmacy,3,93.7,81.6,82.3,21,3235.0,17.2,0,18,Medium,Safe,Survival
330,Transport,Canteen,2,76.0,81.0,72.2,9,2294.0,4.3,1,13,Medium,Warning,Survival
3183,Entertainment,Stationery,9,27.0,83.3,53.6,11,2800.0,7.7,0,19,Medium,Warning,Survival
4478,Other,Stationery,1,36.7,96.3,126.8,28,3202.0,25.2,0,13,High,Safe,Lifestyle
4659,Study,Canteen,7,8.4,47.6,75.0,29,3559.0,19.9,0,18,Low,Safe,Survival
238,Food,Bookshop,4,84.0,14.1,18.4,18,1873.0,13.5,1,11,Low,Safe,Survival
4159,Other,Bookshop,2,85.7,107.3,48.5,20,3340.0,5.5,1,9,High,Warning,Lifestyle
3787,Other,Snack_Bar,2,65.1,25.5,42.0,17,1406.0,0.2,1,11,Low,Critical,Survival
1120,Transport,Bookshop,8,38.5,96.6,134.2,28,2811.0,9.4,0,7,High,Warning,Lifestyle
2969,Study,Snack_Bar,7,12.3,19.9,100.6,13,859.0,1.6,1,15,Low,Critical,Survival
4311,Study,Stationery,7,76.5,55.0,88.5,23,570.0,14.5,1,16,Medium,Safe,Survival
692,Food,Canteen,5,74.0,17.6,80.9,17,835.0,24.7,0,16,Low,Safe,Leakage
1331,Transport,Bookshop,10,91.7,72.7,101.0,22,1618.0,8.6,0,8,Medium,Warning,Survival
3721,Food,Snack_Bar,8,74.4,88.4,115.7,26,609.0,25.4,0,16,High,Safe,Lifestyle
510,Entertainment,Stationery,2,83.7,30.6,87.6,10,2707.0,21.1,1,13,Low,Safe,Survival
938,Other,Bookshop,2,75.9,54.6,141.4,29,1608.0,3.8,0,22,Medium,Critical,Lifestyle
3441,Food,Pharmacy,5,64.9,121.6,146.8,25,3077.0,19.3,1,6,High,Safe,Lifestyle
745,Other,Stationery,1,45.6,63.1,149.3,18,661.0,4.6,0,21,Medium,Warning,Lifestyle
2661,Transport,Bookshop,6,90.7,106.3,103.7,17,1258.0,19.6,1,12,High,Safe,Lifestyle
4546,Entertainment,Stationery,4,66.8,121.3,140.6,12,1928.0,4.3,1,13,High,Warning,Lifestyle
2004,Transport,Canteen,6,42.8,126.9,66.6,15,1839.0,11.8,1,18,High,Safe,Lifestyle
3412,Entertainment,Canteen,7,12.9,117.8,130.3,27,958.0,17.0,1,10,High,Safe,Lifestyle
4010,Entertainment,Canteen,3,32.6,48.1,137.3,27,3979.0,1.5,0,17,Low,Critical,Lifestyle
1013,Other,Pharmacy,11,56.7,125.5,136.6,27,1496.0,4.6,1,21,High,Warning,Lifestyle
4324,Transport,Canteen,8,31.2,107.5,126.3,26,3024.0,9.6,1,8,High,Warning,Lifestyle
2232,Transport,Pharmacy,7,26.0,110.5,66.9,29,1270.0,13.9,0,17,High,Safe,Lifestyle
4772,Food,Canteen,1,55.1,11.8,32.2,19,3572.0,25.8,0,13,Low,Safe,Survival
4613,Transport,Stationery,6,21.1,124.5,56.8,22,1857.0,5.6,0,18,High,Warning,Lifestyle
444,Food,Bookshop,7,81.0,103.4,117.4,15,3653.0,10.4,1,13,High,Safe,Leakage
4992,Study,Bookshop,11,51.0,102.2,42.6,13,1696.0,14.3,1,15,High,Safe,Lifestyle
471,Study,Canteen,4,59.5,19.8,77.0,7,530.0,8.9,0,19,Low,Warning,Survival
3711,Study,Bookshop,2,19.0,37.9,89.2,11,2310.0,18.8,0,20,Low,Safe,Survival
1971,Transport,Canteen,10,35.8,125.5,94.5,8,2337.0,7.7,0,20,High,Warning,Lifestyle
1462,Transport,Canteen,9,44.0,70.1,141.0,20,919.0,23.2,1,11,Medium,Safe,Lifestyle
2624,Food,Snack_Bar,7,81.8,57.7,102.6,16,1322.0,15.2,1,19,Medium,Safe,Survival
4561,Entertainment,Snack_Bar,1,78.2,110.8,120.1,24,3242.0,2.6,0,11,High,Critical,Lifestyle
1120,Food,Snack_Bar,8,26.2,20.5,91.5,23,629.0,18.8,1,6,Low,Safe,Survival
3630,Study,Pharmacy,3,63.5,60.0,126.7,11,2213.0,17.1,1,15,Medium,Safe,Lifestyle
4635,Food,Snack_Bar,4,28.1,55.1,46.9,24,2356.0,10.2,0,16,Medium,Safe,Survival
4684,Entertainment,Canteen,5,98.9,52.0,39.4,5,2910.0,0.3,1,8,Medium,Critical,Survival
2824,Transport,Stationery,1,95.5,46.9,139.7,26,631.0,6.0,1,11,Low,Warning,Lifestyle
3960,Food,Snack_Bar,6,58.5,35.2,107.1,7,2550.0,12.2,0,14,Low,Safe,Survival
2250,Study,Snack_Bar,10,71.4,30.7,104.0,16,511.0,6.0,0,14,Low,Warning,Survival
3700,Study,Stationery,6,81.1,86.8,75.4,30,1428.0,17.3,0,9,High,Safe,Lifestyle
1365,Transport,Canteen,2,73.5,120.3,62.7,16,2249.0,21.4,0,8,High,Safe,Lifestyle
575,Food,Pharmacy,11,71.5,71.1,87.8,20,3689.0,25.7,0,16,Medium,Safe,Leakage
2233,Entertainment,Snack_Bar,10,96.1,45.8,26.9,29,943.0,19.4,1,22,Low,Safe,Survival
345,Transport,Stationery,6,61.7,29.1,73.7,17,1093.0,20.7,1,13,Low,Safe,Leakage
4588,Food,Canteen,8,65.4,109.6,73.8,19,2842.0,18.3,1,11,High,Safe,Lifestyle
631,Other,Bookshop,6,85.7,126.6,85.4,28,1812.0,29.6,0,10,High,Safe,Leakage
904,Study,Pharmacy,4,68.6,51.9,98.9,26,2682.0,7.8,0,13,Medium,Warning,Survival
2832,Entertainment,Stationery,4,74.6,44.9,144.0,15,3991.0,8.0,1,13,Low,Warning,Lifestyle
4694,Entertainment,Stationery,9,27.2,82.2,101.3,25,3954.0,3.8,1,8,Medium,Critical,Survival
1163,Entertainment,Stationery,6,40.3,103.0,133.7,15,1738.0,14.6,0,21,High,Safe,Lifestyle
2434,Study,Snack_Bar,8,19.0,64.6,87.9,27,2264.0,2.9,0,15,Medium,Critical,Survival
2241,Food,Bookshop,8,53.0,85.6,97.8,20,3666.0,8.1,1,8,High,Warning,Lifestyle
2028,Transport,Pharmacy,7,48.3,96.0,19.8,30,823.0,14.5,1,14,High,Safe,Lifestyle
2308,Food,Canteen,3,99.7,125.3,28.7,21,2083.0,28.7,1,13,High,Safe,Lifestyle
4268,Transport,Canteen,10,63.1,29.8,91.2,15,1822.0,28.9,0,13,Low,Safe,Survival
1138,Entertainment,Bookshop,1,79.7,129.7,65.4,3,1532.0,22.3,1,13,High,Safe,Lifestyle
1006,Food,Stationery,5,36.7,57.1,121.8,12,3980.0,11.7,1,12,Medium,Safe,Lifestyle
1663,Entertainment,Stationery,10,84.0,96.8,86.0,27,3067.0,26.0,0,19,High,Safe,Lifestyle
3615,Other,Stationery,10,63.4,78.7,133.5,6,1861.0,26.3,1,22,Medium,Safe,Lifestyle
210,Entertainment,Stationery,2,71.2,68.4,146.1,20,3402.0,27.3,0,17,Medium,Safe,Lifestyle
2068,Entertainment,Stationery,10,33.0,93.8,30.7,5,2214.0,19.2,1,10,High,Safe,Lifestyle
1084,Transport,Bookshop,2,57.1,57.5,65.3,11,3555.0,6.1,0,7,Medium,Warning,Survival
3764,Other,Snack_Bar,7,65.2,25.1,103.1,23,1432.0,2.7,0,20,Low,Critical,Survival
1589,Entertainment,Pharmacy,11,61.0,68.7,52.8,12,1283.0,27.4,0,16,Medium,Safe,Survival
3601,Entertainment,Stationery,3,91.9,72.6,47.4,7,1366.0,1.7,0,20,Medium,Critical,Survival
4521,Other,Snack_Bar,8,90.3,34.2,123.9,9,2385.0,8.9,0,18,Low,Warning,Lifestyle
1024,Other,Canteen,9,97.2,122.3,147.3,18,1520.0,14.6,1,17,High,Safe,Lifestyle
2465,Food,Bookshop,8,68.4,37.3,118.3,14,1015.0,0.7,0,20,Low,Critical,Lifestyle
1136,Transport,Snack_Bar,6,97.3,59.1,83.3,4,3981.0,27.2,1,17,Medium,Safe,Survival
3000,Other,Stationery,5,84.1,28.6,72.0,8,3652.0,8.6,0,9,Low,Warning,Survival
2753,Other,Stationery,3,30.7,74.3,85.6,16,2723.0,0.9,1,16,Medium,Critical,Survival
4045,Study,Stationery,3,45.6,46.9,74.8,4,3620.0,29.8,1,20,Low,Safe,Survival
1996,Other,Snack_Bar,7,27.6,68.7,80.4,28,3774.0,9.3,1,10,Medium,Warning,Survival
253,Transport,Stationery,5,5.4,37.0,38.5,19,2866.0,26.3,0,10,Low,Safe,Leakage
926,Entertainment,Snack_Bar,6,22.9,16.5,136.5,30,2315.0,13.6,1,15,Low,Safe,Lifestyle
2936,Entertainment,Stationery,6,5.4,103.5,115.6,26,3587.0,19.9,1,15,High,Safe,Lifestyle
3370,Entertainment,Canteen,9,73.4,86.9,105.3,6,2487.0,7.2,0,11,High,Warning,Lifestyle
2113,Entertainment,Canteen,1,45.4,50.9,143.0,19,944.0,15.1,1,11,Medium,Safe,Lifestyle
1796,Study,Pharmacy,8,34.7,15.7,49.8,15,1784.0,7.7,1,11,Low,Warning,Survival
2114,Other,Stationery,10,77.4,113.9,21.4,12,2061.0,28.5,0,12,High,Safe,Lifestyle
2666,Entertainment,Stationery,5,84.1,30.4,125.7,30,3774.0,1.8,0,9,Low,Critical,Lifestyle
2937,Food,Snack_Bar,6,97.7,121.7,149.8,12,2807.0,8.2,0,19,High,Warning,Lifestyle
1049,Entertainment,Snack_Bar,6,66.0,67.4,91.0,2,3563.0,26.8,0,16,Medium,Safe,Survival
2309,Other,Stationery,1,48.8,50.8,18.2,9,3152.0,14.4,1,12,Medium,Safe,Survival
202,Entertainment,Pharmacy,3,34.0,99.0,119.3,3,1585.0,18.0,1,7,High,Safe,Lifestyle
4455,Study,Stationery,6,26.1,115.2,20.3,1,3015.0,19.6,0,7,High,Safe,Lifestyle
4269,Transport,Snack_Bar,11,25.2,54.5,85.6,14,1184.0,2.1,1,12,Medium,Critical,Survival
1092,Transport,Stationery,11,43.9,58.9,48.9,28,1929.0,0.5,1,16,Medium,Critical,Survival
2230,Other,Snack_Bar,9,99.2,62.0,138.1,28,3321.0,28.1,0,12,Medium,Safe,Lifestyle
3360,Transport,Stationery,6,5.1,120.7,73.2,13,2642.0,8.1,1,10,High,Warning,Lifestyle
2576,Transport,Bookshop,6,23.7,93.1,135.8,29,3389.0,11.4,1,7,High,Safe,Lifestyle
4875,Food,Snack_Bar,1,22.9,39.7,51.9,25,1391.0,20.5,0,19,Low,Safe,Survival
2133,Other,Pharmacy,9,73.1,32.2,64.2,5,3124.0,7.1,1,12,Low,Warning,Survival
1580,Other,Bookshop,4,38.5,37.6,142.6,7,1208.0,22.0,0,15,Low,Safe,Lifestyle
3881,Transport,Stationery,2,48.4,41.6,38.2,14,2409.0,13.7,1,13,Low,Safe,Survival
1490,Transport,Snack_Bar,1,19.1,37.6,91.0,16,2017.0,25.7,1,21,Low,Safe,Survival
1840,Transport,Bookshop,3,43.5,89.0,64.4,18,2448.0,8.4,0,19,High,Warning,Lifestyle
2882,Study,Pharmacy,3,14.8,23.9,118.4,14,974.0,6.1,1,14,Low,Warning,Lifestyle
1187,Entertainment,Snack_Bar,5,55.6,56.5,28.1,1,1764.0,25.0,0,11,Medium,Safe,Survival
1418,Study,Bookshop,1,14.3,85.0,71.2,6,2834.0,9.8,0,12,Medium,Warning,Survival
1555,Other,Bookshop,7,80.1,44.9,107.9,29,2455.0,12.4,0,14,Low,Safe,Survival
4465,Food,Bookshop,1,58.8,17.8,67.0,21,2421.0,23.8,1,12,Low,Safe,Survival
4816,Entertainment,Canteen,4,73.8,19.8,18.2,10,2288.0,19.1,1,14,Low,Safe,Survival
4335,Food,Stationery,6,44.8,25.1,108.7,6,3804.0,13.3,0,12,Low,Safe,Survival
1760,Other,Snack_Bar,1,41.2,110.3,80.4,2,3771.0,7.5,0,17,High,Warning,Lifestyle
1618,Other,Snack_Bar,7,14.3,88.9,11.6,7,1761.0,22.9,0,22,High,Safe,Lifestyle
1154,Food,Snack_Bar,10,54.8,17.7,95.8,17,1732.0,5.4,1,17,Low,Warning,Survival
1183,Food,Bookshop,7,53.9,56.9,138.8,27,2442.0,27.8,0,10,Medium,Safe,Lifestyle
1174,Food,Stationery,3,49.5,43.4,25.5,24,835.0,4.5,1,10,Low,Warning,Survival
4333,Other,Pharmacy,4,75.3,79.4,92.7,14,1561.0,24.1,0,10,Medium,Safe,Survival
4172,Transport,Snack_Bar,6,84.1,72.7,112.0,23,1308.0,12.7,1,12,Medium,Safe,Survival
1113,Food,Stationery,11,76.3,67.7,19.9,7,1282.0,5.6,1,8,Medium,Warning,Survival
4749,Entertainment,Stationery,7,18.7,47.7,13.2,22,2735.0,12.1,1,6,Low,Safe,Survival
236,Other,Canteen,4,64.1,26.5,75.0,26,1845.0,6.6,1,11,Low,Warning,Survival
3587,Study,Snack_Bar,10,12.6,99.1,120.8,21,1099.0,4.1,1,12,High,Warning,Lifestyle
1911,Study,Bookshop,11,71.0,115.6,32.5,9,3607.0,7.2,1,13,High,Warning,Lifestyle
3220,Entertainment,Stationery,9,41.3,123.3,127.1,19,3560.0,26.0,0,19,High,Safe,Lifestyle
995,Transport,Stationery,9,17.6,17.0,101.9,30,3519.0,3.2,0,20,Low,Critical,Survival
4236,Food,Pharmacy,9,86.9,98.8,56.5,25,1868.0,29.2,0,12,High,Safe,Lifestyle
4888,Other,Canteen,10,63.3,97.2,82.2,21,699.0,0.1,1,12,High,Critical,Lifestyle
3311,Food,Stationery,6,38.7,123.7,145.2,24,874.0,19.7,1,6,High,Safe,Lifestyle
1524,Other,Stationery,2,7.9,40.3,40.3,11,1466.0,25.7,1,14,Low,Safe,Survival
517,Study,Bookshop,2,56.0,99.1,79.9,3,1270.0,28.0,0,12,High,Safe,Lifestyle
2596,Food,Bookshop,11,92.7,16.6,97.4,23,3559.0,4.3,1,12,Low,Warning,Survival
2362,Entertainment,Pharmacy,4,61.7,85.7,29.3,26,3952.0,20.9,0,19,High,Safe,Lifestyle
2945,Transport,Pharmacy,9,97.3,52.1,16.1,4,3358.0,3.2,0,20,Medium,Critical,Survival
1791,Entertainment,Pharmacy,3,18.0,102.3,11.9,5,3054.0,10.6,0,15,High,Safe,Lifestyle
3311,Transport,Bookshop,6,59.0,113.6,55.5,4,2560.0,22.0,1,8,High,Safe,Lifestyle
4130,Food,Bookshop,2,80.8,53.8,20.4,13,3195.0,10.4,0,16,Medium,Safe,Survival
2196,Food,Canteen,1,54.9,73.1,122.5,9,3815.0,9.4,0,6,Medium,Warning,Lifestyle
1512,Transport,Snack_Bar,5,13.7,24.1,149.6,28,2605.0,3.5,1,7,Low,Critical,Lifestyle
1485,Study,Snack_Bar,8,60.4,60.0,18.6,23,1041.0,2.0,0,21,Medium,Critical,Survival
4511,Other,Canteen,10,63.1,53.3,70.6,14,1074.0,3.5,0,8,Medium,Critical,Survival
2583,Entertainment,Snack_Bar,10,74.2,32.0,13.6,16,2544.0,26.3,0,22,Low,Safe,Survival
3439,Entertainment,Bookshop,2,77.3,117.3,28.8,22,1667.0,0.3,1,8,High,Critical,Lifestyle
2339,Entertainment,Snack_Bar,10,78.2,27.8,55.2,6,3686.0,20.8,1,16,Low,Safe,Survival
1904,Food,Bookshop,9,68.0,86.3,65.1,27,2641.0,23.1,1,9,High,Safe,Lifestyle
562,Entertainment,Canteen,8,25.5,116.8,141.6,10,2868.0,17.0,1,12,High,Safe,Leakage
2804,Other,Pharmacy,3,43.4,119.4,65.4,23,520.0,21.9,0,21,High,Safe,Lifestyle
1916,Other,Canteen,1,78.7,105.2,79.5,21,2246.0,19.6,1,22,High,Safe,Lifestyle
4651,Transport,Snack_Bar,4,95.6,31.1,44.4,26,2009.0,13.7,1,16,Low,Safe,Survival
4486,Food,Bookshop,8,12.5,108.1,10.0,13,2971.0,11.5,0,9,High,Safe,Lifestyle
3938,Other,Snack_Bar,3,55.9,43.2,135.9,30,1839.0,28.2,0,8,Low,Safe,Lifestyle
2669,Study,Snack_Bar,10,34.7,120.7,21.4,3,3918.0,29.2,1,21,High,Safe,Lifestyle
4995,Food,Pharmacy,2,26.4,95.1,145.0,27,2846.0,19.5,0,7,High,Safe,Lifestyle
756,Food,Snack_Bar,7,53.1,104.2,28.3,11,2810.0,5.9,0,10,High,Warning,Leakage
1025,Other,Pharmacy,4,62.6,20.2,94.7,3,3718.0,13.4,1,8,Low,Safe,Survival
3008,Study,Bookshop,6,5.9,79.9,149.9,7,3983.0,14.9,1,7,Medium,Safe,Lifestyle
4721,Transport,Bookshop,5,79.1,108.5,29.4,27,1192.0,22.7,0,7,High,Safe,Lifestyle
2919,Other,Pharmacy,2,82.9,113.4,69.4,30,3337.0,20.0,0,7,High,Safe,Lifestyle
3708,Study,Canteen,10,96.7,13.4,119.3,10,1068.0,15.4,1,21,Low,Safe,Lifestyle
3941,Food,Bookshop,2,22.2,122.7,14.5,1,2100.0,20.4,1,6,High,Safe,Lifestyle
1774,Study,Canteen,9,61.5,15.2,106.6,4,851.0,0.7,1,14,Low,Critical,Survival
4198,Food,Bookshop,11,45.5,83.7,21.3,26,2682.0,23.3,0,14,Medium,Safe,Survival
2329,Other,Bookshop,10,36.8,93.2,43.1,30,2140.0,6.3,0,16,High,Warning,Lifestyle
2603,Other,Stationery,2,58.7,22.9,32.4,8,2700.0,19.7,0,6,Low,Safe,Survival
3529,Entertainment,Snack_Bar,8,79.3,15.8,137.0,20,2873.0,3.4,1,22,Low,Critical,Lifestyle
788,Entertainment,Snack_Bar,8,7.2,104.2,35.3,17,2668.0,3.4,1,11,High,Critical,Leakage
2212,Entertainment,Canteen,1,97.1,56.2,15.7,5,1529.0,1.1,1,6,Medium,Critical,Survival
1747,Other,Snack_Bar,1,81.9,22.9,92.3,17,3429.0,27.3,1,14,Low,Safe,Survival
494,Transport,Canteen,4,76.4,101.5,58.5,9,2431.0,18.1,1,6,High,Safe,Lifestyle
2185,Other,Bookshop,2,77.2,111.9,66.8,8,2214.0,10.9,0,9,High,Safe,Lifestyle
3317,Study,Stationery,1,42.0,80.5,26.7,30,3955.0,23.6,0,22,Medium,Safe,Survival
1890,Other,Stationery,9,76.4,29.3,114.8,7,1492.0,18.8,0,19,Low,Safe,Survival
1336,Other,Bookshop,3,41.7,11.8,94.2,5,2348.0,18.6,0,12,Low,Safe,Survival
2264,Food,Pharmacy,1,90.4,94.1,61.0,4,2888.0,14.6,0,14,High,Safe,Lifestyle
4655,Food,Pharmacy,2,21.8,76.0,34.0,23,938.0,0.2,0,14,Medium,Critical,Survival
4995,Food,Snack_Bar,8,32.8,88.1,93.1,3,1740.0,7.8,1,20,High,Warning,Lifestyle
4743,Other,Canteen,5,57.4,107.6,119.0,8,3306.0,3.3,1,16,High,Critical,Lifestyle
4970,Transport,Stationery,11,35.3,62.1,53.7,5,1329.0,19.9,1,12,Medium,Safe,Survival
1207,Study,Snack_Bar,7,45.3,24.9,13.6,5,2227.0,7.5,1,11,Low,Warning,Survival
2714,Study,Bookshop,6,51.8,122.8,40.0,17,2707.0,13.5,0,14,High,Safe,Lifestyle
3726,Transport,Stationery,1,86.4,75.4,105.5,29,2849.0,10.6,0,9,Medium,Safe,Survival
4881,Transport,Canteen,6,54.7,83.8,148.5,15,3049.0,4.3,0,22,Medium,Warning,Lifestyle
1447,Study,Canteen,11,39.4,122.0,11.9,26,3531.0,28.8,1,11,High,Safe,Lifestyle
4102,Entertainment,Pharmacy,7,28.5,121.8,52.9,27,1875.0,28.0,1,22,High,Safe,Lifestyle
1635,Food,Snack_Bar,4,43.8,78.7,18.7,8,2973.0,2.5,1,19,Medium,Critical,Survival
771,Food,Bookshop,8,54.0,45.7,54.3,7,3063.0,24.8,0,10,Low,Safe,Leakage
2582,Study,Stationery,8,75.9,129.7,66.8,17,1551.0,14.7,0,13,High,Safe,Lifestyle
1445,Transport,Canteen,7,16.5,91.7,138.9,12,3889.0,23.2,1,15,High,Safe,Lifestyle
2284,Entertainment,Stationery,11,26.1,59.0,21.3,28,3528.0,4.5,1,16,Medium,Warning,Survival
477,Study,Bookshop,2,41.1,77.2,118.8,4,1515.0,4.0,1,8,Medium,Critical,Lifestyle
2087,Food,Stationery,6,39.2,59.9,65.4,20,2863.0,26.7,1,7,Medium,Safe,Survival
4779,Other,Snack_Bar,6,42.2,116.6,123.6,28,3012.0,26.9,1,19,High,Safe,Lifestyle
1465,Transport,Pharmacy,7,80.4,67.9,81.9,25,2010.0,14.0,1,9,Medium,Safe,Survival
1240,Other,Stationery,6,35.8,108.8,15.5,26,3523.0,26.1,0,22,High,Safe,Lifestyle
1117,Study,Pharmacy,2,52.7,110.8,142.5,18,2916.0,20.0,1,22,High,Safe,Lifestyle
1085,Food,Bookshop,8,64.3,108.9,21.6,4,2804.0,5.6,0,14,High,Warning,Lifestyle
2952,Entertainment,Pharmacy,4,27.1,96.7,93.7,10,1273.0,9.9,0,14,High,Warning,Lifestyle
221,Other,Stationery,9,73.3,112.6,132.9,3,1927.0,4.1,1,8,High,Warning,Leakage
4769,Entertainment,Stationery,8,57.0,56.5,21.2,26,2019.0,23.2,0,9,Medium,Safe,Survival
3391,Food,Canteen,3,47.4,23.8,87.5,5,3068.0,29.6,1,7,Low,Safe,Survival
2553,Other,Stationery,3,81.9,111.1,125.4,12,2664.0,16.4,1,19,High,Safe,Lifestyle
4999,Entertainment,Pharmacy,8,28.1,69.8,148.1,23,801.0,19.7,1,13,Medium,Safe,Lifestyle
886,Entertainment,Canteen,2,88.9,25.3,111.4,5,1577.0,22.4,1,9,Low,Safe,Survival
484,Other,Stationery,9,58.3,23.8,49.0,5,2156.0,6.7,0,13,Low,Warning,Leakage
3947,Food,Stationery,4,62.9,29.1,107.9,4,3079.0,10.1,0,12,Low,Safe,Survival
962,Entertainment,Bookshop,6,88.1,100.1,108.8,30,3102.0,12.4,1,20,High,Safe,Lifestyle
2628,Study,Canteen,3,82.7,95.3,108.0,25,2217.0,17.8,0,20,High,Safe,Lifestyle
2707,Other,Bookshop,3,62.1,34.5,129.6,6,909.0,25.5,1,7,Low,Safe,Lifestyle
228,Transport,Bookshop,3,76.6,111.6,22.2,10,1525.0,7.6,1,9,High,Warning,Lifestyle
1106,Transport,Bookshop,11,46.2,43.8,25.2,6,1391.0,14.1,1,14,Low,Safe,Survival
3304,Food,Snack_Bar,10,57.0,105.2,99.7,27,3234.0,22.5,1,12,High,Safe,Lifestyle
4199,Study,Bookshop,2,10.9,68.7,143.5,22,1130.0,2.6,1,17,Medium,Critical,Lifestyle
3194,Entertainment,Pharmacy,8,13.5,97.8,75.2,22,2127.0,15.4,0,19,High,Safe,Lifestyle
2706,Transport,Stationery,9,83.8,55.8,144.5,1,2848.0,4.3,0,12,Medium,Warning,Lifestyle
4865,Food,Snack_Bar,8,10.7,51.7,141.3,16,3877.0,16.2,0,11,Medium,Safe,Lifestyle
3809,Study,Bookshop,10,21.1,111.0,136.4,11,3997.0,23.0,1,20,High,Safe,Lifestyle
3753,Study,Stationery,3,80.6,14.2,137.4,6,3835.0,7.1,1,17,Low,Warning,Lifestyle
1653,Food,Canteen,7,5.1,127.0,135.8,20,3014.0,25.5,0,7,High,Safe,Lifestyle
3556,Food,Canteen,11,31.8,87.8,124.8,18,3113.0,10.0,0,16,High,Warning,Lifestyle
715,Entertainment,Stationery,10,60.5,61.9,107.3,6,3157.0,5.7,1,18,Medium,Warning,Leakage
238,Food,Pharmacy,2,61.6,85.4,13.4,17,3519.0,14.0,1,9,High,Safe,Lifestyle
3542,Entertainment,Stationery,4,78.8,24.7,28.5,12,3831.0,26.3,1,6,Low,Safe,Survival
1086,Entertainment,Stationery,6,53.1,71.7,28.8,17,2060.0,2.1,1,7,Medium,Critical,Survival
3044,Other,Snack_Bar,11,53.4,128.2,13.3,21,1958.0,9.8,0,19,High,Warning,Lifestyle
2404,Study,Canteen,5,73.9,38.2,26.3,22,2112.0,19.6,0,16,Low,Safe,Survival
1298,Study,Canteen,9,52.4,96.7,138.8,18,2809.0,10.7,1,16,High,Safe,Lifestyle
2023,Study,Bookshop,10,62.8,62.2,102.9,10,3214.0,2.1,0,22,Medium,Critical,Survival
3401,Other,Stationery,4,90.3,88.3,53.7,24,3547.0,10.0,0,22,High,Warning,Lifestyle
3355,Entertainment,Stationery,5,43.1,34.6,121.1,20,2097.0,24.6,1,7,Low,Safe,Lifestyle
3293,Entertainment,Pharmacy,4,41.6,66.5,78.4,12,1772.0,29.0,0,7,Medium,Safe,Survival
3730,Food,Canteen,8,5.3,127.6,29.9,4,3942.0,1.2,1,18,High,Critical,Lifestyle
3978,Other,Pharmacy,8,63.3,33.4,133.8,10,1312.0,17.1,0,11,Low,Safe,Lifestyle
3096,Food,Snack_Bar,3,7.8,86.4,57.4,30,1277.0,3.2,1,20,High,Critical,Lifestyle
3653,Other,Bookshop,1,52.9,79.1,107.8,5,3004.0,20.4,1,16,Medium,Safe,Survival
3711,Food,Pharmacy,6,81.4,77.8,50.7,26,1129.0,0.2,0,9,Medium,Critical,Survival
1188,Transport,Canteen,2,57.2,83.8,80.0,4,1898.0,0.4,1,19,Medium,Critical,Survival
4316,Study,Snack_Bar,2,30.6,70.3,124.3,27,1523.0,23.3,1,22,Medium,Safe,Lifestyle
4226,Study,Stationery,3,79.7,12.0,31.9,30,1090.0,2.2,1,13,Low,Critical,Survival
4379,Entertainment,Snack_Bar,8,30.6,118.0,146.8,16,2529.0,9.2,1,18,High,Warning,Lifestyle
1882,Transport,Pharmacy,3,74.6,109.2,19.8,5,1807.0,28.7,0,20,High,Safe,Lifestyle
4865,Study,Canteen,7,63.0,30.9,84.8,26,2118.0,29.6,1,16,Low,Safe,Survival
4163,Entertainment,Pharmacy,10,21.1,59.6,138.2,19,1186.0,4.8,0,21,Medium,Warning,Lifestyle
1133,Transport,Stationery,10,91.0,102.5,142.4,24,3188.0,16.8,0,17,High,Safe,Lifestyle
3798,Study,Stationery,9,24.1,127.6,42.5,6,1601.0,16.8,0,17,High,Safe,Lifestyle
3433,Food,Canteen,8,99.0,124.1,30.2,24,1700.0,13.6,1,11,High,Safe,Lifestyle
2180,Other,Bookshop,1,5.7,117.9,111.4,21,1383.0,27.7,0,11,High,Safe,Lifestyle
2055,Transport,Snack_Bar,7,30.0,29.0,15.9,7,2020.0,22.6,1,9,Low,Safe,Survival
3256,Entertainment,Snack_Bar,7,24.0,119.7,77.9,10,2123.0,22.9,1,6,High,Safe,Lifestyle
992,Transport,Stationery,8,6.3,115.4,121.5,7,2354.0,8.1,1,22,High,Warning,Lifestyle
991,Entertainment,Pharmacy,10,74.6,55.2,88.4,22,3886.0,13.0,0,9,Medium,Safe,Survival
2009,Transport,Pharmacy,5,70.9,57.3,36.3,14,3666.0,14.6,1,22,Medium,Safe,Survival
2455,Entertainment,Bookshop,10,80.3,65.2,78.2,28,2633.0,9.0,0,10,Medium,Warning,Survival
3810,Study,Pharmacy,9,29.4,88.7,139.0,10,636.0,2.8,1,14,High,Critical,Lifestyle
1807,Food,Snack_Bar,9,47.2,41.3,96.4,30,2643.0,3.8,1,11,Low,Critical,Survival
1184,Study,Pharmacy,8,67.6,12.8,111.0,29,814.0,5.4,0,17,Low,Warning,Survival
3876,Food,Bookshop,6,46.8,26.9,57.1,20,2986.0,6.1,1,22,Low,Warning,Survival
3580,Study,Snack_Bar,6,71.2,62.8,36.4,22,1865.0,7.3,1,15,Medium,Warning,Survival
719,Study,Pharmacy,1,65.2,43.8,45.8,25,3432.0,7.7,0,7,Low,Warning,Survival
790,Transport,Snack_Bar,6,15.9,101.7,84.6,11,3799.0,13.7,0,6,High,Safe,Leakage
1250,Other,Stationery,4,79.2,22.8,49.2,14,1960.0,15.3,0,18,Low,Safe,Survival
3833,Entertainment,Stationery,4,73.5,120.1,85.9,12,2112.0,9.3,0,6,High,Warning,Lifestyle
4644,Entertainment,Stationery,2,67.3,117.4,109.1,4,2566.0,27.2,0,18,High,Safe,Lifestyle
1159,Entertainment,Pharmacy,11,19.7,119.1,112.8,13,1190.0,16.6,1,8,High,Safe,Lifestyle
892,Food,Bookshop,4,30.5,98.8,33.1,22,3746.0,23.6,1,16,High,Safe,Lifestyle
4099,Entertainment,Snack_Bar,5,42.4,22.8,115.1,22,2015.0,27.7,0,21,Low,Safe,Lifestyle
4673,Entertainment,Canteen,5,31.6,62.6,104.2,29,1084.0,4.9,0,7,Medium,Warning,Survival
3146,Transport,Stationery,5,26.6,25.8,11.7,3,3170.0,12.8,1,22,Low,Safe,Survival
726,Study,Stationery,4,81.5,128.5,18.2,13,1267.0,13.0,0,6,High,Safe,Lifestyle
3424,Entertainment,Canteen,1,65.6,50.0,100.5,20,1002.0,10.6,1,9,Low,Safe,Survival
2453,Other,Canteen,10,58.7,80.2,63.7,19,2470.0,0.3,0,11,Medium,Critical,Survival
3544,Entertainment,Pharmacy,8,26.5,103.5,30.5,15,2850.0,24.5,1,10,High,Safe,Lifestyle
4165,Food,Snack_Bar,3,92.2,120.5,16.2,19,2493.0,3.3,1,14,High,Critical,Lifestyle
2075,Food,Stationery,2,23.2,100.7,32.3,26,2798.0,29.9,0,9,High,Safe,Lifestyle
1963,Food,Bookshop,9,80.5,90.9,144.1,28,904.0,23.2,0,10,High,Safe,Lifestyle
720,Entertainment,Pharmacy,7,96.8,65.9,111.9,20,2166.0,17.4,1,13,Medium,Safe,Leakage
1216,Transport,Pharmacy,9,74.1,82.6,83.9,29,1750.0,4.6,1,22,Medium,Warning,Survival
316,Other,Bookshop,2,99.3,21.3,141.8,4,3907.0,15.5,0,20,Low,Safe,Lifestyle
2633,Entertainment,Bookshop,9,66.8,116.1,96.7,6,674.0,7.8,0,18,High,Warning,Lifestyle
783,Transport,Bookshop,10,25.7,75.3,111.6,29,1544.0,7.6,1,20,Medium,Warning,Leakage
594,Transport,Canteen,9,24.4,14.8,49.6,15,3797.0,24.9,1,9,Low,Safe,Leakage
3988,Entertainment,Stationery,11,35.8,120.4,92.5,4,3942.0,11.4,1,13,High,Safe,Lifestyle
2968,Entertainment,Canteen,9,5.7,68.7,30.1,6,3387.0,13.5,0,19,Medium,Safe,Survival
4367,Transport,Stationery,10,69.8,114.2,66.6,2,766.0,25.3,0,6,High,Safe,Lifestyle
4060,Transport,Canteen,10,30.5,112.8,14.7,4,2465.0,2.6,0,7,High,Critical,Lifestyle
473,Transport,Snack_Bar,4,82.4,107.9,40.3,18,1900.0,17.8,0,8,High,Safe,Lifestyle
2213,Entertainment,Stationery,10,39.1,17.4,20.5,15,3323.0,17.3,0,21,Low,Safe,Survival
4633,Transport,Pharmacy,3,50.6,39.6,64.3,12,693.0,12.8,1,8,Low,Safe,Survival
1589,Food,Stationery,6,96.7,115.1,128.0,8,1190.0,24.9,1,11,High,Safe,Lifestyle
3766,Entertainment,Stationery,3,28.0,117.9,62.9,12,2212.0,28.3,0,13,High,Safe,Lifestyle
4902,Food,Stationery,11,73.5,65.0,126.4,9,1052.0,14.0,1,17,Medium,Safe,Lifestyle
365,Study,Snack_Bar,9,76.7,62.8,101.9,7,2925.0,13.7,1,10,Medium,Safe,Leakage
1767,Entertainment,Canteen,3,26.0,31.0,81.3,22,3373.0,15.1,1,10,Low,Safe,Survival
928,Study,Pharmacy,2,52.6,126.2,43.2,8,2966.0,21.7,1,8,High,Safe,Lifestyle
2243,Transport,Canteen,8,38.3,35.6,139.1,20,2041.0,20.0,1,9,Low,Safe,Lifestyle
4397,Transport,Canteen,6,78.3,32.9,17.6,10,3574.0,6.7,0,10,Low,Warning,Survival
3696,Other,Bookshop,8,64.1,89.3,106.4,11,982.0,1.9,1,8,High,Critical,Lifestyle
978,Transport,Snack_Bar,7,50.2,39.1,97.0,2,1411.0,28.5,0,15,Low,Safe,Survival
413,Study,Bookshop,3,79.0,122.7,71.7,30,2213.0,7.8,0,13,High,Warning,Lifestyle
3962,Transport,Snack_Bar,8,27.3,11.3,43.6,4,715.0,19.2,1,11,Low,Safe,Survival
1776,Entertainment,Canteen,10,76.6,10.7,70.3,21,835.0,24.9,1,12,Low,Safe,Survival
2648,Transport,Canteen,1,87.2,70.6,132.2,25,1891.0,9.0,1,11,Medium,Warning,Lifestyle
3136,Other,Snack_Bar,1,88.5,68.6,127.1,21,3804.0,19.1,1,18,Medium,Safe,Lifestyle
3317,Transport,Canteen,10,79.4,29.6,141.8,25,3679.0,3.2,0,18,Low,Critical,Lifestyle
791,Study,Canteen,8,43.8,69.3,53.1,9,2131.0,29.1,1,10,Medium,Safe,Leakage
2920,Study,Pharmacy,9,98.3,59.4,64.2,8,998.0,1.7,0,11,Medium,Critical,Survival
913,Transport,Bookshop,10,41.1,116.8,12.6,5,1123.0,13.1,0,15,High,Safe,Lifestyle
1135,Study,Bookshop,6,65.7,11.1,142.0,14,1821.0,16.1,1,15,Low,Safe,Lifestyle
4537,Study,Bookshop,5,20.3,127.2,56.1,28,1235.0,23.7,0,21,High,Safe,Lifestyle
201,Other,Stationery,2,98.1,84.9,66.6,2,790.0,3.6,0,8,Medium,Critical,Survival
3048,Entertainment,Pharmacy,11,71.9,28.2,137.1,21,2858.0,13.2,0,6,Low,Safe,Lifestyle
4244,Other,Bookshop,9,76.6,15.6,83.7,27,2535.0,9.0,1,8,Low,Warning,Survival
2149,Food,Bookshop,6,11.2,74.6,89.3,17,1520.0,9.4,0,6,Medium,Warning,Survival
1117,Other,Pharmacy,8,77.5,38.2,34.7,8,3226.0,23.4,1,13,Low,Safe,Survival
3374,Transport,Canteen,9,78.6,46.1,79.8,2,3216.0,0.2,0,9,Low,Critical,Survival
2441,Entertainment,Bookshop,9,68.8,39.4,138.5,23,2219.0,22.5,0,21,Low,Safe,Lifestyle
289,Transport,Canteen,8,32.7,88.0,88.2,15,838.0,24.3,1,10,High,Safe,Leakage
1909,Food,Bookshop,10,51.5,76.4,45.7,27,3715.0,27.0,0,10,Medium,Safe,Survival
2369,Entertainment,Snack_Bar,8,15.5,19.4,14.4,2,2840.0,18.8,1,7,Low,Safe,Survival
4438,Study,Stationery,3,49.8,73.2,57.1,28,1365.0,10.0,0,11,Medium,Warning,Survival
3241,Other,Bookshop,3,28.2,104.9,90.2,11,2637.0,12.8,0,12,High,Safe,Lifestyle
305,Transport,Snack_Bar,2,38.2,19.7,16.0,14,1918.0,29.1,1,20,Low,Safe,Survival
1086,Food,Pharmacy,1,20.4,116.8,95.4,30,2724.0,26.4,0,15,High,Safe,Lifestyle
627,Study,Snack_Bar,4,26.9,79.4,83.3,21,2159.0,13.9,1,15,Medium,Safe,Survival
2095,Other,Pharmacy,2,12.3,124.1,119.7,10,2199.0,28.3,0,21,High,Safe,Lifestyle
516,Study,Bookshop,2,92.4,27.8,14.0,7,3076.0,24.7,1,14,Low,Safe,Survival
834,Other,Pharmacy,11,55.4,129.2,119.3,22,2648.0,27.0,0,13,High,Safe,Lifestyle
2125,Entertainment,Snack_Bar,11,42.7,87.3,82.9,14,780.0,20.5,1,6,High,Safe,Lifestyle
2256,Study,Stationery,5,55.8,78.1,61.9,13,729.0,25.7,1,22,Medium,Safe,Survival
3344,Study,Canteen,4,64.7,71.8,145.2,21,1568.0,26.8,1,20,Medium,Safe,Lifestyle
2470,Study,Canteen,1,92.6,12.8,32.4,22,2006.0,2.8,0,11,Low,Critical,Survival
1639,Entertainment,Stationery,9,22.0,122.8,85.8,2,1463.0,29.0,1,22,High,Safe,Lifestyle
752,Food,Canteen,4,33.1,87.3,54.9,10,2780.0,10.0,0,7,High,Warning,Lifestyle
915,Other,Bookshop,5,97.7,21.0,83.8,1,1183.0,13.2,1,12,Low,Safe,Survival
4111,Study,Bookshop,7,40.3,12.5,87.3,1,2964.0,23.8,1,22,Low,Safe,Survival
1913,Entertainment,Snack_Bar,2,7.1,16.1,22.5,24,3206.0,19.9,1,20,Low,Safe,Survival
3589,Food,Snack_Bar,8,19.0,83.1,102.6,3,935.0,26.8,0,21,Medium,Safe,Survival
1307,Other,Pharmacy,11,7.5,83.7,98.8,11,2778.0,12.0,1,22,Medium,Safe,Survival
4406,Entertainment,Snack_Bar,2,99.0,70.0,117.7,19,3865.0,11.2,0,8,Medium,Safe,Lifestyle
450,Other,Bookshop,11,31.5,46.8,22.7,9,1175.0,1.0,1,15,Low,Critical,Leakage
2630,Study,Snack_Bar,10,92.7,73.8,51.6,13,3683.0,13.9,1,11,Medium,Safe,Survival
2254,Food,Canteen,5,99.6,72.0,101.0,22,2621.0,21.7,1,7,Medium,Safe,Survival
658,Entertainment,Pharmacy,2,62.0,12.3,29.1,4,2568.0,9.0,0,16,Low,Warning,Survival
407,Food,Pharmacy,2,8.2,43.9,104.9,20,682.0,13.9,1,13,Low,Safe,Survival
1099,Study,Bookshop,4,12.8,16.4,18.3,23,3119.0,6.6,0,19,Low,Warning,Survival
3661,Food,Snack_Bar,4,50.8,118.0,56.9,6,2174.0,23.2,1,17,High,Safe,Lifestyle
3585,Food,Canteen,8,43.6,97.0,128.5,2,3024.0,1.8,0,12,High,Critical,Lifestyle
221,Transport,Snack_Bar,6,62.6,129.5,118.4,9,3332.0,21.2,0,10,High,Safe,Leakage
609,Food,Stationery,10,46.7,46.3,100.3,18,2333.0,11.4,1,11,Low,Safe,Leakage
1094,Other,Snack_Bar,8,93.7,115.4,131.9,24,1423.0,1.2,1,18,High,Critical,Lifestyle
714,Entertainment,Bookshop,7,55.8,82.4,109.3,4,996.0,25.6,0,7,Medium,Safe,Leakage
4309,Transport,Snack_Bar,10,70.9,64.4,82.7,26,1062.0,14.6,0,13,Medium,Safe,Survival
2334,Entertainment,Pharmacy,4,90.2,36.7,147.2,1,3534.0,18.0,0,16,Low,Safe,Lifestyle
3795,Entertainment,Canteen,2,19.0,98.6,107.3,1,933.0,22.0,1,21,High,Safe,Lifestyle
3156,Study,Bookshop,9,26.8,118.5,94.2,25,1846.0,19.7,0,6,High,Safe,Lifestyle
1760,Study,Stationery,2,15.2,38.2,67.2,20,1670.0,21.9,1,21,Low,Safe,Survival
1466,Transport,Canteen,1,18.3,31.0,136.3,17,3529.0,22.9,1,17,Low,Safe,Lifestyle
2369,Study,Canteen,8,53.7,93.5,51.4,19,2172.0,17.7,0,22,High,Safe,Lifestyle
3838,Study,Pharmacy,10,35.5,127.2,11.3,3,3988.0,11.0,0,14,High,Safe,Lifestyle
949,Study,Pharmacy,9,45.2,100.0,37.5,23,3080.0,7.3,0,11,High,Warning,Lifestyle
3627,Entertainment,Pharmacy,1,98.3,44.1,25.3,22,3478.0,27.1,0,12,Low,Safe,Survival
4980,Transport,Bookshop,7,19.9,60.4,54.7,24,845.0,29.1,0,18,Medium,Safe,Survival
2127,Entertainment,Snack_Bar,2,56.4,56.1,125.6,23,1386.0,10.7,0,22,Medium,Safe,Lifestyle
4004,Other,Canteen,6,14.4,112.3,101.2,17,974.0,3.4,0,15,High,Critical,Lifestyle
3902,Entertainment,Snack_Bar,11,35.3,102.6,33.7,3,2123.0,6.7,1,16,High,Warning,Lifestyle
2556,Other,Snack_Bar,5,55.1,80.7,120.4,25,3014.0,20.1,0,19,Medium,Safe,Lifestyle
4990,Food,Pharmacy,1,94.9,43.0,80.6,4,1092.0,5.2,0,22,Low,Warning,Survival
2535,Food,Snack_Bar,2,42.2,122.6,81.8,27,956.0,23.4,0,21,High,Safe,Lifestyle
506,Other,Canteen,2,11.2,88.4,60.7,28,2651.0,27.7,1,10,High,Safe,Lifestyle
3865,Other,Canteen,10,41.9,126.5,131.0,27,1306.0,28.9,1,16,High,Safe,Lifestyle
2189,Entertainment,Stationery,10,18.8,79.6,54.6,29,2178.0,0.3,0,15,Medium,Critical,Survival
861,Other,Bookshop,6,26.8,108.5,23.2,13,679.0,28.7,1,11,High,Safe,Lifestyle
4844,Transport,Snack_Bar,11,63.7,107.6,52.4,30,2882.0,22.2,0,15,High,Safe,Lifestyle
511,Food,Bookshop,1,11.4,50.5,110.1,30,2395.0,2.5,0,16,Medium,Critical,Survival
3120,Food,Bookshop,11,49.1,125.7,102.1,30,2766.0,12.5,0,6,High,Safe,Lifestyle
1282,Other,Bookshop,4,62.9,12.6,36.3,15,1464.0,21.0,1,10,Low,Safe,Survival
3171,Study,Bookshop,10,45.1,102.2,25.6,12,1475.0,28.7,1,7,High,Safe,Lifestyle
954,Study,Canteen,11,6.8,125.9,102.5,3,3305.0,4.9,1,16,High,Warning,Lifestyle
4330,Other,Snack_Bar,5,98.6,50.7,104.7,21,3015.0,3.8,1,19,Medium,Critical,Survival
4740,Transport,Stationery,2,39.9,87.8,61.3,8,2529.0,14.2,1,18,High,Safe,Lifestyle
552,Study,Bookshop,2,79.0,77.5,128.0,1,2699.0,29.0,1,16,Medium,Safe,Lifestyle
1102,Other,Stationery,7,35.9,101.4,146.9,18,829.0,29.1,0,11,High,Safe,Lifestyle
4088,Transport,Canteen,7,50.1,113.9,38.8,13,3497.0,6.8,1,7,High,Warning,Lifestyle
358,Transport,Canteen,6,41.9,82.4,90.8,7,3195.0,9.6,0,14,Medium,Warning,Leakage
2177,Entertainment,Pharmacy,1,37.5,107.9,10.7,13,2567.0,27.2,1,19,High,Safe,Lifestyle
1156,Transport,Bookshop,3,7.1,47.5,109.8,17,3715.0,22.0,0,18,Low,Safe,Survival
2271,Study,Pharmacy,9,39.2,37.4,68.0,13,1090.0,29.2,0,17,Low,Safe,Survival
603,Study,Stationery,10,89.5,61.7,37.1,29,2903.0,26.8,1,17,Medium,Safe,Leakage
4811,Other,Snack_Bar,1,70.6,91.3,115.3,13,3870.0,6.5,0,18,High,Warning,Lifestyle
2979,Other,Pharmacy,2,18.8,32.5,123.5,30,1585.0,22.8,1,12,Low,Safe,Lifestyle
1587,Transport,Canteen,8,61.2,91.6,25.6,30,554.0,1.5,0,21,High,Critical,Lifestyle
3653,Food,Bookshop,7,89.8,57.3,15.7,11,3072.0,24.5,0,22,Medium,Safe,Survival
1155,Entertainment,Stationery,9,71.5,105.5,56.8,14,524.0,18.0,1,14,High,Safe,Lifestyle
1912,Food,Canteen,10,19.1,14.4,97.6,21,3554.0,28.7,0,19,Low,Safe,Survival
4903,Transport,Snack_Bar,4,87.4,90.2,121.1,10,697.0,28.8,0,14,High,Safe,Lifestyle
1473,Transport,Bookshop,4,33.6,88.0,86.4,8,2785.0,1.5,0,11,High,Critical,Lifestyle
4011,Food,Snack_Bar,7,48.1,122.9,91.3,6,1820.0,4.8,1,6,High,Warning,Lifestyle
2825,Entertainment,Snack_Bar,1,55.0,95.6,122.0,19,1212.0,14.5,0,6,High,Safe,Lifestyle
2582,Food,Bookshop,10,85.8,105.6,84.0,23,3644.0,26.4,0,20,High,Safe,Lifestyle
1641,Other,Bookshop,9,93.5,118.6,95.6,19,3112.0,24.4,1,22,High,Safe,Lifestyle
3179,Study,Snack_Bar,2,93.3,91.0,82.3,12,1692.0,28.9,0,13,High,Safe,Lifestyle
1997,Other,Stationery,1,5.8,44.8,133.3,21,1495.0,18.5,0,8,Low,Safe,Lifestyle
4590,Study,Bookshop,7,92.6,114.4,43.0,7,3076.0,7.7,1,17,High,Warning,Lifestyle
4209,Transport,Canteen,6,10.2,99.7,47.0,18,3428.0,0.8,0,20,High,Critical,Lifestyle
1594,Entertainment,Pharmacy,3,30.2,60.9,27.9,26,3005.0,6.7,0,18,Medium,Warning,Survival
4481,Food,Stationery,1,53.9,95.3,124.7,20,2740.0,20.3,1,10,High,Safe,Lifestyle
1469,Entertainment,Bookshop,5,50.6,114.1,67.6,18,1298.0,27.8,1,22,High,Safe,Lifestyle
4932,Food,Bookshop,10,62.4,127.1,58.7,23,3485.0,9.6,1,8,High,Warning,Lifestyle
3914,Other,Stationery,4,50.5,124.3,147.4,3,3124.0,26.3,0,11,High,Safe,Lifestyle
729,Other,Pharmacy,5,93.8,49.0,139.8,9,2310.0,11.8,0,22,Low,Safe,Leakage
3823,Food,Snack_Bar,1,27.9,60.6,146.1,27,2291.0,9.2,0,10,Medium,Warning,Lifestyle
3158,Entertainment,Canteen,1,31.0,23.1,29.9,6,2492.0,15.3,0,10,Low,Safe,Survival
3114,Food,Bookshop,5,92.5,39.7,134.8,1,3399.0,13.3,0,16,Low,Safe,Lifestyle
3791,Transport,Pharmacy,6,12.3,115.9,56.0,10,3098.0,27.4,0,6,High,Safe,Lifestyle
2347,Other,Canteen,5,62.9,53.3,11.8,8,3497.0,14.0,0,18,Medium,Safe,Survival
4773,Transport,Stationery,2,69.8,84.5,64.8,29,2275.0,8.3,0,22,Medium,Warning,Survival
3569,Other,Bookshop,9,53.0,89.9,81.3,23,2686.0,25.3,0,16,High,Safe,Lifestyle
1139,Other,Snack_Bar,5,71.0,103.8,25.2,17,3491.0,30.0,0,9,High,Safe,Lifestyle
725,Study,Stationery,11,21.4,31.9,85.3,3,1313.0,19.4,1,15,Low,Safe,Leakage
201,Transport,Bookshop,11,86.0,46.6,124.7,3,2054.0,7.5,0,16,Low,Warning,Leakage
574,Transport,Pharmacy,5,18.3,63.8,62.9,30,2672.0,7.2,1,6,Medium,Warning,Leakage
2540,Study,Canteen,10,43.1,53.8,59.4,3,3703.0,1.7,0,9,Medium,Critical,Survival
4205,Entertainment,Canteen,9,12.1,127.9,57.4,7,555.0,2.3,1,10,High,Critical,Lifestyle
3252,Transport,Bookshop,3,56.8,110.2,139.2,22,1244.0,27.4,1,7,High,Safe,Lifestyle
4848,Food,Stationery,5,68.6,67.6,16.8,11,1321.0,2.9,1,17,Medium,Critical,Survival
2565,Study,Snack_Bar,5,94.4,115.5,72.3,28,1643.0,14.5,0,16,High,Safe,Lifestyle
1725,Transport,Pharmacy,2,75.2,51.7,47.0,18,1486.0,20.9,0,21,Medium,Safe,Survival
4676,Entertainment,Bookshop,11,56.4,104.3,135.1,5,2565.0,25.5,1,9,High,Safe,Lifestyle
1846,Transport,Pharmacy,4,93.6,36.8,23.4,22,3600.0,5.1,0,12,Low,Warning,Survival
213,Other,Canteen,11,50.5,102.7,67.6,28,2729.0,13.1,1,18,High,Safe,Leakage
4799,Food,Snack_Bar,11,58.3,64.8,67.0,2,1345.0,7.5,0,19,Medium,Warning,Survival
2478,Study,Pharmacy,2,61.6,22.9,134.4,14,3523.0,7.7,1,16,Low,Warning,Lifestyle
3355,Other,Bookshop,5,43.9,42.8,40.2,1,2712.0,9.1,1,13,Low,Warning,Survival
329,Entertainment,Snack_Bar,10,84.7,58.3,100.3,4,1266.0,17.6,1,6,Medium,Safe,Leakage
4014,Other,Stationery,2,22.6,99.9,28.8,14,1766.0,0.5,1,13,High,Critical,Lifestyle
3416,Other,Bookshop,10,57.7,18.8,143.6,15,3265.0,12.3,1,22,Low,Safe,Lifestyle
3138,Entertainment,Pharmacy,9,73.6,89.1,93.0,28,3086.0,5.6,0,14,High,Warning,Lifestyle
4128,Other,Snack_Bar,10,90.9,95.9,97.7,20,2518.0,29.0,0,18,High,Safe,Lifestyle
2240,Study,Bookshop,6,89.0,88.5,70.7,20,1007.0,17.5,1,20,High,Safe,Lifestyle
227,Transport,Snack_Bar,8,53.3,101.3,57.9,17,3312.0,26.0,0,18,High,Safe,Leakage
2313,Other,Snack_Bar,9,66.1,31.4,39.8,3,1576.0,5.9,0,13,Low,Warning,Survival
1452,Study,Snack_Bar,8,42.5,80.5,94.6,23,3201.0,24.3,1,17,Medium,Safe,Survival
4556,Transport,Pharmacy,5,49.5,122.9,143.6,4,2766.0,12.4,0,16,High,Safe,Lifestyle
2246,Transport,Bookshop,5,91.1,83.3,60.4,18,1425.0,5.3,0,18,Medium,Warning,Survival
4755,Other,Canteen,6,93.4,83.4,133.6,24,1243.0,22.8,1,21,Medium,Safe,Lifestyle
4223,Study,Canteen,1,90.1,98.4,30.8,27,958.0,22.9,0,7,High,Safe,Lifestyle
4596,Other,Pharmacy,11,18.1,50.0,141.1,1,1347.0,29.9,1,11,Low,Safe,Lifestyle
3574,Entertainment,Pharmacy,8,85.8,94.1,59.1,29,1052.0,23.4,1,21,High,Safe,Lifestyle
3666,Transport,Snack_Bar,2,95.1,119.9,63.2,25,2660.0,4.4,0,22,High,Warning,Lifestyle
3281,Other,Bookshop,6,39.3,11.3,74.8,5,2596.0,9.7,1,20,Low,Warning,Survival
3978,Transport,Bookshop,9,54.3,114.4,110.6,18,2552.0,13.6,0,12,High,Safe,Lifestyle
829,Study,Stationery,3,79.0,36.2,110.8,13,2747.0,3.8,1,19,Low,Critical,Survival
469,Food,Stationery,2,58.4,64.7,77.1,14,3352.0,23.6,1,12,Medium,Safe,Survival
2839,Other,Canteen,10,99.4,112.3,83.2,20,3697.0,15.8,1,11,High,Safe,Lifestyle
2193,Other,Stationery,5,48.3,108.9,14.2,3,1306.0,28.3,1,17,High,Safe,Lifestyle
3091,Transport,Stationery,11,72.8,117.0,52.6,23,2557.0,17.7,0,7,High,Safe,Lifestyle
3632,Study,Canteen,9,80.3,122.9,58.4,6,774.0,15.7,0,6,High,Safe,Lifestyle
1480,Entertainment,Canteen,6,51.9,63.7,88.2,27,920.0,2.1,0,10,Medium,Critical,Survival
2560,Study,Stationery,8,86.4,88.8,88.2,28,2790.0,4.5,0,12,High,Warning,Lifestyle
775,Other,Bookshop,8,56.9,56.9,109.4,11,2203.0,25.5,0,20,Medium,Safe,Leakage
1507,Entertainment,Stationery,7,44.1,52.1,110.4,9,3154.0,29.7,0,11,Medium,Safe,Survival
3392,Study,Snack_Bar,5,15.2,61.8,42.9,20,1990.0,12.5,1,7,Medium,Safe,Survival
3378,Food,Snack_Bar,2,42.4,99.2,117.8,28,947.0,24.3,0,22,High,Safe,Lifestyle
2934,Transport,Snack_Bar,10,74.7,70.2,12.7,19,3552.0,18.8,0,18,Medium,Safe,Survival
2412,Study,Pharmacy,10,92.5,107.7,110.3,7,790.0,28.8,0,18,High,Safe,Lifestyle
2552,Study,Snack_Bar,5,28.9,99.4,24.3,22,1161.0,7.1,0,19,High,Warning,Lifestyle
3768,Food,Bookshop,7,38.7,12.5,112.2,21,1469.0,16.3,0,13,Low,Safe,Survival
1855,Other,Pharmacy,7,19.6,85.6,83.8,10,3983.0,12.3,0,20,High,Safe,Lifestyle
1779,Transport,Pharmacy,11,70.6,62.4,71.2,7,1959.0,16.3,0,16,Medium,Safe,Survival
2403,Study,Snack_Bar,2,96.2,64.8,106.7,5,2256.0,8.1,0,18,Medium,Warning,Survival
1590,Entertainment,Stationery,7,65.9,108.2,15.1,25,3194.0,14.9,1,6,High,Safe,Lifestyle
1942,Study,Canteen,6,63.6,75.7,41.3,28,2727.0,18.7,0,7,Medium,Safe,Survival
2125,Transport,Stationery,7,57.6,116.3,96.3,4,3445.0,2.4,1,16,High,Critical,Lifestyle
819,Study,Stationery,11,13.4,95.5,128.6,17,2203.0,22.3,0,19,High,Safe,Lifestyle
1474,Food,Pharmacy,8,74.3,76.3,63.4,26,3903.0,21.2,0,10,Medium,Safe,Survival
1156,Study,Pharmacy,4,62.2,100.5,46.2,28,3289.0,26.4,0,12,High,Safe,Lifestyle
2139,Study,Pharmacy,1,67.8,14.6,82.6,5,1905.0,12.8,0,21,Low,Safe,Survival
4153,Entertainment,Bookshop,8,90.4,13.3,97.1,17,1834.0,1.9,0,16,Low,Critical,Survival
2581,Food,Bookshop,8,79.5,20.0,68.8,28,3753.0,13.8,0,20,Low,Safe,Survival
1168,Food,Canteen,3,79.2,62.5,132.7,29,2895.0,4.1,0,9,Medium,Warning,Lifestyle
1516,Study,Pharmacy,3,93.1,38.3,83.3,17,2675.0,19.4,0,15,Low,Safe,Survival
1243,Entertainment,Snack_Bar,5,99.0,128.1,15.0,17,3152.0,1.4,1,6,High,Critical,Lifestyle
481,Study,Pharmacy,3,60.2,75.1,41.2,1,2463.0,11.2,1,12,Medium,Safe,Survival
3044,Study,Bookshop,5,15.3,89.5,73.1,24,1057.0,2.5,1,17,High,Critical,Lifestyle
1258,Transport,Pharmacy,8,48.6,43.5,107.7,2,1617.0,0.1,0,16,Low,Critical,Survival
4493,Transport,Bookshop,1,79.8,48.6,40.8,25,2453.0,28.8,0,16,Low,Safe,Survival
2732,Entertainment,Pharmacy,2,7.6,50.3,146.7,23,564.0,29.9,0,22,Medium,Safe,Lifestyle
4028,Other,Snack_Bar,2,10.4,93.8,54.6,30,2031.0,16.7,1,6,High,Safe,Lifestyle
1208,Transport,Canteen,4,11.4,66.8,84.5,27,3145.0,7.2,1,20,Medium,Warning,Survival
1429,Other,Snack_Bar,9,74.4,72.1,12.7,19,1075.0,27.3,0,9,Medium,Safe,Survival
1235,Food,Bookshop,2,52.6,81.0,133.9,9,726.0,27.7,1,10,Medium,Safe,Lifestyle
4785,Transport,Stationery,11,40.0,102.3,120.4,20,3426.0,25.6,1,19,High,Safe,Lifestyle
475,Transport,Snack_Bar,9,15.0,20.8,37.4,23,2660.0,16.3,0,18,Low,Safe,Leakage
2940,Entertainment,Pharmacy,7,74.6,103.2,140.7,15,1118.0,2.2,1,21,High,Critical,Lifestyle
2489,Other,Canteen,10,35.5,77.6,54.2,19,3322.0,2.7,1,6,Medium,Critical,Survival
1439,Transport,Pharmacy,8,30.2,90.3,106.9,5,2803.0,26.9,0,15,High,Safe,Lifestyle
325,Transport,Pharmacy,1,67.0,49.3,124.7,13,1669.0,26.3,1,7,Low,Safe,Lifestyle
4265,Entertainment,Snack_Bar,5,58.1,59.1,113.7,4,1817.0,13.0,0,20,Medium,Safe,Survival
4512,Entertainment,Canteen,9,39.4,37.7,138.5,13,1046.0,9.8,0,9,Low,Warning,Lifestyle
4068,Other,Stationery,4,65.9,127.5,131.0,6,3423.0,19.3,1,9,High,Safe,Lifestyle
1408,Food,Pharmacy,2,30.8,69.6,149.2,12,2282.0,24.2,0,17,Medium,Safe,Lifestyle
3449,Food,Canteen,6,80.5,129.5,35.6,29,2450.0,22.0,1,14,High,Safe,Lifestyle
1118,Study,Stationery,2,26.8,68.8,52.7,9,3592.0,18.5,1,21,Medium,Safe,Survival
4123,Transport,Pharmacy,3,20.1,36.4,99.1,15,555.0,6.9,0,20,Low,Warning,Survival
4603,Other,Canteen,8,79.3,70.9,112.6,21,734.0,7.9,1,14,Medium,Warning,Survival
2169,Transport,Snack_Bar,3,72.2,14.8,84.8,15,1066.0,21.7,0,12,Low,Safe,Survival
2993,Other,Pharmacy,2,22.4,118.6,20.3,17,605.0,24.1,1,21,High,Safe,Lifestyle
1091,Other,Pharmacy,6,16.0,108.2,127.8,29,2804.0,3.5,0,20,High,Critical,Lifestyle
4670,Other,Canteen,3,84.6,97.1,144.5,5,2719.0,5.6,0,16,High,Warning,Lifestyle
2233,Transport,Pharmacy,1,78.8,83.2,66.8,5,1238.0,20.4,0,11,Medium,Safe,Survival
1564,Entertainment,Stationery,3,36.1,79.6,41.5,25,1023.0,11.7,0,8,Medium,Safe,Survival
328,Transport,Pharmacy,6,67.5,129.6,12.7,24,1010.0,16.9,0,19,High,Safe,Leakage
1214,Other,Bookshop,3,16.8,43.4,43.2,5,3836.0,18.4,0,11,Low,Safe,Survival
1999,Study,Stationery,9,53.2,103.6,108.0,21,2927.0,23.3,0,22,High,Safe,Lifestyle
4812,Food,Canteen,7,6.8,79.8,137.6,14,2549.0,24.2,0,21,Medium,Safe,Lifestyle
1718,Other,Stationery,5,42.2,127.1,23.1,2,1629.0,8.4,1,8,High,Warning,Lifestyle
4381,Study,Bookshop,2,12.1,109.3,87.5,9,2016.0,16.2,1,11,High,Safe,Lifestyle
1398,Entertainment,Bookshop,9,50.1,129.8,107.4,14,813.0,3.7,1,22,High,Critical,Lifestyle
4073,Other,Pharmacy,5,45.1,80.6,48.7,27,3994.0,25.3,1,10,Medium,Safe,Survival
2674,Study,Pharmacy,7,47.2,34.5,89.8,15,3143.0,25.4,1,21,Low,Safe,Survival
3685,Other,Snack_Bar,9,9.3,70.4,110.1,4,2675.0,9.0,1,22,Medium,Warning,Survival
4249,Transport,Stationery,4,39.4,95.3,127.3,23,2557.0,4.8,1,21,High,Warning,Lifestyle
3919,Study,Snack_Bar,9,76.9,102.9,73.3,26,2265.0,2.1,1,14,High,Critical,Lifestyle
502,Transport,Bookshop,1,40.0,10.1,114.7,6,1401.0,17.2,0,12,Low,Safe,Survival
4152,Transport,Pharmacy,6,72.9,70.6,52.2,14,1292.0,2.7,1,10,Medium,Critical,Survival
4883,Study,Pharmacy,2,40.1,38.2,39.8,5,2423.0,20.4,1,14,Low,Safe,Survival
1186,Food,Pharmacy,8,45.2,115.0,36.2,27,746.0,20.3,1,15,High,Safe,Lifestyle
2063,Study,Canteen,5,58.6,28.3,60.2,11,761.0,18.4,1,6,Low,Safe,Survival
4640,Food,Bookshop,3,95.3,90.0,15.0,21,2463.0,26.3,0,12,High,Safe,Lifestyle
3272,Other,Pharmacy,2,15.3,41.9,49.6,14,3719.0,11.3,0,10,Low,Safe,Survival
3324,Other,Bookshop,8,8.1,52.8,101.3,7,3700.0,27.1,1,11,Medium,Safe,Survival
1527,Study,Pharmacy,7,62.8,122.9,100.7,14,538.0,1.1,1,11,High,Critical,Lifestyle
2608,Other,Stationery,9,95.2,38.9,20.3,13,876.0,3.4,0,20,Low,Critical,Survival
3873,Entertainment,Bookshop,8,99.0,21.4,50.2,18,2541.0,12.4,0,13,Low,Safe,Survival
3491,Transport,Snack_Bar,11,51.0,18.3,89.7,25,3470.0,17.8,0,6,Low,Safe,Survival
4233,Transport,Canteen,4,49.5,70.6,54.6,2,3841.0,1.0,1,15,Medium,Critical,Survival
903,Food,Snack_Bar,2,66.3,87.0,68.5,9,3512.0,17.0,0,8,High,Safe,Lifestyle
774,Other,Bookshop,2,57.8,49.3,109.8,11,2872.0,9.2,0,21,Low,Warning,Survival
3432,Food,Pharmacy,2,65.2,92.8,11.3,20,1202.0,26.6,0,6,High,Safe,Lifestyle
4983,Transport,Bookshop,11,88.0,17.3,48.7,29,754.0,16.0,0,21,Low,Safe,Survival
2832,Transport,Canteen,6,75.9,112.9,29.9,26,666.0,17.6,0,19,High,Safe,Lifestyle
4028,Other,Bookshop,7,52.2,108.0,27.9,11,2642.0,28.4,0,10,High,Safe,Lifestyle
3430,Entertainment,Pharmacy,6,48.9,128.3,144.3,26,627.0,22.9,1,21,High,Safe,Lifestyle
688,Entertainment,Snack_Bar,2,65.8,122.4,62.7,6,3087.0,13.1,1,16,High,Safe,Lifestyle
1547,Other,Stationery,4,48.3,52.7,83.8,1,2994.0,14.3,0,12,Medium,Safe,Survival
3881,Other,Snack_Bar,3,48.5,57.9,112.7,5,779.0,19.4,0,13,Medium,Safe,Survival
3373,Food,Pharmacy,11,6.5,99.5,16.6,22,3673.0,6.0,0,22,High,Warning,Lifestyle
4789,Other,Pharmacy,4,21.5,26.1,43.7,25,2327.0,2.7,1,19,Low,Critical,Survival
1867,Entertainment,Canteen,5,51.4,47.7,126.5,14,3666.0,9.3,1,22,Low,Warning,Lifestyle
1837,Other,Bookshop,7,83.2,24.2,130.7,25,3656.0,23.4,1,17,Low,Safe,Lifestyle
4314,Food,Bookshop,9,31.5,64.6,62.2,16,1190.0,7.7,1,6,Medium,Warning,Survival
3753,Food,Snack_Bar,11,54.7,76.2,62.5,9,1832.0,3.9,0,12,Medium,Critical,Survival
1200,Food,Stationery,2,37.8,35.3,116.0,30,971.0,6.6,1,11,Low,Warning,Lifestyle
1050,Food,Stationery,8,15.0,13.2,51.3,19,3212.0,20.4,0,20,Low,Safe,Survival
1588,Study,Canteen,3,96.0,96.3,26.4,29,2264.0,18.4,0,16,High,Safe,Lifestyle
3912,Other,Pharmacy,9,86.2,12.4,46.1,20,3751.0,20.6,0,22,Low,Safe,Survival
1567,Transport,Canteen,10,12.5,126.8,64.2,8,1229.0,9.7,0,6,High,Warning,Lifestyle
1021,Other,Bookshop,4,73.4,36.6,17.3,8,2909.0,27.0,0,7,Low,Safe,Survival
654,Study,Pharmacy,3,38.0,89.7,77.0,16,3962.0,13.6,0,12,High,Safe,Lifestyle
1824,Food,Canteen,10,99.5,62.2,113.6,18,2829.0,15.4,0,15,Medium,Safe,Survival
2972,Study,Snack_Bar,6,33.7,17.2,81.9,8,741.0,28.5,0,19,Low,Safe,Survival
3926,Entertainment,Bookshop,10,27.7,66.7,20.1,23,2559.0,29.4,1,17,Medium,Safe,Survival
3347,Entertainment,Stationery,9,58.9,72.0,71.6,9,1129.0,19.8,0,22,Medium,Safe,Survival
4289,Other,Canteen,7,84.3,112.6,109.2,5,607.0,28.3,1,19,High,Safe,Lifestyle
2390,Other,Bookshop,4,23.3,97.9,18.1,2,1672.0,16.2,0,15,High,Safe,Lifestyle
1116,Transport,Bookshop,3,72.4,19.5,18.4,21,1431.0,9.2,0,17,Low,Warning,Survival
4186,Transport,Stationery,10,10.8,35.1,61.9,14,3261.0,9.5,0,12,Low,Warning,Survival
3075,Entertainment,Stationery,4,92.3,47.4,37.3,18,1808.0,16.8,0,13,Low,Safe,Survival
1640,Food,Stationery,3,12.7,24.0,140.9,13,3065.0,18.2,0,18,Low,Safe,Lifestyle
4600,Study,Canteen,3,91.9,64.8,91.4,12,557.0,13.2,1,11,Medium,Safe,Survival
935,Transport,Stationery,9,51.6,128.1,50.2,15,552.0,26.5,0,13,High,Safe,Lifestyle
3768,Transport,Snack_Bar,4,47.6,71.8,108.7,21,603.0,12.8,1,10,Medium,Safe,Survival
3538,Food,Bookshop,9,97.5,99.0,62.5,15,1268.0,8.2,0,14,High,Warning,Lifestyle
3215,Food,Stationery,10,99.1,92.0,28.5,29,1809.0,0.2,1,16,High,Critical,Lifestyle
3089,Other,Bookshop,5,66.8,112.0,43.2,25,2627.0,29.1,1,18,High,Safe,Lifestyle
1161,Study,Pharmacy,7,17.1,35.9,100.0,23,3951.0,24.7,1,6,Low,Safe,Survival
3189,Food,Pharmacy,5,53.1,100.5,17.3,23,1740.0,18.5,0,12,High,Safe,Lifestyle
4048,Transport,Stationery,1,55.3,115.8,48.2,1,695.0,24.9,1,11,High,Safe,Lifestyle
1226,Transport,Bookshop,2,53.9,30.6,39.2,25,1182.0,24.3,1,13,Low,Safe,Survival
4065,Entertainment,Pharmacy,11,59.1,51.6,38.2,22,3642.0,28.0,0,7,Medium,Safe,Survival
3063,Food,Stationery,5,6.8,126.4,105.6,7,2948.0,11.6,0,22,High,Safe,Lifestyle
2701,Other,Bookshop,6,72.6,103.7,125.6,13,3266.0,16.6,0,22,High,Safe,Lifestyle
2147,Study,Stationery,7,72.7,43.9,110.2,28,935.0,3.0,1,12,Low,Critical,Survival
1377,Other,Bookshop,2,16.0,77.7,100.4,18,972.0,29.0,0,20,Medium,Safe,Survival
4960,Transport,Pharmacy,10,59.2,58.5,138.3,1,893.0,29.6,0,18,Medium,Safe,Lifestyle
211,Other,Stationery,9,59.0,68.8,18.2,11,3500.0,23.7,1,19,Medium,Safe,Leakage
4599,Transport,Pharmacy,6,69.8,52.6,33.4,13,1235.0,13.6,0,20,Medium,Safe,Survival
3564,Transport,Stationery,2,13.1,43.5,68.0,20,2751.0,14.9,0,8,Low,Safe,Survival
3222,Transport,Canteen,2,64.5,91.0,62.1,28,2307.0,13.1,0,11,High,Safe,Lifestyle
3571,Transport,Pharmacy,3,31.7,103.4,68.5,9,2405.0,8.8,0,14,High,Warning,Lifestyle
3030,Transport,Pharmacy,1,53.2,114.9,38.9,30,1184.0,15.8,1,19,High,Safe,Lifestyle
242,Entertainment,Snack_Bar,9,78.5,28.6,30.9,25,2723.0,1.6,0,21,Low,Critical,Leakage
1143,Other,Pharmacy,10,72.0,108.7,81.3,30,651.0,29.8,1,22,High,Safe,Lifestyle
2590,Entertainment,Bookshop,11,16.3,40.6,139.9,16,3977.0,12.7,0,17,Low,Safe,Lifestyle
2745,Entertainment,Stationery,4,61.2,61.3,64.9,11,594.0,27.8,1,9,Medium,Safe,Survival
2611,Food,Canteen,5,97.1,118.2,16.1,3,676.0,21.7,1,10,High,Safe,Lifestyle
1204,Food,Bookshop,7,19.9,64.5,108.9,17,1636.0,8.7,0,16,Medium,Warning,Survival
220,Food,Bookshop,1,86.0,33.6,50.8,2,3411.0,6.7,0,16,Low,Warning,Survival
606,Study,Bookshop,3,71.7,29.2,44.3,9,1400.0,29.9,0,13,Low,Safe,Survival
1214,Food,Bookshop,3,78.5,66.8,55.4,9,2152.0,23.2,1,11,Medium,Safe,Survival
4631,Other,Canteen,2,31.8,101.5,111.3,16,563.0,7.5,1,12,High,Warning,Lifestyle
2038,Entertainment,Snack_Bar,8,32.3,129.7,124.6,28,776.0,2.0,0,11,High,Critical,Lifestyle
3388,Other,Pharmacy,5,91.1,104.5,92.3,1,2628.0,20.9,1,19,High,Safe,Lifestyle
914,Food,Bookshop,1,39.2,115.2,55.1,25,1180.0,9.1,0,11,High,Warning,Lifestyle
4346,Study,Pharmacy,2,11.0,99.7,53.5,17,2930.0,6.6,0,9,High,Warning,Lifestyle
4054,Study,Pharmacy,1,62.1,117.5,27.4,10,3249.0,22.0,0,18,High,Safe,Lifestyle
4619,Entertainment,Bookshop,6,16.9,19.2,140.7,20,3476.0,20.4,0,22,Low,Safe,Lifestyle
340,Other,Snack_Bar,9,80.7,121.6,99.3,5,968.0,14.4,1,17,High,Safe,Leakage
4765,Transport,Pharmacy,11,66.0,57.6,13.8,8,2094.0,28.3,0,14,Medium,Safe,Survival
1163,Other,Stationery,7,88.1,120.6,102.7,13,3815.0,20.4,1,8,High,Safe,Lifestyle
572,Food,Pharmacy,5,79.6,19.1,72.6,21,3202.0,26.8,0,16,Low,Safe,Leakage
3835,Transport,Bookshop,3,15.7,95.8,146.2,5,909.0,5.7,0,10,High,Warning,Lifestyle
2741,Study,Canteen,8,41.2,98.3,124.7,4,2259.0,8.9,1,8,High,Warning,Lifestyle
3810,Entertainment,Pharmacy,10,78.6,129.6,34.0,25,3728.0,3.1,1,22,High,Critical,Lifestyle
1892,Entertainment,Snack_Bar,4,44.6,102.3,110.8,29,2040.0,9.1,0,14,High,Warning,Lifestyle
305,Study,Stationery,9,97.4,55.9,78.0,8,3431.0,29.2,0,11,Medium,Safe,Leakage
1881,Food,Stationery,5,74.9,76.9,36.2,25,2235.0,28.9,1,11,Medium,Safe,Survival
4297,Study,Canteen,6,6.5,54.0,107.8,23,874.0,22.8,1,11,Medium,Safe,Survival
4216,Food,Canteen,5,88.6,33.5,86.6,7,1017.0,15.6,1,15,Low,Safe,Survival
2836,Transport,Pharmacy,10,14.6,39.8,14.3,5,663.0,23.4,0,16,Low,Safe,Survival
2337,Study,Bookshop,11,18.3,36.6,100.5,10,1184.0,16.6,0,19,Low,Safe,Survival
3616,Food,Snack_Bar,7,74.8,75.9,98.9,17,3628.0,0.1,0,17,Medium,Critical,Survival
4645,Transport,Stationery,7,87.2,118.7,30.2,28,2776.0,15.0,0,20,High,Safe,Lifestyle
3730,Study,Canteen,1,56.0,119.5,58.9,6,3086.0,18.0,1,15,High,Safe,Lifestyle
1486,Entertainment,Snack_Bar,2,32.5,16.6,92.0,10,2676.0,8.0,1,6,Low,Warning,Survival
3379,Study,Bookshop,7,38.4,19.6,29.4,16,1853.0,6.1,1,20,Low,Warning,Survival
3854,Other,Stationery,8,37.6,39.4,129.4,22,1259.0,8.2,1,7,Low,Warning,Lifestyle
2559,Study,Stationery,4,36.0,40.6,13.8,10,3740.0,18.7,1,7,Low,Safe,Survival
644,Other,Bookshop,6,28.1,21.4,24.4,4,2302.0,4.4,1,9,Low,Warning,Leakage
235,Transport,Stationery,11,62.8,56.6,26.3,2,2184.0,21.6,0,19,Medium,Safe,Leakage
1675,Study,Bookshop,10,90.5,80.5,83.9,1,3986.0,12.7,0,19,Medium,Safe,Survival
4157,Transport,Stationery,3,34.2,79.4,96.8,3,1844.0,10.6,1,18,Medium,Safe,Survival
1998,Transport,Pharmacy,7,22.7,75.2,66.5,27,3489.0,24.2,1,6,Medium,Safe,Survival
2045,Food,Bookshop,11,84.7,50.6,50.4,13,3518.0,15.2,0,15,Medium,Safe,Survival
1608,Transport,Snack_Bar,3,75.5,94.8,123.3,29,1314.0,11.4,1,19,High,Safe,Lifestyle
1908,Transport,Pharmacy,11,93.4,109.2,19.6,25,832.0,26.3,0,22,High,Safe,Lifestyle
3138,Study,Snack_Bar,7,20.7,51.6,49.2,12,3915.0,11.0,0,21,Medium,Safe,Survival
1500,Study,Stationery,11,18.7,20.3,15.5,1,1991.0,25.8,1,20,Low,Safe,Survival
1443,Entertainment,Snack_Bar,11,56.4,45.6,11.9,21,508.0,15.1,1,16,Low,Safe,Survival
4176,Food,Pharmacy,8,63.4,26.5,59.5,10,2247.0,6.2,0,17,Low,Warning,Survival
3297,Transport,Bookshop,3,50.6,66.1,37.3,6,2668.0,18.4,0,6,Medium,Safe,Survival
4816,Food,Canteen,2,61.9,28.7,47.6,9,3216.0,8.6,1,8,Low,Warning,Survival
209,Other,Snack_Bar,6,22.1,65.5,124.9,1,3800.0,4.4,0,16,Medium,Warning,Leakage
2625,Transport,Canteen,4,50.6,36.5,32.8,12,3703.0,2.6,1,16,Low,Critical,Survival
1860,Food,Snack_Bar,8,67.5,98.6,119.2,5,3790.0,7.3,0,10,High,Warning,Lifestyle
2831,Entertainment,Snack_Bar,2,46.1,13.3,104.5,1,612.0,22.1,1,20,Low,Safe,Survival
1272,Entertainment,Bookshop,4,69.5,76.6,55.7,2,2991.0,25.1,0,21,Medium,Safe,Survival
3425,Transport,Stationery,2,47.9,30.3,86.5,14,1291.0,25.9,1,8,Low,Safe,Survival
1516,Other,Pharmacy,2,36.7,10.1,72.2,2,1156.0,8.1,1,13,Low,Warning,Survival
4345,Entertainment,Pharmacy,2,33.8,114.3,28.0,27,3301.0,19.8,1,21,High,Safe,Lifestyle
3883,Entertainment,Pharmacy,1,44.0,90.6,137.0,5,1960.0,6.9,1,21,High,Warning,Lifestyle
3473,Other,Stationery,4,7.2,21.9,89.7,10,3708.0,18.7,1,9,Low,Safe,Survival
345,Food,Canteen,2,68.5,89.7,133.2,20,649.0,26.6,0,20,High,Safe,Lifestyle
3240,Entertainment,Pharmacy,9,85.3,83.4,125.3,6,3308.0,1.2,0,20,Medium,Critical,Lifestyle
1662,Study,Canteen,9,38.7,66.8,21.2,5,979.0,29.6,1,18,Medium,Safe,Survival
4876,Entertainment,Stationery,11,9.4,60.3,39.0,2,1118.0,24.8,0,15,Medium,Safe,Survival
1784,Food,Stationery,11,98.7,116.4,30.3,9,2171.0,22.8,0,7,High,Safe,Lifestyle
682,Food,Bookshop,7,30.1,39.4,126.3,29,1885.0,20.7,1,11,Low,Safe,Leakage
3379,Transport,Pharmacy,6,17.0,57.8,130.7,10,2202.0,23.1,0,22,Medium,Safe,Lifestyle
1449,Study,Bookshop,3,40.1,49.5,83.9,8,3790.0,29.8,0,13,Low,Safe,Survival
4968,Food,Pharmacy,7,75.2,102.5,24.6,25,2801.0,23.1,0,21,High,Safe,Lifestyle
830,Other,Stationery,1,32.9,120.0,29.0,27,1516.0,10.5,1,18,High,Safe,Lifestyle
861,Study,Stationery,9,59.6,112.0,123.9,6,1105.0,18.4,0,17,High,Safe,Lifestyle
3703,Study,Snack_Bar,4,44.5,105.7,140.1,5,1970.0,10.1,0,21,High,Safe,Lifestyle
3052,Other,Snack_Bar,6,16.2,128.4,37.9,21,2081.0,29.1,1,12,High,Safe,Lifestyle
2666,Entertainment,Stationery,6,36.4,93.7,11.6,18,2605.0,27.0,0,15,High,Safe,Lifestyle
1187,Other,Stationery,11,73.9,100.1,56.3,27,1431.0,17.0,1,11,High,Safe,Lifestyle
1746,Other,Canteen,3,63.1,127.9,14.3,20,3186.0,23.4,0,10,High,Safe,Lifestyle
849,Entertainment,Canteen,4,16.4,10.8,125.9,18,845.0,27.3,1,21,Low,Safe,Lifestyle
1168,Entertainment,Bookshop,11,20.5,86.1,78.8,2,2462.0,7.3,1,8,High,Warning,Lifestyle
2837,Entertainment,Snack_Bar,10,65.9,98.7,99.9,12,2682.0,17.4,1,8,High,Safe,Lifestyle
1300,Entertainment,Snack_Bar,3,82.3,120.1,67.6,8,1224.0,14.5,0,10,High,Safe,Lifestyle
640,Entertainment,Stationery,6,38.2,116.1,58.4,4,3391.0,23.1,1,7,High,Safe,Leakage
969,Other,Stationery,1,61.6,111.0,41.1,28,2654.0,11.4,0,6,High,Safe,Lifestyle
1543,Transport,Bookshop,8,21.2,123.5,117.9,30,2760.0,21.3,0,9,High,Safe,Lifestyle
4558,Transport,Snack_Bar,8,34.6,74.5,107.4,20,2242.0,12.1,0,15,Medium,Safe,Survival
3929,Food,Canteen,9,6.9,10.8,60.5,23,3684.0,3.3,0,18,Low,Critical,Survival
4106,Transport,Pharmacy,6,78.0,11.3,55.0,4,2929.0,3.2,1,8,Low,Critical,Survival
1777,Transport,Bookshop,1,43.1,75.4,10.2,9,1836.0,3.6,1,16,Medium,Critical,Survival
4208,Other,Pharmacy,3,82.5,62.2,18.9,9,1335.0,1.0,1,8,Medium,Critical,Survival
3551,Entertainment,Canteen,1,72.3,64.1,97.3,12,749.0,16.0,0,15,Medium,Safe,Survival
4995,Entertainment,Canteen,5,83.7,58.0,82.0,14,1079.0,20.2,1,14,Medium,Safe,Survival
2549,Other,Pharmacy,3,32.1,120.1,70.9,30,3974.0,3.8,0,15,High,Critical,Lifestyle
3802,Transport,Bookshop,2,22.6,53.1,125.9,3,1924.0,18.4,0,18,Medium,Safe,Lifestyle
1441,Other,Pharmacy,3,97.3,112.7,80.5,6,3645.0,17.9,1,22,High,Safe,Lifestyle
1325,Food,Bookshop,9,73.1,118.3,63.8,15,1097.0,4.4,1,22,High,Warning,Lifestyle
2801,Entertainment,Bookshop,11,84.2,69.9,32.6,23,1989.0,12.1,0,10,Medium,Safe,Survival
1390,Study,Stationery,8,6.2,63.6,124.9,19,3862.0,22.7,0,14,Medium,Safe,Lifestyle
4331,Food,Snack_Bar,3,38.7,101.3,90.7,4,819.0,0.5,1,17,High,Critical,Lifestyle
4648,Food,Snack_Bar,11,75.6,95.0,22.9,30,2579.0,4.4,1,17,High,Warning,Lifestyle
272,Other,Canteen,2,12.4,49.4,100.8,1,3717.0,29.9,1,12,Low,Safe,Survival
2114,Transport,Stationery,5,58.9,22.3,69.5,27,3824.0,22.0,0,17,Low,Safe,Survival
2672,Entertainment,Snack_Bar,1,45.8,41.8,123.6,9,3461.0,13.9,0,14,Low,Safe,Lifestyle
3246,Study,Bookshop,4,6.7,25.7,138.6,23,3496.0,18.9,1,13,Low,Safe,Lifestyle
907,Food,Bookshop,8,27.4,45.4,94.1,26,2783.0,25.4,0,8,Low,Safe,Survival
2004,Study,Pharmacy,1,32.1,41.4,112.4,16,1271.0,25.3,0,16,Low,Safe,Survival
3913,Transport,Pharmacy,5,15.6,86.5,17.9,23,3057.0,9.7,1,17,High,Warning,Lifestyle
2764,Transport,Bookshop,4,65.0,124.5,88.4,9,3924.0,14.7,1,22,High,Safe,Lifestyle
2675,Study,Bookshop,6,28.0,92.3,115.7,12,2341.0,19.1,0,12,High,Safe,Lifestyle
3810,Entertainment,Pharmacy,7,31.4,121.2,79.5,14,1412.0,2.2,0,8,High,Critical,Lifestyle
4455,Transport,Snack_Bar,9,90.3,104.1,93.1,15,2507.0,28.4,1,12,High,Safe,Lifestyle
3023,Study,Canteen,1,49.4,97.3,135.9,22,2917.0,13.0,1,12,High,Safe,Lifestyle
1935,Food,Pharmacy,11,42.3,59.7,37.7,24,1229.0,11.1,1,19,Medium,Safe,Survival
1785,Study,Snack_Bar,10,73.8,49.0,23.8,21,3017.0,27.2,1,7,Low,Safe,Survival
266,Study,Snack_Bar,4,91.4,111.6,106.7,16,2556.0,3.5,1,21,High,Critical,Lifestyle
3261,Other,Snack_Bar,6,7.4,118.6,125.2,8,2643.0,1.2,0,15,High,Critical,Lifestyle
2628,Transport,Stationery,10,47.6,64.2,129.1,28,1571.0,20.6,1,19,Medium,Safe,Lifestyle
4353,Entertainment,Stationery,7,63.0,11.1,99.8,10,1043.0,11.6,1,12,Low,Safe,Survival
541,Entertainment,Snack_Bar,7,35.3,105.1,126.6,14,2682.0,22.9,0,7,High,Safe,Leakage
2974,Other,Bookshop,8,78.4,44.2,108.1,17,2552.0,2.1,1,15,Low,Critical,Survival
3017,Entertainment,Stationery,10,97.3,11.2,22.2,3,1683.0,11.5,0,7,Low,Safe,Survival
2861,Study,Pharmacy,8,94.6,106.6,116.7,4,1536.0,7.1,1,18,High,Warning,Lifestyle
1432,Other,Stationery,8,30.3,72.1,35.1,16,1715.0,22.2,0,7,Medium,Safe,Survival
4074,Food,Bookshop,8,26.5,92.2,43.1,14,2215.0,6.8,0,15,High,Warning,Lifestyle
2601,Transport,Canteen,8,96.0,119.8,65.3,27,3912.0,13.7,1,19,High,Safe,Lifestyle
1694,Transport,Stationery,6,48.6,74.9,54.0,25,3172.0,24.6,1,22,Medium,Safe,Survival
4411,Transport,Snack_Bar,9,24.8,70.4,55.0,24,3481.0,27.5,0,17,Medium,Safe,Survival
861,Study,Snack_Bar,3,72.2,44.9,33.7,14,2270.0,21.7,0,22,Low,Safe,Survival
4083,Food,Snack_Bar,6,32.0,46.6,51.1,16,2341.0,12.9,1,11,Low,Safe,Survival
3819,Other,Canteen,5,30.4,105.6,12.8,8,1215.0,17.2,0,9,High,Safe,Lifestyle
2068,Other,Bookshop,8,88.5,63.9,76.2,18,3024.0,20.7,0,7,Medium,Safe,Survival
2534,Transport,Pharmacy,4,20.4,29.6,117.6,7,1976.0,26.2,0,20,Low,Safe,Lifestyle
3574,Food,Bookshop,4,11.1,21.3,130.7,28,3099.0,26.7,1,21,Low,Safe,Lifestyle
1216,Food,Canteen,10,30.6,66.8,124.9,3,1932.0,27.9,0,17,Medium,Safe,Lifestyle
4606,Food,Snack_Bar,11,62.7,65.8,68.3,6,880.0,24.3,1,12,Medium,Safe,Survival
407,Entertainment,Bookshop,10,16.7,88.4,112.3,20,1106.0,4.4,0,18,High,Warning,Leakage
2865,Entertainment,Pharmacy,5,49.8,66.5,50.3,16,3340.0,22.4,0,6,Medium,Safe,Survival
2693,Transport,Snack_Bar,11,64.6,27.2,17.8,22,1405.0,24.4,1,18,Low,Safe,Survival
832,Food,Pharmacy,6,85.6,70.9,104.6,4,1425.0,26.3,1,6,Medium,Safe,Survival
2302,Food,Stationery,11,26.8,118.8,100.8,19,3753.0,27.7,1,7,High,Safe,Lifestyle
3159,Other,Pharmacy,4,82.6,29.1,122.2,2,2802.0,15.3,0,6,Low,Safe,Lifestyle
3283,Other,Snack_Bar,2,27.3,92.8,96.3,4,900.0,19.7,0,17,High,Safe,Lifestyle
4952,Transport,Stationery,2,69.3,81.3,32.0,26,1003.0,0.3,1,15,Medium,Critical,Survival
2131,Food,Snack_Bar,3,45.9,99.8,129.4,2,1453.0,17.2,0,7,High,Safe,Lifestyle
3919,Transport,Snack_Bar,2,15.9,28.1,97.8,7,2579.0,14.2,1,6,Low,Safe,Survival
2762,Other,Stationery,1,72.9,123.0,123.1,15,3135.0,28.9,0,10,High,Safe,Lifestyle
1879,Other,Pharmacy,8,25.7,84.5,118.4,17,1461.0,27.1,1,7,Medium,Safe,Lifestyle
436,Entertainment,Canteen,5,21.8,111.6,51.7,14,3547.0,23.9,1,9,High,Safe,Leakage
4643,Transport,Canteen,10,39.0,39.6,20.4,11,882.0,1.7,0,19,Low,Critical,Survival
4925,Transport,Canteen,1,67.1,98.7,34.7,17,1227.0,12.1,1,14,High,Safe,Lifestyle
1740,Food,Canteen,9,27.2,103.7,23.0,5,3897.0,20.9,1,11,High,Safe,Lifestyle
4143,Food,Bookshop,8,22.4,57.7,44.1,23,972.0,0.9,1,17,Medium,Critical,Survival
563,Entertainment,Canteen,4,5.9,56.1,74.3,14,3608.0,7.1,1,17,Medium,Warning,Survival
2568,Study,Stationery,8,49.8,88.9,137.0,17,2964.0,26.6,1,14,High,Safe,Lifestyle
485,Study,Canteen,10,45.7,21.2,132.1,28,756.0,3.9,0,20,Low,Critical,Leakage
348,Study,Snack_Bar,7,27.2,98.3,110.6,28,2193.0,1.5,1,15,High,Critical,Leakage
4237,Transport,Canteen,11,10.1,15.1,13.4,20,2316.0,17.4,0,7,Low,Safe,Survival
4751,Transport,Pharmacy,11,45.8,32.9,57.8,21,3762.0,28.4,1,12,Low,Safe,Survival
1966,Other,Stationery,7,79.9,89.7,105.5,2,1974.0,25.0,0,14,High,Safe,Lifestyle
1212,Transport,Stationery,1,73.0,21.8,28.1,7,2064.0,29.2,1,8,Low,Safe,Survival
3031,Transport,Bookshop,6,86.8,126.6,122.2,4,894.0,22.6,0,18,High,Safe,Lifestyle
2707,Transport,Snack_Bar,4,5.9,114.2,138.0,8,2737.0,13.1,1,15,High,Safe,Lifestyle
1723,Entertainment,Stationery,10,96.8,85.2,59.6,30,1238.0,28.4,1,22,High,Safe,Lifestyle
2985,Transport,Pharmacy,10,37.4,108.3,108.8,30,771.0,12.8,0,8,High,Safe,Lifestyle
2756,Food,Canteen,10,99.1,116.5,30.7,1,3989.0,10.5,0,14,High,Safe,Lifestyle
3925,Food,Stationery,11,29.0,41.1,106.7,10,1444.0,13.4,0,22,Low,Safe,Survival
4776,Other,Pharmacy,2,49.8,111.9,13.0,1,994.0,24.4,1,21,High,Safe,Lifestyle
1801,Entertainment,Canteen,10,38.6,33.4,31.1,1,2948.0,27.5,0,11,Low,Safe,Survival
2608,Food,Bookshop,7,38.8,59.6,109.4,4,3376.0,10.7,1,11,Medium,Safe,Survival
540,Entertainment,Stationery,9,85.0,77.0,109.7,17,724.0,13.9,0,11,Medium,Safe,Leakage
3017,Entertainment,Stationery,5,75.9,95.7,99.8,5,869.0,26.9,1,22,High,Safe,Lifestyle
2696,Other,Pharmacy,8,99.3,13.6,76.8,14,816.0,1.4,1,15,Low,Critical,Survival
1925,Entertainment,Snack_Bar,5,63.3,44.9,104.5,30,664.0,23.5,0,7,Low,Safe,Survival
1889,Transport,Bookshop,7,49.0,83.0,118.3,6,2808.0,13.6,1,6,Medium,Safe,Lifestyle
3467,Entertainment,Snack_Bar,7,13.6,52.9,145.3,7,2559.0,11.3,1,16,Medium,Safe,Lifestyle
4606,Other,Stationery,9,99.7,103.0,134.4,8,2820.0,13.4,0,11,High,Safe,Lifestyle
461,Other,Snack_Bar,3,57.4,88.2,121.2,24,2270.0,12.6,0,6,High,Safe,Lifestyle
1642,Other,Canteen,1,71.5,38.1,107.3,18,3361.0,22.7,0,21,Low,Safe,Survival
605,Food,Bookshop,2,43.6,27.5,90.4,28,2413.0,27.8,0,14,Low,Safe,Survival
2390,Transport,Snack_Bar,6,57.0,85.5,26.9,4,3716.0,14.7,0,17,High,Safe,Lifestyle
4637,Food,Canteen,10,94.5,64.1,33.2,23,2200.0,25.0,1,14,Medium,Safe,Survival
443,Study,Pharmacy,10,20.8,30.3,124.8,25,3267.0,22.0,1,18,Low,Safe,Leakage
4785,Transport,Snack_Bar,9,32.8,49.2,122.5,25,1926.0,9.9,1,12,Low,Warning,Lifestyle
4307,Entertainment,Bookshop,3,19.4,46.4,96.0,27,2023.0,17.6,1,6,Low,Safe,Survival
760,Other,Canteen,10,80.3,23.0,71.4,3,3471.0,20.0,0,8,Low,Safe,Leakage
4337,Study,Snack_Bar,2,10.9,75.6,13.6,28,877.0,0.7,0,8,Medium,Critical,Survival
2925,Transport,Pharmacy,11,12.8,101.6,55.8,23,2477.0,11.9,1,9,High,Safe,Lifestyle
793,Food,Snack_Bar,1,33.4,79.1,68.9,4,3042.0,29.8,1,17,Medium,Safe,Survival
2026,Other,Canteen,2,53.8,109.2,78.0,25,3126.0,19.1,1,9,High,Safe,Lifestyle
3429,Food,Snack_Bar,3,43.6,25.3,140.1,23,2570.0,10.0,1,15,Low,Warning,Lifestyle
3487,Transport,Bookshop,7,9.3,62.3,25.2,16,2068.0,7.5,1,9,Medium,Warning,Survival
4273,Transport,Stationery,2,96.0,83.1,82.6,13,1413.0,6.3,0,16,Medium,Warning,Survival
333,Study,Canteen,5,95.5,91.1,61.5,29,3683.0,12.0,1,9,High,Safe,Leakage
3338,Entertainment,Canteen,2,31.5,93.5,148.6,22,1794.0,5.8,1,16,High,Warning,Lifestyle
4119,Food,Canteen,7,74.5,97.5,130.7,25,3296.0,4.1,1,22,High,Warning,Lifestyle
272,Study,Canteen,10,60.0,88.2,71.4,23,611.0,10.9,1,18,High,Safe,Leakage
4694,Other,Snack_Bar,8,27.6,21.3,150.0,11,1313.0,18.2,0,22,Low,Safe,Lifestyle
4425,Entertainment,Bookshop,8,29.9,93.4,82.0,24,1710.0,4.4,0,18,High,Warning,Lifestyle
3178,Study,Pharmacy,8,51.7,97.0,33.4,11,2851.0,1.3,1,22,High,Critical,Lifestyle
4561,Food,Bookshop,10,44.8,129.2,87.8,5,1618.0,1.0,1,20,High,Critical,Lifestyle
2185,Transport,Canteen,9,32.7,93.2,41.7,20,645.0,8.0,0,9,High,Warning,Lifestyle
992,Other,Snack_Bar,1,81.7,92.4,99.1,1,1109.0,5.7,0,16,High,Warning,Lifestyle
4459,Food,Snack_Bar,1,50.7,71.8,141.2,14,1407.0,16.2,0,14,Medium,Safe,Lifestyle
294,Entertainment,Canteen,10,67.2,114.2,120.1,24,1116.0,13.7,1,21,High,Safe,Leakage
1333,Entertainment,Snack_Bar,2,23.0,129.6,48.2,22,1213.0,9.7,1,8,High,Warning,Lifestyle
437,Transport,Canteen,11,55.7,103.5,51.6,20,3191.0,25.0,1,22,High,Safe,Leakage
3146,Transport,Bookshop,6,35.2,83.5,19.7,19,1942.0,15.1,1,15,Medium,Safe,Survival
2730,Other,Stationery,1,55.0,19.5,50.0,5,1918.0,2.7,1,10,Low,Critical,Survival
2160,Other,Snack_Bar,5,79.2,97.2,23.0,20,3883.0,8.9,1,20,High,Warning,Lifestyle
1248,Transport,Canteen,5,78.0,95.0,79.9,27,2063.0,29.2,1,10,High,Safe,Lifestyle
2729,Transport,Canteen,4,38.7,103.1,109.2,27,3747.0,29.3,1,20,High,Safe,Lifestyle
3164,Entertainment,Snack_Bar,11,71.0,24.9,115.2,23,1547.0,7.6,1,11,Low,Warning,Lifestyle
1163,Transport,Pharmacy,5,94.4,88.4,18.3,6,1902.0,5.0,1,13,High,Warning,Lifestyle
736,Study,Canteen,1,64.4,45.5,57.6,19,1887.0,14.9,1,8,Low,Safe,Survival
4423,Food,Snack_Bar,11,19.1,101.2,50.3,12,2411.0,14.4,0,10,High,Safe,Lifestyle
3879,Transport,Canteen,11,69.6,38.8,24.6,26,2545.0,12.3,0,20,Low,Safe,Survival
4387,Other,Pharmacy,6,15.0,92.1,60.7,29,1368.0,15.9,1,17,High,Safe,Lifestyle
3924,Study,Stationery,7,87.9,45.4,51.9,27,3278.0,7.0,1,12,Low,Warning,Survival
742,Other,Pharmacy,8,54.1,11.1,98.8,28,2238.0,3.4,1,6,Low,Critical,Leakage
1045,Study,Bookshop,2,41.6,86.0,133.7,14,525.0,17.1,0,7,High,Safe,Lifestyle
3803,Transport,Snack_Bar,7,10.4,23.6,73.7,17,2570.0,28.0,1,18,Low,Safe,Survival
3236,Food,Pharmacy,6,41.2,89.1,114.5,30,3293.0,4.1,1,15,High,Warning,Lifestyle
2694,Other,Stationery,9,90.8,121.1,30.4,7,1377.0,21.1,1,18,High,Safe,Lifestyle
4685,Study,Canteen,8,7.0,126.3,135.3,21,633.0,13.1,0,10,High,Safe,Lifestyle
2919,Entertainment,Snack_Bar,11,50.1,38.3,31.4,1,3325.0,8.8,1,18,Low,Warning,Survival
2084,Transport,Pharmacy,4,93.5,107.1,36.9,17,3917.0,25.6,0,14,High,Safe,Lifestyle
4338,Food,Stationery,9,42.5,52.4,24.9,6,768.0,13.7,1,6,Medium,Safe,Survival
4549,Transport,Pharmacy,1,45.7,118.1,53.4,4,3783.0,17.5,0,11,High,Safe,Lifestyle
3401,Entertainment,Bookshop,11,60.0,104.5,87.3,14,1757.0,13.3,0,6,High,Safe,Lifestyle
2910,Food,Snack_Bar,6,49.0,18.9,148.3,8,3795.0,2.4,1,21,Low,Critical,Lifestyle
2153,Entertainment,Canteen,8,21.0,58.9,121.1,18,2771.0,17.8,1,13,Medium,Safe,Lifestyle
4937,Transport,Stationery,11,6.8,50.5,63.3,20,3616.0,12.6,0,11,Medium,Safe,Survival
4050,Study,Pharmacy,11,62.9,104.2,90.6,28,3250.0,2.6,1,18,High,Critical,Lifestyle
889,Transport,Snack_Bar,4,92.5,59.2,97.3,13,598.0,17.9,0,22,Medium,Safe,Survival
2150,Transport,Pharmacy,2,15.1,92.2,125.2,8,729.0,0.3,0,18,High,Critical,Lifestyle
656,Transport,Snack_Bar,11,25.0,82.3,113.1,28,2340.0,6.3,1,15,Medium,Warning,Leakage
2330,Other,Bookshop,2,40.2,127.1,89.7,24,954.0,23.4,0,11,High,Safe,Lifestyle
4176,Entertainment,Pharmacy,10,81.8,122.5,103.7,16,2114.0,1.1,0,18,High,Critical,Lifestyle
4444,Entertainment,Bookshop,1,30.6,61.3,114.4,5,3841.0,19.4,0,20,Medium,Safe,Survival
1379,Entertainment,Stationery,5,88.8,96.8,28.6,3,1532.0,28.5,1,11,High,Safe,Lifestyle
4485,Other,Bookshop,6,10.2,109.5,38.1,13,2211.0,5.1,1,16,High,Warning,Lifestyle
3765,Study,Snack_Bar,4,94.4,117.9,106.4,15,1845.0,12.5,0,13,High,Safe,Lifestyle
1082,Transport,Stationery,4,58.3,18.2,129.1,4,2704.0,17.3,1,19,Low,Safe,Lifestyle
599,Study,Pharmacy,5,67.6,46.2,67.3,3,1178.0,13.5,1,18,Low,Safe,Leakage
808,Other,Pharmacy,5,39.9,48.4,147.2,27,1410.0,18.6,1,7,Low,Safe,Lifestyle
1838,Entertainment,Snack_Bar,9,79.3,62.1,40.3,2,3506.0,12.1,0,6,Medium,Safe,Survival
2348,Transport,Canteen,8,20.8,30.3,68.3,30,3340.0,4.5,1,10,Low,Warning,Survival
1582,Food,Canteen,9,9.6,69.5,63.0,4,3262.0,2.7,1,16,Medium,Critical,Survival
1603,Food,Pharmacy,3,42.6,89.6,140.2,25,3198.0,22.3,1,15,High,Safe,Lifestyle
1019,Study,Snack_Bar,3,86.1,69.7,50.0,6,2108.0,7.2,0,17,Medium,Warning,Survival
3492,Entertainment,Canteen,1,76.7,89.9,75.9,4,3051.0,25.4,1,15,High,Safe,Lifestyle
1019,Food,Bookshop,10,54.1,18.0,36.2,17,1855.0,22.3,1,14,Low,Safe,Survival
619,Study,Pharmacy,6,59.4,115.1,83.0,30,852.0,1.5,0,7,High,Critical,Leakage
4419,Other,Bookshop,4,17.3,122.7,130.0,7,1877.0,6.0,1,9,High,Warning,Lifestyle
4717,Study,Snack_Bar,11,84.9,84.1,52.6,18,1055.0,8.8,1,9,Medium,Warning,Survival
3502,Study,Bookshop,8,79.8,115.8,123.5,28,1868.0,17.8,1,11,High,Safe,Lifestyle
1708,Study,Canteen,2,67.4,25.8,137.6,22,1541.0,24.3,0,17,Low,Safe,Lifestyle
967,Transport,Canteen,11,49.3,105.7,20.2,10,2597.0,1.8,1,12,High,Critical,Lifestyle
2244,Study,Stationery,2,96.6,24.3,115.9,17,1765.0,7.5,0,7,Low,Warning,Lifestyle
2339,Study,Pharmacy,7,88.5,59.0,45.7,29,2970.0,11.3,1,9,Medium,Safe,Survival
3229,Transport,Snack_Bar,5,66.2,48.9,34.5,23,2293.0,5.5,0,8,Low,Warning,Survival
1749,Transport,Pharmacy,1,40.3,80.3,94.2,4,3718.0,16.4,1,9,Medium,Safe,Survival
1964,Other,Bookshop,7,63.7,46.2,108.8,27,819.0,14.3,0,19,Low,Safe,Survival
2845,Entertainment,Snack_Bar,7,59.7,86.5,65.3,19,2907.0,9.5,0,11,High,Warning,Lifestyle
3916,Food,Snack_Bar,10,42.5,54.1,15.5,26,2853.0,15.5,1,11,Medium,Safe,Survival
4805,Food,Canteen,6,34.1,113.3,137.2,7,3827.0,10.7,0,14,High,Safe,Lifestyle
4681,Study,Bookshop,4,43.7,86.1,112.3,13,1800.0,10.3,1,10,High,Safe,Lifestyle
2493,Other,Canteen,8,59.5,35.8,48.0,3,1569.0,8.0,0,12,Low,Warning,Survival
2908,Study,Canteen,11,45.7,50.3,79.6,8,1103.0,16.2,1,18,Medium,Safe,Survival
1100,Food,Stationery,2,30.0,111.7,13.9,11,1429.0,13.3,0,6,High,Safe,Lifestyle
3284,Transport,Canteen,2,77.3,56.4,57.5,16,2257.0,5.9,1,7,Medium,Warning,Survival
2209,Entertainment,Pharmacy,2,55.5,74.3,83.2,20,3432.0,0.4,0,15,Medium,Critical,Survival
441,Other,Snack_Bar,3,11.4,87.9,82.4,19,1495.0,4.5,0,11,High,Warning,Lifestyle
2585,Transport,Canteen,6,40.0,51.7,39.1,23,1052.0,1.3,1,9,Medium,Critical,Survival
4468,Entertainment,Pharmacy,1,89.1,45.3,118.7,23,1452.0,12.9,1,13,Low,Safe,Lifestyle
871,Other,Bookshop,11,76.7,67.0,51.8,9,853.0,6.8,0,19,Medium,Warning,Survival
363,Other,Snack_Bar,2,35.7,35.8,91.3,10,3743.0,12.6,0,21,Low,Safe,Survival
664,Food,Bookshop,10,94.1,44.1,48.0,23,3554.0,9.9,0,20,Low,Warning,Leakage
3242,Transport,Pharmacy,2,12.3,17.4,69.5,6,1580.0,16.1,0,18,Low,Safe,Survival
4792,Other,Bookshop,1,96.3,46.5,39.1,3,1364.0,21.7,1,17,Low,Safe,Survival
4995,Other,Bookshop,3,28.3,48.5,98.6,20,3669.0,14.4,1,12,Low,Safe,Survival
2642,Entertainment,Bookshop,10,5.9,125.4,69.6,8,506.0,1.9,0,20,High,Critical,Lifestyle
4998,Food,Canteen,7,46.2,80.8,12.3,6,2602.0,0.5,1,11,Medium,Critical,Survival
2555,Study,Canteen,1,39.1,104.5,13.9,25,3706.0,6.4,1,19,High,Warning,Lifestyle
4478,Food,Canteen,7,56.2,15.4,76.0,8,2280.0,12.7,0,20,Low,Safe,Survival
4924,Study,Snack_Bar,5,80.7,22.8,35.7,14,510.0,1.3,0,16,Low,Critical,Survival
2757,Transport,Pharmacy,9,85.0,107.7,91.9,8,1266.0,9.8,0,9,High,Warning,Lifestyle
745,Transport,Canteen,2,43.1,84.8,67.1,11,3729.0,26.6,1,10,Medium,Safe,Survival
4919,Other,Bookshop,1,45.8,32.9,101.6,10,560.0,2.7,1,7,Low,Critical,Survival
4035,Transport,Bookshop,9,19.1,58.6,143.3,26,1882.0,28.5,0,20,Medium,Safe,Lifestyle
793,Other,Bookshop,8,9.5,74.6,84.0,23,3264.0,25.7,0,15,Medium,Safe,Leakage
4004,Food,Bookshop,10,65.9,111.2,120.2,10,3433.0,25.0,0,9,High,Safe,Lifestyle
1659,Transport,Stationery,6,11.1,17.2,115.4,11,2172.0,25.9,1,13,Low,Safe,Lifestyle
3693,Food,Snack_Bar,5,74.7,81.6,139.1,1,1314.0,2.4,0,16,Medium,Critical,Lifestyle
2801,Food,Pharmacy,8,56.2,96.0,40.0,15,2599.0,4.5,1,22,High,Warning,Lifestyle
2644,Transport,Pharmacy,8,23.9,127.3,125.8,5,1423.0,4.0,1,12,High,Critical,Lifestyle
2872,Food,Canteen,5,56.3,106.9,136.8,14,1393.0,3.3,1,16,High,Critical,Lifestyle
4400,Transport,Stationery,7,22.4,43.1,65.0,23,3327.0,9.8,0,15,Low,Warning,Survival
216,Transport,Pharmacy,1,46.7,95.1,53.9,26,1040.0,24.9,1,6,High,Safe,Lifestyle
3391,Transport,Snack_Bar,4,81.0,101.6,143.3,25,519.0,7.6,1,13,High,Warning,Lifestyle
592,Study,Bookshop,2,48.9,97.6,97.9,28,1679.0,7.3,1,10,High,Warning,Lifestyle
624,Food,Canteen,10,19.1,108.4,63.3,20,2218.0,20.3,0,18,High,Safe,Leakage
771,Entertainment,Snack_Bar,3,73.8,118.4,120.9,8,2968.0,2.9,0,12,High,Critical,Lifestyle
3831,Transport,Pharmacy,1,22.7,21.8,52.6,17,3234.0,10.8,1,16,Low,Safe,Survival
1320,Food,Stationery,11,75.2,22.6,34.7,4,2822.0,8.9,1,17,Low,Warning,Survival
441,Other,Canteen,11,50.5,105.6,86.2,4,2693.0,25.4,1,19,High,Safe,Leakage
4097,Transport,Pharmacy,2,48.1,40.3,89.3,18,2830.0,15.4,1,17,Low,Safe,Survival
4295,Transport,Canteen,1,85.9,17.0,125.6,27,1450.0,19.4,1,6,Low,Safe,Lifestyle
2479,Entertainment,Pharmacy,8,72.3,58.1,74.0,27,1838.0,3.9,0,11,Medium,Critical,Survival
988,Study,Bookshop,4,8.1,108.4,124.0,19,2658.0,27.9,1,16,High,Safe,Lifestyle
914,Study,Stationery,3,33.1,25.2,53.6,3,729.0,9.7,0,16,Low,Warning,Survival
3049,Transport,Bookshop,1,87.7,90.6,90.6,9,1534.0,21.2,0,17,High,Safe,Lifestyle
975,Food,Pharmacy,2,6.7,10.4,39.2,7,1922.0,28.6,1,6,Low,Safe,Survival
4226,Other,Snack_Bar,3,56.8,23.2,64.0,2,2367.0,15.3,1,11,Low,Safe,Survival
2447,Other,Bookshop,3,74.1,52.1,130.1,9,2203.0,15.2,1,18,Medium,Safe,Lifestyle
278,Food,Snack_Bar,6,64.1,20.0,40.2,24,3013.0,3.5,0,17,Low,Critical,Leakage
4126,Transport,Pharmacy,10,77.3,111.5,123.4,6,2157.0,11.7,1,15,High,Safe,Lifestyle
1055,Other,Stationery,8,73.9,113.7,49.6,6,3664.0,25.6,0,12,High,Safe,Lifestyle
2348,Study,Snack_Bar,6,70.7,100.7,14.8,28,1831.0,4.1,1,15,High,Warning,Lifestyle
1231,Food,Pharmacy,2,83.0,39.1,25.4,16,2339.0,27.5,1,11,Low,Safe,Survival
3471,Entertainment,Snack_Bar,2,66.3,72.8,114.4,2,511.0,20.0,0,13,Medium,Safe,Survival
3776,Transport,Bookshop,7,43.2,32.1,46.7,29,1587.0,12.6,1,14,Low,Safe,Survival
4382,Food,Pharmacy,1,49.8,43.8,101.6,16,3533.0,16.4,0,21,Low,Safe,Survival
3656,Other,Bookshop,1,73.1,71.9,107.9,3,1668.0,4.5,1,7,Medium,Warning,Survival
3706,Transport,Canteen,7,88.2,98.2,58.3,22,1386.0,6.5,0,16,High,Warning,Lifestyle
607,Study,Pharmacy,9,30.9,21.4,76.5,30,2402.0,8.6,0,9,Low,Warning,Leakage
2911,Transport,Snack_Bar,5,37.5,45.6,66.5,16,776.0,11.5,1,8,Low,Safe,Survival
3288,Transport,Canteen,11,93.4,121.2,142.6,12,2361.0,27.5,1,20,High,Safe,Lifestyle
1868,Study,Bookshop,1,60.0,61.5,54.8,3,1563.0,11.0,1,13,Medium,Safe,Survival
347,Study,Bookshop,5,22.0,122.7,35.7,11,1841.0,15.7,0,9,High,Safe,Leakage
4527,Transport,Snack_Bar,11,68.1,129.0,61.2,11,3270.0,4.9,1,16,High,Warning,Lifestyle
4097,Study,Canteen,1,99.1,73.2,103.7,23,2817.0,22.1,1,22,Medium,Safe,Survival
2150,Food,Stationery,10,83.2,44.6,107.6,30,2061.0,16.8,1,14,Low,Safe,Survival
565,Study,Snack_Bar,9,75.8,104.9,139.4,16,2521.0,13.2,0,6,High,Safe,Leakage
1874,Study,Bookshop,4,24.8,29.1,133.4,5,3184.0,28.4,0,13,Low,Safe,Lifestyle
4731,Transport,Pharmacy,9,88.2,40.2,50.4,20,3110.0,26.7,0,7,Low,Safe,Survival
4694,Food,Canteen,2,54.9,104.2,73.7,8,1149.0,19.8,1,18,High,Safe,Lifestyle
2746,Entertainment,Stationery,7,89.5,62.0,114.6,11,1553.0,27.7,0,6,Medium,Safe,Survival
762,Entertainment,Pharmacy,2,36.3,34.2,138.3,11,1719.0,16.9,0,15,Low,Safe,Lifestyle
3762,Other,Canteen,4,10.9,88.1,57.2,18,1156.0,24.8,1,17,High,Safe,Lifestyle
2689,Study,Snack_Bar,6,50.2,97.9,72.2,19,543.0,12.3,1,16,High,Safe,Lifestyle
972,Study,Snack_Bar,2,30.6,25.0,135.9,10,1109.0,2.6,1,15,Low,Critical,Lifestyle
2237,Food,Canteen,2,72.9,43.2,60.2,28,3329.0,29.8,1,19,Low,Safe,Survival
3623,Entertainment,Stationery,2,95.9,36.6,77.3,4,2411.0,5.0,0,19,Low,Warning,Survival
2767,Other,Canteen,3,70.6,55.6,136.6,28,1696.0,7.5,0,13,Medium,Warning,Lifestyle
1773,Food,Pharmacy,5,89.3,101.6,122.3,10,2629.0,4.9,0,16,High,Warning,Lifestyle
3894,Study,Pharmacy,9,48.0,95.6,44.1,14,3089.0,10.1,0,14,High,Safe,Lifestyle
3491,Entertainment,Snack_Bar,6,78.3,89.5,55.5,6,1740.0,8.7,1,20,High,Warning,Lifestyle
1446,Other,Canteen,9,85.1,10.8,59.4,5,2131.0,18.0,0,6,Low,Safe,Survival
3919,Transport,Snack_Bar,10,72.5,27.1,137.8,15,725.0,29.9,1,17,Low,Safe,Lifestyle
4039,Entertainment,Stationery,5,53.2,36.8,149.9,5,2590.0,1.6,1,13,Low,Critical,Lifestyle
559,Other,Pharmacy,11,64.5,42.6,118.4,23,1747.0,23.4,0,10,Low,Safe,Leakage
2576,Food,Bookshop,6,71.5,27.6,77.8,24,2017.0,3.8,1,18,Low,Critical,Survival
3209,Transport,Bookshop,10,29.0,59.2,11.4,6,1979.0,0.6,1,22,Medium,Critical,Survival
3193,Other,Canteen,8,81.9,19.0,107.6,30,2713.0,19.2,1,6,Low,Safe,Survival
1162,Other,Canteen,3,95.3,100.0,64.5,19,2504.0,26.2,1,7,High,Safe,Lifestyle
3832,Study,Bookshop,2,49.2,104.5,98.6,20,1977.0,5.3,1,12,High,Warning,Lifestyle
2027,Entertainment,Canteen,3,71.6,78.9,94.9,30,559.0,10.2,0,7,Medium,Safe,Survival
1813,Study,Pharmacy,9,75.0,20.8,77.3,17,2673.0,5.1,1,9,Low,Warning,Survival
1840,Transport,Stationery,6,67.9,116.8,142.2,14,3579.0,27.2,0,18,High,Safe,Lifestyle
2416,Other,Stationery,10,57.0,125.9,13.2,11,3193.0,8.1,1,19,High,Warning,Lifestyle
4512,Study,Snack_Bar,4,88.8,34.3,109.7,14,3936.0,13.3,1,8,Low,Safe,Survival
577,Entertainment,Pharmacy,10,47.6,94.6,67.4,5,987.0,26.8,0,14,High,Safe,Leakage
4414,Transport,Canteen,3,10.8,111.0,109.9,13,1279.0,16.6,0,21,High,Safe,Lifestyle
4485,Food,Canteen,2,85.2,74.8,104.5,12,2387.0,28.0,1,14,Medium,Safe,Survival
569,Study,Snack_Bar,4,69.0,48.8,11.4,26,1326.0,27.8,0,11,Low,Safe,Survival
2396,Transport,Snack_Bar,9,85.7,67.4,49.9,24,621.0,13.8,0,17,Medium,Safe,Survival
3947,Food,Canteen,4,18.2,71.5,36.5,19,1908.0,17.5,0,20,Medium,Safe,Survival
851,Study,Canteen,5,7.9,58.1,33.4,10,1507.0,6.9,1,11,Medium,Warning,Survival
969,Transport,Pharmacy,8,93.8,121.6,112.0,13,1423.0,29.7,0,10,High,Safe,Lifestyle
2621,Transport,Snack_Bar,2,19.0,99.3,43.5,15,3836.0,8.3,0,19,High,Warning,Lifestyle
980,Study,Pharmacy,11,81.9,39.0,76.5,20,1335.0,23.5,0,18,Low,Safe,Survival
1916,Transport,Canteen,3,83.2,80.3,44.6,13,953.0,9.4,1,14,Medium,Warning,Survival
4183,Other,Bookshop,6,72.3,92.6,91.2,4,939.0,9.4,0,12,High,Warning,Lifestyle
1511,Study,Bookshop,7,17.5,26.8,110.9,22,3322.0,3.1,0,17,Low,Critical,Survival
3559,Transport,Canteen,4,68.4,53.0,56.4,9,3002.0,16.8,1,14,Medium,Safe,Survival
722,Food,Snack_Bar,1,89.5,118.7,94.4,26,953.0,7.3,0,7,High,Warning,Lifestyle
721,Food,Bookshop,7,45.4,78.1,125.5,19,1269.0,4.5,1,8,Medium,Warning,Leakage
2520,Other,Snack_Bar,9,44.3,36.0,23.2,20,3116.0,6.8,1,10,Low,Warning,Survival
1135,Study,Bookshop,1,47.1,24.7,109.5,22,1461.0,7.5,1,19,Low,Warning,Survival
2430,Transport,Snack_Bar,1,12.8,72.2,55.2,22,3935.0,15.1,0,10,Medium,Safe,Survival
4240,Transport,Bookshop,1,89.7,75.7,27.2,7,2392.0,11.6,0,15,Medium,Safe,Survival
4783,Food,Snack_Bar,10,87.6,50.1,86.4,15,1172.0,2.3,1,21,Medium,Critical,Survival
3897,Other,Pharmacy,7,99.8,85.6,41.7,17,3506.0,16.1,0,6,High,Safe,Lifestyle
3037,Food,Snack_Bar,11,60.6,18.2,125.0,14,1618.0,23.6,0,9,Low,Safe,Lifestyle
4283,Food,Pharmacy,9,76.4,27.4,16.0,14,1511.0,17.2,1,10,Low,Safe,Survival
2661,Other,Pharmacy,3,24.3,75.6,23.8,9,1646.0,29.2,0,16,Medium,Safe,Survival
3443,Study,Canteen,8,68.4,17.4,82.9,16,3189.0,3.0,0,19,Low,Critical,Survival
3559,Transport,Pharmacy,9,66.7,115.7,92.5,2,1106.0,24.6,0,16,High,Safe,Lifestyle
885,Study,Stationery,3,90.6,27.1,112.2,14,1836.0,15.2,0,13,Low,Safe,Survival
2360,Entertainment,Pharmacy,3,83.9,90.9,46.3,4,608.0,15.6,1,6,High,Safe,Lifestyle
4188,Entertainment,Snack_Bar,1,94.2,56.9,127.8,3,3393.0,15.6,0,12,Medium,Safe,Lifestyle
4266,Entertainment,Pharmacy,2,87.5,58.0,143.4,3,1693.0,9.8,1,18,Medium,Warning,Lifestyle
1767,Other,Snack_Bar,7,87.5,101.8,79.9,11,1369.0,9.7,1,11,High,Warning,Lifestyle
238,Food,Snack_Bar,3,11.1,69.9,116.5,5,2530.0,19.0,1,9,Medium,Safe,Lifestyle
2744,Study,Stationery,7,85.4,97.1,83.5,16,2967.0,1.3,0,17,High,Critical,Lifestyle
1456,Transport,Pharmacy,5,62.7,70.6,19.7,23,3345.0,17.7,1,10,Medium,Safe,Survival
3190,Entertainment,Pharmacy,10,41.1,81.1,55.7,29,1717.0,21.7,0,10,Medium,Safe,Survival
2396,Study,Bookshop,8,10.4,101.3,22.2,28,3343.0,10.7,1,22,High,Safe,Lifestyle
3668,Entertainment,Bookshop,5,69.4,82.9,148.4,23,2127.0,6.5,0,11,Medium,Warning,Lifestyle
2908,Entertainment,Canteen,3,36.2,83.9,42.1,30,854.0,6.4,1,15,Medium,Warning,Survival
501,Transport,Snack_Bar,9,49.4,104.7,99.0,30,3462.0,2.5,1,21,High,Critical,Leakage
846,Other,Stationery,7,69.8,123.9,49.8,23,2417.0,2.7,1,19,High,Critical,Lifestyle
4958,Food,Bookshop,5,91.6,55.2,101.5,19,2609.0,5.0,1,15,Medium,Warning,Survival
1959,Other,Pharmacy,7,83.4,79.3,39.5,9,3781.0,0.6,1,22,Medium,Critical,Survival
4551,Study,Canteen,11,47.8,20.4,119.9,22,2457.0,8.0,1,10,Low,Warning,Lifestyle
797,Other,Stationery,10,41.8,53.1,25.5,11,520.0,9.2,1,7,Medium,Warning,Leakage
861,Study,Pharmacy,9,27.8,59.4,135.3,12,3547.0,29.9,1,9,Medium,Safe,Lifestyle
4530,Study,Pharmacy,5,40.4,110.2,127.7,27,1497.0,29.8,1,13,High,Safe,Lifestyle
1568,Food,Snack_Bar,7,15.5,71.6,105.0,26,2256.0,5.6,0,19,Medium,Warning,Survival
2781,Transport,Snack_Bar,11,97.3,97.7,19.4,27,1217.0,6.4,0,18,High,Warning,Lifestyle
4068,Food,Bookshop,9,59.5,12.3,39.2,8,1539.0,14.8,0,12,Low,Safe,Survival
3737,Other,Bookshop,1,17.1,65.7,130.3,14,2903.0,4.5,1,14,Medium,Warning,Lifestyle
4508,Study,Pharmacy,4,38.5,118.2,27.1,30,2004.0,15.1,0,9,High,Safe,Lifestyle
4758,Entertainment,Pharmacy,1,57.0,36.9,31.8,17,2695.0,12.0,1,10,Low,Safe,Survival
482,Entertainment,Bookshop,8,55.6,13.8,86.2,20,3383.0,9.7,0,20,Low,Warning,Leakage
3878,Study,Bookshop,3,8.4,62.0,48.4,15,1693.0,24.7,0,14,Medium,Safe,Survival
1686,Food,Pharmacy,2,95.3,94.5,41.1,15,2489.0,24.8,1,19,High,Safe,Lifestyle
4282,Transport,Stationery,4,31.2,64.5,90.6,23,3222.0,29.6,0,20,Medium,Safe,Survival
4383,Food,Pharmacy,11,6.5,65.2,62.2,12,3003.0,6.7,1,6,Medium,Warning,Survival
660,Study,Stationery,3,12.3,90.4,29.7,9,2389.0,26.6,0,6,High,Safe,Lifestyle
2525,Study,Stationery,11,60.1,40.5,84.9,12,1842.0,16.1,0,11,Low,Safe,Survival
3954,Transport,Pharmacy,5,18.1,100.2,64.2,19,1926.0,17.7,0,13,High,Safe,Lifestyle
2668,Other,Canteen,8,9.0,28.4,112.8,12,2016.0,26.9,1,9,Low,Safe,Survival
1924,Other,Bookshop,10,41.1,57.5,24.4,11,1721.0,28.3,0,21,Medium,Safe,Survival
1576,Transport,Snack_Bar,8,64.2,88.7,96.9,28,2947.0,21.8,1,16,High,Safe,Lifestyle
2943,Other,Pharmacy,11,15.6,109.4,71.1,6,939.0,10.4,0,9,High,Safe,Lifestyle
714,Entertainment,Stationery,7,34.8,105.0,66.8,8,3886.0,14.7,0,16,High,Safe,Leakage
902,Other,Pharmacy,8,44.7,96.6,42.5,11,3226.0,18.5,1,15,High,Safe,Lifestyle
1853,Other,Bookshop,5,20.1,53.1,14.3,3,1544.0,24.9,1,22,Medium,Safe,Survival
2266,Other,Stationery,10,53.1,24.7,128.7,16,649.0,19.7,0,14,Low,Safe,Lifestyle
222,Entertainment,Snack_Bar,10,13.1,36.0,55.7,6,2990.0,11.0,0,15,Low,Safe,Leakage
2660,Other,Snack_Bar,11,9.4,113.8,105.4,9,3070.0,12.5,1,13,High,Safe,Lifestyle
1504,Entertainment,Snack_Bar,11,54.4,112.9,142.7,9,3873.0,1.5,1,19,High,Critical,Lifestyle
3500,Transport,Canteen,6,28.6,124.2,89.1,6,1388.0,27.7,0,18,High,Safe,Lifestyle
561,Food,Stationery,8,14.1,19.1,65.6,5,790.0,2.6,1,8,Low,Critical,Leakage
3927,Transport,Stationery,1,45.3,74.4,47.6,1,3703.0,17.4,0,19,Medium,Safe,Survival
1484,Food,Canteen,6,91.9,87.8,140.8,3,1405.0,26.1,1,19,High,Safe,Lifestyle
714,Transport,Stationery,6,73.8,95.3,105.5,3,3025.0,12.6,1,8,High,Safe,Leakage
648,Food,Canteen,11,82.5,87.3,103.1,12,712.0,24.0,0,21,High,Safe,Leakage
2055,Food,Pharmacy,5,87.8,102.4,69.7,4,3162.0,24.1,0,15,High,Safe,Lifestyle
3762,Study,Bookshop,4,97.4,53.1,128.3,21,945.0,1.8,0,9,Medium,Critical,Lifestyle
2720,Food,Snack_Bar,1,77.5,31.5,109.9,16,2935.0,12.4,0,9,Low,Safe,Survival
3281,Food,Canteen,11,62.8,34.6,49.6,11,2363.0,20.7,1,7,Low,Safe,Survival
1628,Study,Canteen,10,39.7,11.4,93.9,8,3844.0,12.7,1,16,Low,Safe,Survival
4167,Other,Canteen,11,22.3,52.0,70.2,29,629.0,16.4,1,20,Medium,Safe,Survival
1122,Other,Pharmacy,8,70.2,21.0,10.9,27,1522.0,17.8,1,16,Low,Safe,Survival
3337,Study,Canteen,6,99.5,48.6,123.1,9,743.0,4.5,1,11,Low,Warning,Lifestyle
2359,Entertainment,Bookshop,3,49.4,85.4,27.2,28,3577.0,12.4,0,6,High,Safe,Lifestyle
2747,Food,Bookshop,3,73.7,117.3,81.4,30,2579.0,0.9,0,18,High,Critical,Lifestyle
3179,Food,Snack_Bar,6,52.0,110.8,57.1,14,2372.0,4.5,1,6,High,Warning,Lifestyle
2481,Study,Pharmacy,7,46.0,40.3,57.9,23,960.0,15.4,1,18,Low,Safe,Survival
2849,Study,Bookshop,8,44.0,26.1,76.8,29,2212.0,17.2,0,10,Low,Safe,Survival
513,Entertainment,Stationery,5,52.9,33.2,149.6,26,1895.0,4.4,1,22,Low,Warning,Leakage
2813,Other,Stationery,10,39.9,126.5,67.2,22,1605.0,22.7,0,21,High,Safe,Lifestyle
3283,Transport,Stationery,6,76.1,75.9,35.5,15,3203.0,11.2,1,15,Medium,Safe,Survival
2456,Other,Canteen,1,88.1,31.9,95.9,19,714.0,27.6,1,22,Low,Safe,Survival
1237,Food,Canteen,6,88.9,110.9,43.1,9,2763.0,11.6,1,12,High,Safe,Lifestyle
3689,Study,Stationery,9,26.6,57.4,24.8,26,3380.0,4.5,0,20,Medium,Warning,Survival
2834,Entertainment,Snack_Bar,10,90.1,117.9,17.0,17,3676.0,22.7,0,14,High,Safe,Lifestyle
4183,Other,Snack_Bar,4,37.4,41.3,13.2,9,3111.0,17.0,1,10,Low,Safe,Survival
1978,Entertainment,Canteen,10,34.4,57.2,70.4,3,1489.0,11.6,1,15,Medium,Safe,Survival
4095,Other,Stationery,1,74.0,70.6,69.7,25,2602.0,10.7,0,18,Medium,Safe,Survival
1324,Food,Snack_Bar,11,33.9,117.1,36.0,16,995.0,4.5,0,6,High,Warning,Lifestyle
897,Transport,Canteen,9,10.0,114.3,119.8,13,910.0,10.2,1,11,High,Safe,Lifestyle
2379,Entertainment,Stationery,4,40.5,78.9,28.1,26,2735.0,0.9,0,8,Medium,Critical,Survival
1604,Entertainment,Pharmacy,2,73.5,36.6,138.1,17,3479.0,15.1,1,22,Low,Safe,Lifestyle
1243,Transport,Stationery,1,36.1,58.4,92.3,24,735.0,26.9,1,17,Medium,Safe,Survival
2129,Entertainment,Stationery,3,64.8,127.1,13.9,22,871.0,23.9,1,16,High,Safe,Lifestyle
1213,Entertainment,Bookshop,7,67.7,82.9,144.8,30,2480.0,0.9,0,13,Medium,Critical,Lifestyle
426,Other,Bookshop,11,74.7,103.7,53.1,25,1264.0,26.4,0,17,High,Safe,Leakage
2028,Other,Pharmacy,10,90.2,64.0,73.0,4,2641.0,13.6,1,16,Medium,Safe,Survival
2223,Transport,Pharmacy,2,46.1,73.8,49.8,28,1251.0,5.7,1,10,Medium,Warning,Survival
2652,Food,Stationery,9,20.8,61.5,112.0,21,908.0,22.6,1,13,Medium,Safe,Survival
2285,Entertainment,Snack_Bar,11,35.3,94.4,78.0,22,2410.0,9.7,1,17,High,Warning,Lifestyle
4483,Food,Pharmacy,2,46.1,112.2,28.5,28,3518.0,7.6,0,11,High,Warning,Lifestyle
1280,Transport,Stationery,5,72.8,70.9,24.6,9,2898.0,4.8,1,14,Medium,Warning,Survival
2520,Transport,Canteen,8,6.2,67.7,111.6,22,3366.0,14.6,0,22,Medium,Safe,Survival
3390,Other,Bookshop,10,35.0,50.8,43.2,9,1432.0,2.8,1,7,Medium,Critical,Survival
2830,Entertainment,Snack_Bar,8,79.1,31.3,29.3,18,3601.0,23.6,1,6,Low,Safe,Survival
2763,Study,Stationery,3,68.7,122.7,79.9,14,1820.0,14.1,0,8,High,Safe,Lifestyle
3492,Transport,Canteen,2,74.5,47.9,122.4,20,3484.0,13.4,0,19,Low,Safe,Lifestyle
4821,Entertainment,Bookshop,9,82.1,106.1,49.0,3,2149.0,0.1,0,18,High,Critical,Lifestyle
3786,Food,Canteen,3,79.4,95.8,48.7,4,1438.0,24.5,0,7,High,Safe,Lifestyle
4631,Other,Stationery,8,69.8,104.9,126.7,1,1411.0,14.8,0,9,High,Safe,Lifestyle
3147,Food,Pharmacy,2,46.8,122.4,30.7,18,2487.0,13.2,0,20,High,Safe,Lifestyle
4159,Transport,Bookshop,3,98.4,84.8,96.3,4,777.0,22.8,1,10,Medium,Safe,Survival
3013,Transport,Canteen,1,59.1,117.8,143.7,10,3755.0,1.9,0,15,High,Critical,Lifestyle
2783,Food,Pharmacy,11,24.3,30.1,127.8,4,1450.0,11.0,1,14,Low,Safe,Lifestyle
361,Transport,Snack_Bar,6,32.8,85.2,18.7,21,1675.0,17.3,0,8,High,Safe,Leakage
793,Entertainment,Stationery,7,70.9,102.7,54.8,25,1317.0,13.8,0,19,High,Safe,Leakage
3459,Transport,Stationery,4,92.9,42.6,29.9,17,511.0,5.4,0,15,Low,Warning,Survival
4355,Other,Bookshop,1,22.0,98.9,142.9,8,2924.0,9.0,1,22,High,Warning,Lifestyle
3162,Entertainment,Canteen,3,12.8,103.4,148.0,19,2567.0,9.0,1,20,High,Warning,Lifestyle
4088,Study,Snack_Bar,9,88.7,109.7,42.9,9,3334.0,29.8,0,22,High,Safe,Lifestyle
3590,Transport,Bookshop,5,92.0,47.5,103.8,16,644.0,9.8,0,8,Low,Warning,Survival
4701,Transport,Bookshop,6,31.3,91.8,127.8,27,3750.0,6.2,1,21,High,Warning,Lifestyle
863,Other,Canteen,4,40.8,46.5,42.7,24,1658.0,24.7,0,18,Low,Safe,Survival
1332,Other,Snack_Bar,1,67.7,98.7,36.3,24,3696.0,12.6,1,22,High,Safe,Lifestyle
741,Food,Canteen,5,36.3,65.6,11.6,25,875.0,13.3,0,21,Medium,Safe,Leakage
3174,Food,Stationery,5,88.3,81.7,67.7,15,3104.0,16.5,1,14,Medium,Safe,Survival
1067,Food,Pharmacy,5,15.2,59.9,135.9,20,2528.0,17.9,1,17,Medium,Safe,Lifestyle
2266,Other,Stationery,6,8.6,29.4,136.4,16,1754.0,17.7,0,8,Low,Safe,Lifestyle
631,Food,Stationery,11,24.8,31.4,27.9,28,777.0,1.0,0,14,Low,Critical,Leakage
4478,Food,Bookshop,2,32.2,19.3,38.6,21,2617.0,24.6,1,21,Low,Safe,Survival
1406,Study,Stationery,1,15.7,84.2,67.1,12,593.0,5.8,0,10,Medium,Warning,Survival
2728,Food,Snack_Bar,2,11.2,111.8,119.3,23,2254.0,8.8,0,18,High,Warning,Lifestyle
1369,Transport,Stationery,10,76.8,12.5,95.7,18,2615.0,5.2,0,7,Low,Warning,Survival
1030,Other,Snack_Bar,6,20.6,17.9,81.9,7,3064.0,23.0,0,17,Low,Safe,Survival
1851,Entertainment,Canteen,5,91.8,64.9,92.9,16,3970.0,17.5,1,10,Medium,Safe,Survival
1336,Study,Bookshop,5,40.0,98.5,23.5,28,1410.0,22.7,1,13,High,Safe,Lifestyle
3010,Other,Snack_Bar,6,68.7,28.9,76.9,19,1628.0,19.6,1,21,Low,Safe,Survival
675,Other,Stationery,10,26.4,42.6,148.9,6,1694.0,3.1,1,7,Low,Critical,Leakage
3010,Transport,Bookshop,7,27.8,37.8,22.4,29,3061.0,9.0,1,18,Low,Warning,Survival
1526,Food,Bookshop,9,59.6,57.9,82.7,6,3761.0,15.2,0,6,Medium,Safe,Survival
1219,Transport,Snack_Bar,7,58.3,37.0,51.4,6,3910.0,9.1,1,10,Low,Warning,Survival
2036,Food,Snack_Bar,2,78.0,52.3,85.6,26,3810.0,6.2,1,17,Medium,Warning,Survival
4456,Food,Pharmacy,6,77.0,97.4,90.3,15,3578.0,26.1,0,9,High,Safe,Lifestyle
2648,Other,Pharmacy,9,68.7,83.3,90.8,2,3968.0,22.4,1,10,Medium,Safe,Survival
4493,Food,Bookshop,7,47.7,19.7,129.3,9,1816.0,10.4,0,16,Low,Safe,Lifestyle
1483,Study,Pharmacy,2,89.6,86.5,64.6,8,3819.0,23.0,1,15,High,Safe,Lifestyle
859,Study,Stationery,3,64.1,67.2,82.3,7,3164.0,18.8,0,13,Medium,Safe,Survival
2210,Study,Canteen,8,99.1,122.1,11.5,27,1090.0,0.1,1,14,High,Critical,Lifestyle
598,Other,Bookshop,11,82.8,44.7,120.5,30,659.0,11.4,1,12,Low,Safe,Leakage
1933,Transport,Canteen,9,9.2,97.1,46.3,28,1251.0,8.7,1,19,High,Warning,Lifestyle
2325,Entertainment,Pharmacy,4,35.5,97.7,124.3,28,3226.0,6.5,0,16,High,Warning,Lifestyle
2371,Food,Snack_Bar,9,59.3,36.6,47.2,16,2711.0,7.5,0,13,Low,Warning,Survival
274,Entertainment,Bookshop,2,73.5,118.4,11.5,15,1285.0,28.3,1,7,High,Safe,Lifestyle
4897,Transport,Pharmacy,11,57.3,68.9,31.7,9,3097.0,14.6,1,12,Medium,Safe,Survival
3671,Transport,Stationery,5,79.7,91.5,148.0,20,995.0,25.4,0,10,High,Safe,Lifestyle
1036,Other,Bookshop,11,31.9,27.5,54.8,15,3376.0,6.4,0,19,Low,Warning,Survival
699,Study,Bookshop,2,22.5,40.9,25.2,2,3280.0,5.2,1,19,Low,Warning,Survival
337,Study,Snack_Bar,11,10.1,80.3,26.6,20,3904.0,26.7,0,8,Medium,Safe,Leakage
2297,Transport,Bookshop,1,59.5,48.3,53.4,14,1026.0,14.9,0,11,Low,Safe,Survival
3896,Other,Snack_Bar,5,70.4,70.0,15.3,28,3673.0,26.9,0,22,Medium,Safe,Survival
2085,Other,Pharmacy,2,36.0,54.9,81.6,26,1694.0,1.9,0,13,Medium,Critical,Survival
2957,Food,Stationery,7,63.3,86.9,39.9,11,1956.0,27.5,0,8,High,Safe,Lifestyle
4120,Study,Stationery,8,10.0,68.5,82.7,30,2140.0,12.5,0,20,Medium,Safe,Survival
2100,Transport,Bookshop,2,14.4,10.6,29.7,3,2694.0,4.7,0,10,Low,Warning,Survival
2810,Entertainment,Bookshop,7,71.7,88.0,70.2,2,3982.0,20.5,0,7,High,Safe,Lifestyle
4186,Study,Pharmacy,4,40.0,60.7,93.7,18,2600.0,23.9,1,13,Medium,Safe,Survival
1649,Food,Snack_Bar,1,68.8,51.0,18.7,14,3744.0,1.4,0,14,Medium,Critical,Survival
746,Other,Stationery,11,84.0,21.3,65.8,24,1393.0,29.6,0,10,Low,Safe,Leakage
4876,Transport,Snack_Bar,3,86.0,36.4,52.4,29,1894.0,20.9,0,8,Low,Safe,Survival
2203,Study,Pharmacy,11,21.4,36.9,43.7,5,2266.0,9.6,0,17,Low,Warning,Survival
2296,Entertainment,Stationery,1,51.2,122.2,94.6,12,1630.0,4.5,1,8,High,Warning,Lifestyle
903,Food,Stationery,5,74.7,61.9,92.4,14,3919.0,11.8,1,21,Medium,Safe,Survival
2603,Food,Canteen,8,78.5,15.0,98.3,6,3040.0,6.6,1,21,Low,Warning,Survival
1825,Study,Pharmacy,1,79.5,26.7,32.2,8,2176.0,14.8,0,6,Low,Safe,Survival
3531,Entertainment,Pharmacy,9,26.7,19.5,50.0,7,3130.0,23.5,1,22,Low,Safe,Survival
4933,Food,Canteen,3,23.3,80.7,39.4,7,2136.0,19.8,1,8,Medium,Safe,Survival
3178,Transport,Snack_Bar,5,61.1,32.4,85.7,12,560.0,13.1,1,22,Low,Safe,Survival
4936,Food,Canteen,9,75.4,69.8,74.5,29,2401.0,3.6,0,22,Medium,Critical,Survival
3039,Entertainment,Pharmacy,5,35.3,54.4,56.2,7,2688.0,28.7,0,21,Medium,Safe,Survival
3584,Other,Snack_Bar,9,14.9,106.5,120.0,12,3934.0,8.1,1,11,High,Warning,Lifestyle
2859,Other,Stationery,10,73.1,48.5,23.2,27,643.0,8.3,1,19,Low,Warning,Survival
2061,Study,Canteen,8,33.5,65.0,146.5,16,2292.0,19.4,0,13,Medium,Safe,Lifestyle
3056,Entertainment,Snack_Bar,7,20.8,96.6,26.3,27,844.0,23.1,0,14,High,Safe,Lifestyle
885,Food,Snack_Bar,11,19.0,62.0,118.2,7,1021.0,29.5,1,6,Medium,Safe,Lifestyle
4483,Food,Snack_Bar,1,34.9,105.2,61.6,8,2637.0,29.1,0,22,High,Safe,Lifestyle
1819,Other,Canteen,4,61.3,89.4,131.1,1,1310.0,27.4,1,9,High,Safe,Lifestyle
4843,Other,Stationery,9,39.0,59.3,20.4,13,3122.0,13.1,0,21,Medium,Safe,Survival
1631,Transport,Snack_Bar,10,7.0,70.5,62.5,19,2300.0,5.0,1,17,Medium,Warning,Survival
1075,Other,Canteen,8,14.2,126.1,57.0,1,1264.0,17.5,1,18,High,Safe,Lifestyle
4913,Transport,Pharmacy,4,32.6,89.4,149.0,24,2228.0,0.5,1,7,High,Critical,Lifestyle
2661,Food,Canteen,1,67.7,118.6,148.0,18,503.0,5.9,1,17,High,Warning,Lifestyle
1565,Transport,Canteen,10,14.4,31.5,36.6,7,3520.0,0.1,1,15,Low,Critical,Survival
1443,Transport,Canteen,4,58.3,68.0,98.2,22,544.0,5.4,1,20,Medium,Warning,Survival
362,Study,Snack_Bar,3,16.4,119.0,85.0,27,525.0,14.2,0,10,High,Safe,Lifestyle
2174,Other,Canteen,6,25.1,48.7,31.6,17,2640.0,11.8,0,6,Low,Safe,Survival
3491,Transport,Pharmacy,11,21.4,126.1,33.5,28,3907.0,11.1,1,13,High,Safe,Lifestyle
469,Food,Snack_Bar,5,11.4,21.6,148.5,15,3496.0,24.9,0,11,Low,Safe,Leakage
831,Entertainment,Pharmacy,5,68.8,118.3,73.4,22,1382.0,20.2,0,6,High,Safe,Lifestyle
1105,Transport,Bookshop,2,49.0,63.4,27.6,25,1188.0,28.1,0,19,Medium,Safe,Survival
3671,Other,Canteen,3,84.0,18.8,40.1,19,2691.0,13.4,1,15,Low,Safe,Survival
3453,Study,Snack_Bar,11,14.4,115.5,47.6,28,3379.0,8.2,1,9,High,Warning,Lifestyle
2214,Food,Snack_Bar,6,18.7,40.2,81.5,23,1767.0,3.7,0,13,Low,Critical,Survival
1841,Study,Canteen,2,34.1,12.7,57.0,4,2013.0,20.2,0,17,Low,Safe,Survival
404,Entertainment,Stationery,4,77.8,26.3,73.7,17,904.0,25.3,1,15,Low,Safe,Survival
781,Transport,Stationery,2,34.0,89.1,33.3,7,1035.0,5.5,1,18,High,Warning,Lifestyle
1040,Transport,Pharmacy,9,43.8,127.3,55.7,16,2489.0,26.4,0,12,High,Safe,Lifestyle
1919,Other,Canteen,3,33.7,23.4,19.8,17,859.0,15.8,0,22,Low,Safe,Survival
2843,Transport,Canteen,10,12.6,65.4,134.6,27,1207.0,4.3,0,17,Medium,Warning,Lifestyle
2497,Food,Bookshop,10,94.2,31.7,37.8,20,1321.0,19.3,0,11,Low,Safe,Survival
1074,Entertainment,Stationery,6,57.1,99.4,116.0,29,2054.0,15.6,0,12,High,Safe,Lifestyle
889,Study,Stationery,1,79.8,24.2,58.9,15,660.0,0.8,0,18,Low,Critical,Survival
4200,Entertainment,Canteen,11,67.5,38.8,76.4,9,2249.0,12.0,0,19,Low,Safe,Survival
3341,Transport,Pharmacy,10,53.9,33.6,50.8,21,3750.0,23.5,0,18,Low,Safe,Survival
1622,Study,Canteen,3,13.5,76.3,107.5,23,586.0,16.7,0,11,Medium,Safe,Survival
871,Other,Pharmacy,8,66.1,114.8,128.2,13,2708.0,8.5,1,18,High,Warning,Lifestyle
1371,Entertainment,Stationery,5,19.8,71.3,50.1,7,3425.0,27.9,1,14,Medium,Safe,Survival
3926,Study,Bookshop,8,44.4,17.0,43.9,28,1594.0,7.1,1,16,Low,Warning,Survival
1143,Study,Snack_Bar,2,64.8,77.6,105.4,19,960.0,7.6,0,15,Medium,Warning,Survival
1649,Study,Stationery,7,79.3,105.7,37.3,29,652.0,10.6,0,8,High,Safe,Lifestyle
3937,Food,Pharmacy,9,70.1,25.9,99.6,11,2754.0,26.8,1,12,Low,Safe,Survival
2739,Entertainment,Canteen,7,68.8,18.7,23.2,8,2433.0,15.2,0,10,Low,Safe,Survival
4159,Study,Stationery,3,19.2,32.5,96.8,17,1303.0,20.5,0,20,Low,Safe,Survival
4460,Entertainment,Bookshop,7,37.9,99.5,81.9,4,3411.0,29.3,1,7,High,Safe,Lifestyle
2561,Study,Pharmacy,8,9.1,81.0,25.9,26,3074.0,23.5,1,16,Medium,Safe,Survival
3852,Other,Canteen,1,73.4,74.9,100.9,4,1468.0,5.2,1,11,Medium,Warning,Survival
3870,Other,Snack_Bar,3,95.5,39.9,72.5,18,3137.0,23.7,0,10,Low,Safe,Survival
1953,Other,Pharmacy,5,30.1,49.9,40.4,22,1357.0,22.5,1,12,Low,Safe,Survival
2552,Transport,Canteen,6,13.3,125.9,59.5,17,2863.0,7.0,1,9,High,Warning,Lifestyle
2138,Study,Snack_Bar,3,50.2,38.9,78.9,3,915.0,9.8,0,10,Low,Warning,Survival
570,Transport,Canteen,4,86.4,118.2,22.8,9,2923.0,21.3,1,10,High,Safe,Lifestyle
4679,Entertainment,Snack_Bar,5,57.4,79.7,144.1,28,1336.0,7.2,0,15,Medium,Warning,Lifestyle
2131,Transport,Snack_Bar,3,9.4,24.8,103.2,26,2504.0,6.2,0,7,Low,Warning,Survival
624,Entertainment,Snack_Bar,4,97.6,66.1,24.4,6,1104.0,21.1,0,20,Medium,Safe,Survival
4924,Entertainment,Canteen,5,83.7,123.8,125.2,2,3041.0,26.4,0,14,High,Safe,Lifestyle
1094,Entertainment,Snack_Bar,2,17.5,60.2,55.2,28,713.0,2.3,0,7,Medium,Critical,Survival
797,Transport,Pharmacy,10,92.6,113.6,93.6,12,1079.0,13.4,1,8,High,Safe,Leakage
3262,Study,Bookshop,9,47.8,40.8,48.8,15,1144.0,18.2,1,7,Low,Safe,Survival
2536,Transport,Bookshop,10,40.3,78.5,112.7,9,645.0,20.3,0,7,Medium,Safe,Survival
4888,Study,Snack_Bar,8,48.8,111.3,111.2,29,3108.0,29.9,0,19,High,Safe,Lifestyle
1887,Study,Bookshop,6,84.3,120.5,87.3,2,3933.0,20.5,1,6,High,Safe,Lifestyle
772,Entertainment,Bookshop,10,67.7,68.3,43.7,12,3224.0,18.6,1,12,Medium,Safe,Leakage
2290,Transport,Snack_Bar,11,10.6,86.8,45.5,16,3512.0,29.7,0,13,High,Safe,Lifestyle
3869,Study,Snack_Bar,3,96.0,10.4,63.6,7,521.0,1.8,1,17,Low,Critical,Survival
4472,Other,Pharmacy,11,19.0,40.4,30.3,1,913.0,2.2,0,9,Low,Critical,Survival
4824,Study,Stationery,2,75.8,43.4,57.3,21,2457.0,16.8,0,12,Low,Safe,Survival
1833,Other,Canteen,7,65.4,21.2,105.8,7,3923.0,10.8,1,15,Low,Safe,Survival
1717,Transport,Snack_Bar,8,22.8,43.6,126.3,3,2812.0,2.9,0,15,Low,Critical,Lifestyle
4493,Transport,Snack_Bar,10,21.2,48.5,56.6,20,1809.0,9.2,0,11,Low,Warning,Survival
2857,Transport,Bookshop,1,87.7,126.3,42.7,5,1012.0,20.2,1,17,High,Safe,Lifestyle
3848,Study,Pharmacy,6,44.9,90.2,126.6,3,1035.0,26.4,1,15,High,Safe,Lifestyle
3788,Food,Bookshop,7,67.2,61.1,134.7,15,1770.0,2.8,1,18,Medium,Critical,Lifestyle
1737,Study,Snack_Bar,9,52.9,128.6,67.4,6,2998.0,16.2,0,17,High,Safe,Lifestyle
3337,Study,Snack_Bar,3,74.1,28.4,13.8,15,611.0,8.9,1,6,Low,Warning,Survival
297,Entertainment,Bookshop,2,50.5,67.1,107.3,3,3483.0,20.0,0,6,Medium,Safe,Survival
3415,Entertainment,Snack_Bar,5,32.3,87.6,119.8,24,3795.0,16.5,0,16,High,Safe,Lifestyle
4730,Study,Stationery,10,39.5,16.7,12.5,23,3611.0,27.8,0,7,Low,Safe,Survival
4932,Other,Canteen,1,86.6,96.0,93.3,1,3696.0,1.1,0,11,High,Critical,Lifestyle
3950,Entertainment,Canteen,6,49.5,22.0,92.4,2,554.0,14.1,1,21,Low,Safe,Survival
3357,Study,Canteen,9,25.3,26.8,63.0,4,3922.0,5.8,0,6,Low,Warning,Survival
4883,Food,Stationery,10,93.8,29.2,115.0,21,1782.0,16.1,1,14,Low,Safe,Survival
543,Other,Snack_Bar,9,80.7,121.5,69.9,14,3542.0,25.6,1,20,High,Safe,Leakage
4866,Transport,Bookshop,7,10.3,92.0,104.7,14,1154.0,27.3,1,21,High,Safe,Lifestyle
810,Study,Pharmacy,11,99.9,88.7,82.4,27,2063.0,11.9,1,19,High,Safe,Lifestyle
1927,Study,Snack_Bar,7,71.0,76.7,44.8,30,655.0,24.4,1,12,Medium,Safe,Survival
2490,Other,Stationery,8,20.2,45.1,94.9,10,640.0,8.4,1,6,Low,Warning,Survival
2054,Entertainment,Stationery,10,27.5,84.5,113.2,11,3801.0,0.2,1,21,Medium,Critical,Survival
2808,Entertainment,Canteen,2,70.8,59.2,146.3,4,3337.0,25.7,1,14,Medium,Safe,Lifestyle
2279,Entertainment,Snack_Bar,6,79.1,27.4,63.2,15,2354.0,3.6,1,16,Low,Critical,Survival
2524,Transport,Canteen,5,27.7,92.8,19.0,20,2339.0,0.5,0,15,High,Critical,Lifestyle
4827,Other,Pharmacy,5,29.4,25.5,148.3,30,3121.0,10.6,1,16,Low,Safe,Lifestyle
1377,Other,Canteen,3,34.2,32.9,97.3,25,1696.0,11.4,0,11,Low,Safe,Survival
1291,Entertainment,Pharmacy,3,61.8,108.1,142.5,4,3167.0,2.3,0,7,High,Critical,Lifestyle
2991,Entertainment,Stationery,6,21.3,89.2,24.5,20,2198.0,24.4,0,17,High,Safe,Lifestyle
1949,Food,Canteen,10,14.9,85.7,57.9,20,2733.0,12.2,1,19,High,Safe,Lifestyle
2875,Food,Canteen,10,69.5,60.2,28.8,16,3877.0,14.7,1,13,Medium,Safe,Survival
981,Study,Bookshop,7,79.0,57.6,127.0,2,2150.0,7.9,0,9,Medium,Warning,Lifestyle
3248,Study,Stationery,1,52.6,92.8,133.2,13,1964.0,15.3,1,18,High,Safe,Lifestyle
2305,Other,Bookshop,3,39.6,98.8,80.2,8,3670.0,23.0,0,19,High,Safe,Lifestyle
4067,Other,Pharmacy,1,46.0,71.2,36.1,13,3659.0,27.2,1,20,Medium,Safe,Survival
4742,Transport,Pharmacy,10,41.9,126.3,27.8,30,3973.0,29.1,1,19,High,Safe,Lifestyle
2313,Transport,Stationery,3,96.2,124.7,92.3,20,2428.0,12.8,0,17,High,Safe,Lifestyle
4170,Food,Pharmacy,5,78.0,59.5,80.9,21,1705.0,29.7,1,20,Medium,Safe,Survival
2191,Study,Stationery,9,24.8,108.5,107.3,8,1341.0,8.8,1,11,High,Warning,Lifestyle
1267,Food,Pharmacy,3,41.5,75.2,52.7,30,619.0,0.2,0,7,Medium,Critical,Survival
1777,Food,Snack_Bar,10,56.7,71.4,66.3,4,3044.0,23.0,0,11,Medium,Safe,Survival
1211,Study,Canteen,10,63.2,16.6,13.0,5,1317.0,5.4,1,16,Low,Warning,Survival
2474,Transport,Snack_Bar,9,49.5,78.9,95.4,21,2623.0,1.6,1,6,Medium,Critical,Survival
2014,Study,Stationery,1,82.0,118.1,69.2,6,3708.0,27.7,0,14,High,Safe,Lifestyle
2626,Entertainment,Stationery,6,77.9,103.6,138.8,23,3826.0,23.8,0,18,High,Safe,Lifestyle
4602,Entertainment,Snack_Bar,9,53.0,104.4,99.9,19,515.0,3.1,0,14,High,Critical,Lifestyle
2751,Entertainment,Canteen,5,86.2,29.2,65.8,30,1610.0,23.3,0,20,Low,Safe,Survival
3857,Other,Canteen,11,76.4,53.0,46.9,10,3431.0,25.3,1,9,Medium,Safe,Survival
207,Transport,Bookshop,10,79.0,38.0,136.7,27,2378.0,27.2,0,9,Low,Safe,Leakage
2755,Transport,Pharmacy,2,95.9,47.9,12.3,3,3326.0,16.3,0,17,Low,Safe,Survival
675,Other,Bookshop,5,30.3,79.5,55.8,13,3487.0,21.1,0,14,Medium,Safe,Leakage
2411,Food,Canteen,1,30.4,53.8,142.1,9,2049.0,22.9,1,11,Medium,Safe,Lifestyle
684,Entertainment,Snack_Bar,9,89.5,77.3,101.6,17,1756.0,20.7,0,22,Medium,Safe,Leakage
4854,Entertainment,Pharmacy,10,78.4,62.6,84.6,10,2094.0,19.4,1,22,Medium,Safe,Survival
2485,Food,Snack_Bar,10,93.0,44.4,38.5,12,2785.0,16.4,0,18,Low,Safe,Survival
4763,Study,Bookshop,9,11.0,21.4,126.7,13,1785.0,14.4,1,17,Low,Safe,Lifestyle
3725,Study,Stationery,6,64.6,117.0,38.6,24,3212.0,29.9,0,19,High,Safe,Lifestyle
3539,Transport,Snack_Bar,11,18.7,11.4,44.8,10,3664.0,10.1,1,13,Low,Safe,Survival
3022,Other,Bookshop,9,52.9,10.2,36.9,19,1488.0,2.6,1,20,Low,Critical,Survival
3124,Transport,Bookshop,3,19.8,109.2,32.1,21,3877.0,23.0,0,14,High,Safe,Lifestyle
458,Study,Bookshop,4,17.2,129.6,143.5,19,2680.0,6.4,0,6,High,Warning,Lifestyle
482,Food,Stationery,6,6.2,97.3,94.3,26,3574.0,16.0,1,22,High,Safe,Leakage
2098,Transport,Stationery,4,64.9,11.8,99.3,17,864.0,2.9,0,15,Low,Critical,Survival
4335,Entertainment,Stationery,1,39.1,37.2,143.6,26,1380.0,18.6,0,10,Low,Safe,Lifestyle
3176,Entertainment,Pharmacy,7,15.0,126.6,42.3,30,1624.0,28.3,1,16,High,Safe,Lifestyle
2467,Food,Stationery,5,35.7,107.0,10.8,5,1560.0,21.7,0,8,High,Safe,Lifestyle
3400,Study,Stationery,8,21.0,78.0,93.8,8,1102.0,6.4,0,7,Medium,Warning,Survival
812,Entertainment,Stationery,9,94.5,38.4,81.1,5,3539.0,29.1,0,9,Low,Safe,Survival
887,Entertainment,Snack_Bar,5,35.4,11.7,76.9,15,1965.0,9.2,0,7,Low,Warning,Survival
3890,Other,Stationery,8,36.7,12.5,18.7,4,3871.0,13.1,1,6,Low,Safe,Survival
812,Transport,Pharmacy,1,84.8,83.4,73.6,25,2542.0,14.9,1,14,Medium,Safe,Survival
2507,Study,Bookshop,1,66.5,12.6,50.3,13,984.0,29.7,1,8,Low,Safe,Survival
3213,Transport,Snack_Bar,7,72.5,129.2,48.4,17,2411.0,2.1,1,11,High,Critical,Lifestyle
1981,Study,Canteen,6,65.4,32.0,41.1,5,3977.0,20.9,0,19,Low,Safe,Survival
2791,Entertainment,Stationery,5,94.9,95.3,56.6,1,2478.0,10.9,1,6,High,Safe,Lifestyle
2896,Other,Bookshop,5,24.7,28.6,59.4,22,507.0,2.3,0,17,Low,Critical,Survival
4158,Transport,Bookshop,9,99.0,74.8,53.2,15,3766.0,28.1,0,21,Medium,Safe,Survival
774,Entertainment,Snack_Bar,1,83.9,19.7,147.0,10,1322.0,17.7,1,19,Low,Safe,Lifestyle
2110,Study,Canteen,8,61.0,102.0,140.6,25,2910.0,22.6,0,8,High,Safe,Lifestyle
3804,Transport,Pharmacy,2,67.9,80.2,90.4,11,2303.0,7.2,1,19,Medium,Warning,Survival
869,Transport,Bookshop,7,66.6,20.3,147.3,30,1639.0,22.8,0,22,Low,Safe,Lifestyle
4564,Entertainment,Bookshop,6,10.5,111.8,148.8,18,1489.0,24.9,0,18,High,Safe,Lifestyle
1483,Transport,Bookshop,10,25.7,75.6,59.8,29,3751.0,12.9,1,6,Medium,Safe,Survival
1123,Other,Bookshop,2,96.3,120.6,72.3,13,3692.0,17.2,0,13,High,Safe,Lifestyle
1325,Other,Snack_Bar,3,55.8,120.0,144.3,20,2296.0,29.2,0,7,High,Safe,Lifestyle
1729,Entertainment,Canteen,4,40.9,120.5,95.2,24,1405.0,25.4,1,20,High,Safe,Lifestyle
1794,Study,Bookshop,7,77.4,19.3,39.8,30,858.0,13.3,1,19,Low,Safe,Survival
446,Entertainment,Pharmacy,8,54.8,24.5,106.5,16,1048.0,19.9,0,19,Low,Safe,Leakage
3911,Other,Pharmacy,11,6.3,128.5,38.8,19,2328.0,23.5,1,20,High,Safe,Lifestyle
1760,Food,Stationery,2,74.9,68.5,57.5,30,1577.0,0.7,0,15,Medium,Critical,Survival
2600,Food,Bookshop,8,74.6,38.6,41.9,23,647.0,17.7,1,9,Low,Safe,Survival
2443,Transport,Bookshop,11,20.7,102.4,44.3,12,2093.0,29.5,1,12,High,Safe,Lifestyle
4064,Transport,Bookshop,9,95.9,41.7,10.7,23,3112.0,28.4,0,7,Low,Safe,Survival
2139,Food,Bookshop,7,26.3,97.3,133.3,14,3621.0,25.0,1,14,High,Safe,Lifestyle
3269,Other,Bookshop,1,48.5,110.5,51.4,2,2548.0,3.2,0,9,High,Critical,Lifestyle
426,Transport,Pharmacy,6,15.9,104.1,22.1,28,3032.0,29.8,1,17,High,Safe,Leakage
3747,Entertainment,Canteen,8,62.3,42.9,22.2,10,1774.0,18.3,0,15,Low,Safe,Survival
464,Entertainment,Canteen,5,40.7,58.2,87.8,4,2237.0,6.7,0,16,Medium,Warning,Leakage
1595,Other,Stationery,2,38.6,59.6,149.0,1,3054.0,20.2,1,6,Medium,Safe,Lifestyle
3757,Transport,Pharmacy,5,83.6,69.0,30.3,24,3047.0,25.7,1,18,Medium,Safe,Survival
845,Entertainment,Bookshop,8,5.9,30.1,23.9,26,1986.0,3.4,0,12,Low,Critical,Survival
3190,Transport,Canteen,2,80.8,64.3,71.4,26,2403.0,27.5,1,11,Medium,Safe,Survival
2099,Transport,Snack_Bar,1,59.3,71.3,88.9,25,3733.0,27.6,0,14,Medium,Safe,Survival
2704,Entertainment,Snack_Bar,4,98.7,73.8,51.2,17,2712.0,0.4,0,8,Medium,Critical,Survival
2972,Food,Snack_Bar,4,61.0,108.4,52.4,11,2749.0,27.0,0,18,High,Safe,Lifestyle
1354,Entertainment,Bookshop,9,10.3,72.1,69.4,7,3246.0,28.4,1,8,Medium,Safe,Survival
787,Other,Bookshop,3,9.8,37.7,54.0,17,903.0,1.1,1,18,Low,Critical,Survival
4771,Study,Stationery,4,88.9,89.6,138.1,28,2330.0,8.8,0,11,High,Warning,Lifestyle
2021,Entertainment,Stationery,3,84.9,105.7,15.9,17,3858.0,11.2,1,7,High,Safe,Lifestyle
1185,Transport,Stationery,2,37.9,48.3,42.8,9,1766.0,10.5,1,22,Low,Safe,Survival
4279,Transport,Snack_Bar,4,63.7,87.4,123.2,10,1532.0,22.8,1,6,High,Safe,Lifestyle
3548,Entertainment,Bookshop,8,51.5,27.6,126.8,26,2604.0,10.7,0,22,Low,Safe,Lifestyle
4031,Study,Snack_Bar,1,96.9,51.0,25.6,6,1274.0,28.7,0,10,Medium,Safe,Survival
1441,Entertainment,Stationery,8,95.2,119.1,146.3,17,2446.0,29.8,1,14,High,Safe,Lifestyle
389,Study,Bookshop,8,98.5,119.4,107.1,16,1045.0,9.5,0,9,High,Warning,Leakage
1180,Study,Pharmacy,3,87.3,79.0,48.2,7,2529.0,15.3,0,19,Medium,Safe,Survival
1898,Other,Canteen,10,91.4,94.3,73.8,19,2608.0,16.7,0,13,High,Safe,Lifestyle
1915,Transport,Canteen,10,25.6,112.5,51.6,26,1964.0,17.4,1,18,High,Safe,Lifestyle
2793,Transport,Stationery,6,83.9,125.0,31.0,4,1840.0,11.2,0,11,High,Safe,Lifestyle
4336,Study,Snack_Bar,4,72.3,68.8,50.8,30,1359.0,5.0,0,19,Medium,Warning,Survival
4633,Transport,Pharmacy,1,96.5,77.4,91.2,20,1658.0,1.6,1,14,Medium,Critical,Survival
1298,Food,Bookshop,1,59.3,59.9,125.6,24,2244.0,3.2,1,22,Medium,Critical,Lifestyle
2526,Study,Snack_Bar,5,13.1,18.6,60.9,17,1367.0,27.0,0,12,Low,Safe,Survival
3447,Transport,Stationery,8,61.8,60.7,58.7,24,3240.0,8.4,1,14,Medium,Warning,Survival
1095,Food,Snack_Bar,1,70.2,104.9,75.5,9,2982.0,2.3,0,20,High,Critical,Lifestyle
1874,Other,Stationery,2,25.9,106.6,100.2,11,1443.0,18.7,1,15,High,Safe,Lifestyle
3109,Transport,Canteen,7,42.4,117.1,115.2,23,841.0,2.3,0,19,High,Critical,Lifestyle
1130,Food,Canteen,8,61.9,16.2,55.8,1,501.0,2.1,1,21,Low,Critical,Survival
4584,Entertainment,Snack_Bar,3,40.5,73.3,92.1,7,2589.0,18.6,0,7,Medium,Safe,Survival
923,Entertainment,Pharmacy,11,40.6,22.9,64.5,22,1240.0,17.7,0,9,Low,Safe,Survival
3140,Food,Bookshop,8,17.6,34.1,110.3,5,544.0,1.2,0,20,Low,Critical,Survival
1289,Study,Stationery,1,94.4,118.0,33.1,5,1757.0,13.8,0,16,High,Safe,Lifestyle
4778,Study,Bookshop,9,76.3,69.6,46.0,1,3867.0,13.1,1,16,Medium,Safe,Survival
1135,Transport,Canteen,2,5.1,101.0,69.6,6,2915.0,16.4,0,18,High,Safe,Lifestyle
2495,Entertainment,Pharmacy,2,77.7,17.7,134.5,13,3502.0,22.1,0,21,Low,Safe,Lifestyle
355,Study,Pharmacy,4,75.3,60.0,90.3,15,1007.0,8.5,1,14,Medium,Warning,Survival
1270,Study,Bookshop,10,5.9,90.9,145.2,4,757.0,13.0,1,7,High,Safe,Lifestyle
2158,Entertainment,Canteen,3,40.1,26.0,24.5,30,540.0,23.8,0,7,Low,Safe,Survival
2701,Other,Bookshop,4,62.6,49.1,74.4,30,3845.0,27.7,1,10,Low,Safe,Survival
4419,Study,Snack_Bar,6,48.0,17.7,68.7,17,1551.0,26.7,0,10,Low,Safe,Survival
4030,Food,Pharmacy,7,78.9,88.2,94.0,28,2108.0,14.3,1,10,High,Safe,Lifestyle
1054,Transport,Pharmacy,5,45.4,126.5,123.7,24,1881.0,15.6,1,19,High,Safe,Lifestyle
839,Study,Snack_Bar,2,19.6,109.2,127.8,24,3057.0,15.9,0,11,High,Safe,Lifestyle
2438,Study,Canteen,3,97.8,127.0,103.8,28,1585.0,26.1,0,21,High,Safe,Lifestyle
1802,Other,Pharmacy,10,28.0,111.5,99.8,13,2374.0,25.2,0,21,High,Safe,Lifestyle
641,Food,Stationery,11,73.2,112.6,142.9,11,3985.0,9.3,0,13,High,Warning,Leakage
4828,Transport,Stationery,3,18.6,79.3,63.7,4,2054.0,4.9,0,10,Medium,Warning,Survival
1536,Study,Canteen,5,36.3,72.2,126.6,29,2429.0,11.4,1,18,Medium,Safe,Lifestyle
3900,Transport,Snack_Bar,11,47.0,58.8,139.0,7,2259.0,8.7,1,8,Medium,Warning,Lifestyle
1148,Entertainment,Bookshop,5,23.3,108.2,78.8,19,3311.0,28.5,1,14,High,Safe,Lifestyle
3573,Study,Canteen,4,47.7,31.8,112.1,24,1434.0,8.0,1,9,Low,Warning,Survival
659,Study,Bookshop,8,19.9,16.7,62.8,7,1097.0,5.4,0,13,Low,Warning,Leakage
4846,Entertainment,Canteen,6,58.1,123.7,32.2,14,3139.0,27.0,1,21,High,Safe,Lifestyle
592,Other,Stationery,6,68.1,10.5,92.1,21,1955.0,2.6,1,16,Low,Critical,Leakage
4138,Study,Snack_Bar,1,10.9,127.2,37.5,16,3698.0,7.8,1,15,High,Warning,Lifestyle
1987,Transport,Stationery,6,87.8,97.5,74.1,21,2755.0,13.2,1,12,High,Safe,Lifestyle
2457,Food,Snack_Bar,3,22.6,49.4,132.2,9,2475.0,17.9,0,17,Low,Safe,Lifestyle
1338,Transport,Bookshop,6,26.4,93.7,22.0,22,747.0,9.8,0,13,High,Warning,Lifestyle
4008,Other,Canteen,10,67.8,108.1,14.3,22,3056.0,14.9,1,15,High,Safe,Lifestyle
4941,Food,Pharmacy,11,49.5,39.4,94.9,2,2901.0,6.0,1,10,Low,Warning,Survival
2654,Transport,Pharmacy,6,52.4,102.5,56.3,27,2740.0,17.2,1,10,High,Safe,Lifestyle
1666,Transport,Snack_Bar,2,17.2,106.5,68.5,16,1438.0,12.2,1,18,High,Safe,Lifestyle
3874,Entertainment,Snack_Bar,1,81.5,39.9,66.8,5,3814.0,25.5,0,7,Low,Safe,Survival
1577,Other,Stationery,11,63.6,15.0,22.1,12,1626.0,12.5,1,17,Low,Safe,Survival
2797,Entertainment,Pharmacy,3,17.9,34.5,10.5,20,1033.0,13.3,0,16,Low,Safe,Survival
341,Food,Stationery,5,40.5,34.1,135.8,26,3955.0,17.8,1,7,Low,Safe,Leakage
2859,Entertainment,Bookshop,4,82.0,17.8,40.5,15,3112.0,3.7,0,20,Low,Critical,Survival
4796,Other,Pharmacy,7,59.0,97.1,69.7,3,1952.0,4.7,1,12,High,Warning,Lifestyle
1039,Study,Bookshop,4,15.3,55.6,146.1,9,3776.0,23.7,0,13,Medium,Safe,Lifestyle
3818,Study,Canteen,8,40.4,116.1,125.7,27,819.0,8.2,0,8,High,Warning,Lifestyle
4117,Food,Stationery,7,28.1,40.3,25.1,28,807.0,20.5,0,22,Low,Safe,Survival
795,Study,Snack_Bar,10,54.2,64.4,81.2,7,2889.0,2.9,1,11,Medium,Critical,Leakage
2104,Entertainment,Pharmacy,9,85.1,86.7,112.2,4,1123.0,24.7,1,20,High,Safe,Lifestyle
480,Food,Stationery,1,46.4,115.3,107.8,25,3710.0,29.6,0,18,High,Safe,Lifestyle
623,Other,Snack_Bar,5,46.2,73.0,116.5,9,3441.0,11.2,0,18,Medium,Safe,Leakage
4565,Food,Canteen,4,91.0,54.8,74.0,28,1572.0,15.2,1,17,Medium,Safe,Survival
4449,Food,Pharmacy,6,59.7,114.0,34.6,15,3611.0,13.3,1,19,High,Safe,Lifestyle
1950,Transport,Bookshop,1,58.8,47.2,75.1,23,650.0,26.8,0,14,Low,Safe,Survival
4957,Transport,Canteen,6,29.9,19.5,100.7,21,2420.0,0.3,1,15,Low,Critical,Survival
2167,Food,Snack_Bar,1,62.7,63.4,95.2,29,3774.0,19.6,0,10,Medium,Safe,Survival
4288,Study,Pharmacy,1,59.7,104.2,19.9,25,3494.0,19.6,1,10,High,Safe,Lifestyle
4378,Transport,Pharmacy,8,42.7,13.7,19.1,30,1746.0,11.5,1,11,Low,Safe,Survival
3146,Other,Canteen,2,99.1,80.3,145.1,29,1140.0,6.6,0,17,Medium,Warning,Lifestyle
1649,Entertainment,Pharmacy,10,88.8,81.3,31.3,7,1237.0,7.2,1,22,Medium,Warning,Survival
2531,Transport,Snack_Bar,6,76.2,121.4,51.2,25,2301.0,24.0,1,21,High,Safe,Lifestyle
2420,Food,Canteen,6,56.0,44.4,117.5,11,2589.0,2.0,1,11,Low,Critical,Lifestyle
3989,Study,Bookshop,6,48.9,43.5,67.4,19,615.0,16.9,0,15,Low,Safe,Survival
3010,Entertainment,Canteen,8,22.6,62.9,35.4,11,1947.0,9.2,0,14,Medium,Warning,Survival
4928,Transport,Canteen,4,34.0,52.8,75.4,25,3406.0,8.0,1,7,Medium,Warning,Survival
1731,Study,Bookshop,3,78.5,98.4,89.7,1,2055.0,15.2,0,8,High,Safe,Lifestyle
3190,Study,Snack_Bar,6,48.1,87.0,73.4,21,1092.0,26.9,1,15,High,Safe,Lifestyle
4693,Study,Stationery,4,88.8,101.1,138.7,13,3842.0,18.5,0,13,High,Safe,Lifestyle
1343,Food,Stationery,2,19.1,108.4,49.9,13,1432.0,23.7,0,14,High,Safe,Lifestyle
1133,Other,Bookshop,6,53.3,120.8,102.6,2,3294.0,18.0,1,6,High,Safe,Lifestyle
1660,Study,Snack_Bar,10,66.5,61.7,25.7,17,1178.0,20.9,1,7,Medium,Safe,Survival
2923,Entertainment,Pharmacy,5,54.1,128.2,64.9,30,1981.0,13.0,1,9,High,Safe,Lifestyle
2712,Transport,Bookshop,11,89.5,35.9,113.7,19,2216.0,27.8,0,21,Low,Safe,Survival
485,Entertainment,Stationery,9,99.0,95.7,41.5,23,2252.0,15.1,1,17,High,Safe,Leakage
464,Food,Snack_Bar,11,16.0,74.1,92.6,15,2308.0,16.6,1,7,Medium,Safe,Leakage
2567,Food,Canteen,6,17.3,108.0,31.5,19,1287.0,15.7,1,20,High,Safe,Lifestyle
3647,Entertainment,Snack_Bar,3,17.4,67.2,24.4,10,2306.0,9.5,0,21,Medium,Warning,Survival
1962,Other,Snack_Bar,11,69.7,104.1,83.3,10,2186.0,6.9,0,17,High,Warning,Lifestyle
3248,Food,Stationery,5,40.4,121.6,104.5,27,1231.0,2.2,0,19,High,Critical,Lifestyle
2581,Food,Stationery,10,74.7,97.9,25.9,9,3959.0,21.5,1,17,High,Safe,Lifestyle
2469,Entertainment,Pharmacy,8,43.5,103.1,138.5,19,3529.0,8.7,1,10,High,Warning,Lifestyle
240,Food,Pharmacy,9,64.6,18.1,41.6,11,3607.0,11.7,0,9,Low,Safe,Leakage
267,Other,Bookshop,8,78.1,34.6,26.8,6,2899.0,27.6,1,22,Low,Safe,Leakage
1187,Other,Canteen,3,57.1,126.9,38.4,2,1060.0,17.0,0,21,High,Safe,Lifestyle
4208,Other,Pharmacy,9,56.3,93.2,33.7,24,2488.0,2.9,0,15,High,Critical,Lifestyle
3398,Transport,Stationery,3,13.4,77.4,22.7,10,3375.0,24.0,0,22,Medium,Safe,Survival
4990,Other,Snack_Bar,8,44.0,54.0,121.7,15,636.0,7.7,0,17,Medium,Warning,Lifestyle
2724,Other,Bookshop,10,56.8,15.3,79.4,5,2235.0,16.6,0,17,Low,Safe,Survival
1285,Transport,Pharmacy,9,48.9,54.3,64.4,18,1886.0,15.3,1,9,Medium,Safe,Survival
2679,Study,Snack_Bar,7,90.6,69.9,143.1,30,1242.0,7.1,1,8,Medium,Warning,Lifestyle
1893,Food,Snack_Bar,4,91.1,35.4,61.9,30,1824.0,3.5,0,6,Low,Critical,Survival
2515,Other,Pharmacy,10,83.1,30.8,33.4,7,3942.0,6.3,1,17,Low,Warning,Survival
978,Food,Canteen,9,40.7,71.0,48.4,3,3031.0,2.9,0,13,Medium,Critical,Survival
4789,Entertainment,Canteen,3,73.1,80.3,43.5,30,1548.0,8.3,1,13,Medium,Warning,Survival
1785,Food,Bookshop,3,42.6,38.8,79.8,21,2619.0,29.9,0,17,Low,Safe,Survival
1692,Transport,Canteen,2,27.1,80.5,50.8,27,1363.0,12.1,1,9,Medium,Safe,Survival
860,Food,Bookshop,10,37.6,118.0,82.2,25,2638.0,25.9,0,21,High,Safe,Lifestyle
1548,Food,Stationery,3,11.7,66.8,103.7,16,3637.0,16.5,0,7,Medium,Safe,Survival
1499,Food,Pharmacy,1,36.5,112.9,118.8,17,2449.0,20.0,0,9,High,Safe,Lifestyle
4140,Study,Snack_Bar,4,48.8,121.3,109.4,2,3067.0,4.7,0,9,High,Warning,Lifestyle
2186,Study,Bookshop,8,95.8,21.1,38.8,16,2087.0,8.2,0,16,Low,Warning,Survival
2244,Entertainment,Canteen,5,34.8,21.5,26.2,21,2334.0,15.3,1,8,Low,Safe,Survival
3716,Transport,Bookshop,2,90.7,67.1,85.9,30,2933.0,26.4,0,15,Medium,Safe,Survival
1258,Food,Bookshop,3,26.7,80.6,37.8,20,3343.0,1.3,1,17,Medium,Critical,Survival
1176,Food,Canteen,1,23.1,61.1,21.9,1,2808.0,15.2,0,22,Medium,Safe,Survival
4777,Food,Canteen,2,54.3,49.2,83.8,14,3921.0,1.5,0,14,Low,Critical,Survival
927,Food,Pharmacy,1,68.9,86.9,55.8,16,3369.0,13.7,1,7,High,Safe,Lifestyle
2727,Study,Snack_Bar,2,9.2,10.2,115.9,23,3220.0,18.9,0,17,Low,Safe,Lifestyle
3336,Entertainment,Pharmacy,3,26.0,126.2,54.0,9,3458.0,22.3,0,11,High,Safe,Lifestyle
542,Other,Pharmacy,1,48.3,37.8,147.0,17,1484.0,4.2,0,18,Low,Warning,Lifestyle
1647,Transport,Canteen,11,36.4,120.1,116.2,8,2012.0,5.0,0,20,High,Warning,Lifestyle
2579,Food,Canteen,9,72.7,23.1,18.1,9,2476.0,14.1,0,6,Low,Safe,Survival
3859,Entertainment,Snack_Bar,10,53.6,38.6,81.2,2,2118.0,29.9,0,13,Low,Safe,Survival
726,Other,Bookshop,5,20.2,38.2,88.8,13,3466.0,10.7,1,17,Low,Safe,Leakage
2096,Entertainment,Pharmacy,8,90.0,129.5,107.3,1,595.0,12.8,0,17,High,Safe,Lifestyle
4954,Study,Snack_Bar,5,32.8,10.6,79.7,22,1232.0,13.0,1,6,Low,Safe,Survival
2273,Other,Pharmacy,8,74.5,86.8,77.7,30,3586.0,2.4,0,15,High,Critical,Lifestyle
605,Entertainment,Bookshop,7,79.1,114.4,61.5,7,707.0,23.2,0,16,High,Safe,Leakage
1773,Study,Pharmacy,4,96.5,90.7,48.0,18,1294.0,7.6,1,8,High,Warning,Lifestyle
4800,Entertainment,Stationery,7,52.4,53.5,142.5,21,1729.0,21.1,1,19,Medium,Safe,Lifestyle
3940,Entertainment,Snack_Bar,6,63.5,125.0,54.5,5,3128.0,14.3,0,11,High,Safe,Lifestyle
4474,Other,Canteen,3,36.8,117.2,18.9,7,2461.0,18.4,1,14,High,Safe,Lifestyle
4427,Study,Pharmacy,9,69.4,62.1,33.4,12,3841.0,1.6,0,14,Medium,Critical,Survival
2046,Food,Snack_Bar,10,49.0,78.8,130.0,27,1298.0,26.7,0,22,Medium,Safe,Lifestyle
1678,Transport,Snack_Bar,9,46.6,126.1,92.1,17,3552.0,7.3,0,9,High,Warning,Lifestyle
2595,Other,Pharmacy,5,86.3,127.9,119.0,26,1490.0,20.1,1,9,High,Safe,Lifestyle
971,Study,Canteen,8,9.8,64.0,123.2,24,1359.0,23.9,1,21,Medium,Safe,Lifestyle
778,Entertainment,Canteen,7,88.8,111.7,125.3,5,2244.0,16.2,1,22,High,Safe,Leakage
3101,Study,Pharmacy,9,85.9,46.2,87.1,12,749.0,10.1,1,8,Low,Safe,Survival
393,Transport,Snack_Bar,7,53.1,54.6,34.8,19,1845.0,29.3,0,12,Medium,Safe,Leakage
2207,Transport,Canteen,4,51.6,29.8,30.8,13,1745.0,8.4,1,10,Low,Warning,Survival
1385,Food,Pharmacy,4,39.4,35.1,90.4,16,1060.0,28.5,1,8,Low,Safe,Survival
2594,Food,Pharmacy,11,99.4,88.8,61.3,29,3513.0,4.7,1,17,High,Warning,Lifestyle
3198,Transport,Pharmacy,8,15.6,71.3,88.1,25,1851.0,11.7,0,14,Medium,Safe,Survival
1992,Other,Snack_Bar,6,61.1,37.7,79.8,27,3937.0,4.2,0,8,Low,Warning,Survival
1310,Other,Canteen,9,69.8,58.3,94.3,19,3649.0,0.1,0,8,Medium,Critical,Survival
4205,Entertainment,Snack_Bar,10,93.8,54.8,14.5,23,1182.0,7.8,1,21,Medium,Warning,Survival
2461,Food,Stationery,7,79.1,128.5,14.6,10,2268.0,2.6,0,18,High,Critical,Lifestyle
3936,Entertainment,Canteen,7,66.2,112.4,111.0,12,2606.0,29.6,0,11,High,Safe,Lifestyle
3993,Food,Snack_Bar,4,16.1,56.6,37.0,7,3366.0,22.8,0,6,Medium,Safe,Survival
2136,Transport,Canteen,3,40.5,119.7,101.3,14,3600.0,0.1,1,16,High,Critical,Lifestyle
4557,Other,Stationery,8,18.2,51.1,86.5,10,2684.0,6.7,1,8,Medium,Warning,Survival
929,Other,Bookshop,7,88.7,90.1,147.5,28,623.0,20.1,0,16,High,Safe,Lifestyle
4578,Transport,Pharmacy,4,76.2,126.0,127.0,8,2184.0,12.0,0,20,High,Safe,Lifestyle
3651,Entertainment,Snack_Bar,4,77.0,56.8,67.8,15,3597.0,25.0,0,8,Medium,Safe,Survival
4657,Entertainment,Stationery,1,67.0,91.6,96.3,26,2999.0,15.1,0,17,High,Safe,Lifestyle
4736,Study,Stationery,11,53.2,45.5,26.4,16,3545.0,19.6,0,17,Low,Safe,Survival
2340,Food,Canteen,7,19.2,42.0,64.1,8,2859.0,17.9,1,22,Low,Safe,Survival
1844,Entertainment,Canteen,1,36.3,78.9,112.7,4,654.0,19.1,0,6,Medium,Safe,Survival
3000,Transport,Pharmacy,10,18.0,127.5,97.2,30,3888.0,6.9,0,16,High,Warning,Lifestyle
341,Entertainment,Canteen,10,73.9,64.4,77.8,17,3713.0,11.2,0,20,Medium,Safe,Leakage
1655,Other,Snack_Bar,4,20.2,122.5,34.7,4,943.0,1.5,1,14,High,Critical,Lifestyle
4996,Food,Snack_Bar,11,71.7,119.7,122.4,22,894.0,17.6,1,12,High,Safe,Lifestyle
2296,Study,Snack_Bar,3,70.8,40.5,48.2,26,2387.0,13.8,0,16,Low,Safe,Survival
1525,Food,Bookshop,11,48.6,58.2,124.9,11,3150.0,22.8,1,12,Medium,Safe,Lifestyle
1413,Other,Snack_Bar,3,17.8,87.2,95.6,13,1838.0,6.2,1,20,High,Warning,Lifestyle
1359,Other,Canteen,1,34.9,72.2,62.2,6,977.0,13.1,1,21,Medium,Safe,Survival
4850,Other,Canteen,4,35.4,21.5,15.7,22,2287.0,5.4,0,20,Low,Warning,Survival
4699,Other,Snack_Bar,1,71.5,129.2,42.5,14,1681.0,18.4,0,9,High,Safe,Lifestyle
4897,Transport,Stationery,8,15.8,100.3,134.5,28,1731.0,25.4,0,8,High,Safe,Lifestyle
540,Study,Stationery,1,83.8,62.5,124.5,7,2757.0,23.0,0,19,Medium,Safe,Lifestyle
4028,Other,Stationery,6,77.3,84.2,90.5,12,3600.0,28.3,0,8,Medium,Safe,Survival
2168,Other,Pharmacy,7,22.7,20.5,75.3,27,2455.0,29.2,1,21,Low,Safe,Survival
903,Entertainment,Bookshop,10,73.3,69.4,100.6,1,2907.0,23.2,1,20,Medium,Safe,Survival
4613,Study,Snack_Bar,2,68.5,121.7,75.3,10,2810.0,8.6,1,15,High,Warning,Lifestyle
2629,Food,Pharmacy,4,76.1,117.6,100.2,1,2429.0,6.6,0,22,High,Warning,Lifestyle
2000,Study,Stationery,11,22.9,50.5,53.0,16,1588.0,13.4,1,9,Medium,Safe,Survival
4848,Study,Snack_Bar,3,20.0,73.8,127.4,7,1822.0,29.8,0,15,Medium,Safe,Lifestyle
1055,Study,Pharmacy,9,27.5,93.7,108.3,28,1605.0,12.4,0,21,High,Safe,Lifestyle
2012,Other,Canteen,7,39.8,50.8,56.2,20,3711.0,6.0,1,8,Medium,Warning,Survival
3066,Other,Stationery,2,80.4,17.8,126.3,6,3393.0,28.3,1,17,Low,Safe,Lifestyle
3842,Transport,Pharmacy,11,75.1,70.7,78.2,22,2528.0,11.6,0,8,Medium,Safe,Survival
382,Food,Canteen,6,92.9,82.2,34.4,25,3693.0,20.7,1,14,Medium,Safe,Leakage
3312,Entertainment,Stationery,9,10.6,10.7,20.9,18,3602.0,23.6,1,12,Low,Safe,Survival
4692,Study,Bookshop,3,6.1,21.5,107.9,20,3747.0,25.3,1,21,Low,Safe,Survival
1717,Food,Stationery,11,71.4,34.9,131.1,4,1276.0,24.6,0,6,Low,Safe,Lifestyle
1556,Food,Bookshop,6,31.5,51.8,123.0,23,3011.0,25.1,0,20,Medium,Safe,Lifestyle
2374,Transport,Bookshop,3,36.7,74.9,101.8,16,2632.0,20.0,1,7,Medium,Safe,Survival
3829,Entertainment,Bookshop,3,56.9,45.3,29.8,1,3068.0,12.1,1,21,Low,Safe,Survival
3828,Study,Snack_Bar,4,14.7,43.1,23.2,21,1422.0,20.0,0,12,Low,Safe,Survival
4296,Entertainment,Snack_Bar,9,66.1,114.3,58.3,30,2932.0,25.1,0,19,High,Safe,Lifestyle
3439,Transport,Bookshop,11,35.9,27.4,129.7,27,1934.0,10.5,0,7,Low,Safe,Lifestyle
3891,Other,Canteen,8,65.1,69.5,144.6,20,3419.0,8.9,0,6,Medium,Warning,Lifestyle
218,Food,Bookshop,1,84.2,124.3,43.8,2,3284.0,10.3,1,21,High,Safe,Lifestyle
3603,Study,Pharmacy,11,21.3,85.0,116.7,16,1240.0,16.5,0,14,Medium,Safe,Lifestyle
4879,Other,Bookshop,1,93.4,96.1,90.3,21,1143.0,1.6,0,8,High,Critical,Lifestyle
4751,Transport,Snack_Bar,7,55.4,61.7,14.5,9,3012.0,23.4,1,18,Medium,Safe,Survival
3204,Entertainment,Snack_Bar,3,92.7,12.4,86.0,15,2427.0,4.2,1,7,Low,Warning,Survival
1332,Food,Pharmacy,11,24.7,87.5,122.8,24,2450.0,4.0,1,7,High,Critical,Lifestyle
3539,Study,Pharmacy,7,62.4,85.8,48.7,16,3134.0,5.9,0,13,High,Warning,Lifestyle
3511,Other,Stationery,9,43.4,23.3,135.6,9,3492.0,17.3,0,8,Low,Safe,Lifestyle
3572,Other,Canteen,3,78.6,65.5,43.1,7,1336.0,8.6,1,22,Medium,Warning,Survival
1187,Food,Canteen,3,62.6,119.8,20.7,10,2444.0,11.0,0,7,High,Safe,Lifestyle
3521,Entertainment,Canteen,2,52.0,34.6,32.4,7,3401.0,27.9,0,11,Low,Safe,Survival
4815,Transport,Snack_Bar,10,91.7,65.3,127.2,30,3555.0,25.4,0,13,Medium,Safe,Lifestyle
373,Entertainment,Canteen,1,40.8,65.3,68.4,30,1506.0,25.6,1,22,Medium,Safe,Survival
3941,Entertainment,Stationery,9,25.9,107.3,121.6,13,865.0,17.3,1,11,High,Safe,Lifestyle
3252,Entertainment,Stationery,6,62.8,108.9,84.4,2,1315.0,26.0,0,17,High,Safe,Lifestyle
926,Food,Canteen,6,64.3,101.1,77.3,12,3809.0,23.4,0,21,High,Safe,Lifestyle
3960,Food,Pharmacy,8,46.7,53.9,123.0,13,2119.0,28.6,0,11,Medium,Safe,Lifestyle
2075,Transport,Stationery,11,51.2,18.6,69.3,3,1965.0,1.9,0,7,Low,Critical,Survival
4233,Entertainment,Pharmacy,5,96.2,51.9,122.3,11,546.0,0.9,0,8,Medium,Critical,Lifestyle
1189,Food,Snack_Bar,9,74.6,91.6,24.1,26,679.0,5.3,1,14,High,Warning,Lifestyle
3944,Transport,Stationery,11,15.5,94.3,99.1,8,2840.0,27.9,1,15,High,Safe,Lifestyle
2886,Transport,Pharmacy,5,25.2,125.8,108.4,11,2564.0,18.2,0,18,High,Safe,Lifestyle
619,Entertainment,Canteen,2,97.7,64.4,135.9,18,2514.0,12.8,1,18,Medium,Safe,Lifestyle
793,Study,Snack_Bar,6,74.0,85.9,41.4,7,886.0,15.4,0,20,High,Safe,Leakage
1974,Entertainment,Bookshop,9,91.9,74.7,94.6,12,1732.0,24.9,0,18,Medium,Safe,Survival
2659,Study,Bookshop,3,33.9,28.1,70.7,6,3343.0,27.9,0,18,Low,Safe,Survival
1135,Transport,Canteen,10,75.5,65.3,63.6,28,1112.0,21.9,1,11,Medium,Safe,Survival
4008,Food,Snack_Bar,4,72.8,75.4,24.9,10,3589.0,22.8,1,12,Medium,Safe,Survival
531,Other,Snack_Bar,10,33.0,124.1,28.8,20,925.0,9.6,1,8,High,Warning,Leakage
3649,Transport,Snack_Bar,11,57.3,54.0,127.2,27,1092.0,14.0,1,6,Medium,Safe,Lifestyle
2902,Food,Snack_Bar,8,64.6,127.6,115.0,15,2172.0,26.6,1,17,High,Safe,Lifestyle
4206,Transport,Bookshop,6,50.7,75.1,63.5,20,3809.0,23.6,1,10,Medium,Safe,Survival
4068,Entertainment,Pharmacy,7,83.6,39.1,126.0,15,1653.0,20.5,0,16,Low,Safe,Lifestyle
4400,Study,Snack_Bar,7,84.1,33.0,21.3,19,2804.0,2.0,0,17,Low,Critical,Survival
401,Transport,Pharmacy,4,85.8,27.0,97.5,30,2560.0,1.2,0,21,Low,Critical,Survival
2697,Food,Snack_Bar,6,81.3,64.4,131.5,6,1024.0,3.9,0,6,Medium,Critical,Lifestyle
2042,Entertainment,Stationery,9,51.4,12.6,127.4,19,1369.0,17.4,1,6,Low,Safe,Lifestyle
2066,Other,Stationery,3,41.2,63.4,62.2,15,3756.0,16.1,1,10,Medium,Safe,Survival
2196,Entertainment,Stationery,8,84.0,128.6,114.3,25,1147.0,28.3,0,9,High,Safe,Lifestyle
1109,Study,Snack_Bar,7,51.6,90.4,69.8,20,2933.0,20.8,1,6,High,Safe,Lifestyle
4505,Entertainment,Pharmacy,4,28.4,101.2,127.6,20,3876.0,8.8,1,20,High,Warning,Lifestyle
4858,Other,Bookshop,10,53.2,24.3,84.3,18,918.0,4.8,1,10,Low,Warning,Survival
3389,Food,Canteen,3,18.5,66.8,117.1,2,1897.0,25.5,1,12,Medium,Safe,Lifestyle
970,Transport,Bookshop,7,70.7,44.3,21.0,7,1284.0,13.8,1,22,Low,Safe,Survival
3355,Study,Snack_Bar,10,36.9,117.3,92.6,5,1275.0,19.6,1,11,High,Safe,Lifestyle
2701,Other,Stationery,9,29.8,31.8,87.0,3,916.0,17.0,0,18,Low,Safe,Survival
2914,Study,Stationery,10,95.9,65.0,95.4,6,2773.0,3.2,1,20,Medium,Critical,Survival
4924,Entertainment,Pharmacy,3,78.8,80.6,107.4,6,3112.0,1.7,1,12,Medium,Critical,Survival
3785,Study,Snack_Bar,10,79.8,71.7,138.5,1,2869.0,11.3,0,12,Medium,Safe,Lifestyle
1828,Other,Bookshop,9,64.3,109.6,120.0,19,3736.0,10.8,0,18,High,Safe,Lifestyle
586,Transport,Snack_Bar,8,84.7,37.8,40.7,12,1010.0,20.2,0,9,Low,Safe,Leakage
3621,Transport,Snack_Bar,3,77.1,55.3,125.6,5,1619.0,19.0,0,13,Medium,Safe,Lifestyle
4208,Study,Stationery,8,61.9,105.1,27.1,27,1706.0,29.1,0,21,High,Safe,Lifestyle
4293,Food,Bookshop,4,96.3,73.4,97.1,29,1312.0,25.7,0,21,Medium,Safe,Survival
4563,Study,Canteen,6,23.2,58.3,133.6,27,998.0,14.9,0,21,Medium,Safe,Lifestyle
2666,Entertainment,Stationery,10,94.6,13.5,24.2,7,2203.0,15.0,0,7,Low,Safe,Survival
2482,Transport,Bookshop,2,43.1,100.4,129.0,20,3421.0,20.2,0,19,High,Safe,Lifestyle
2056,Transport,Pharmacy,8,55.2,126.7,121.8,28,3841.0,3.4,1,21,High,Critical,Lifestyle
2198,Transport,Stationery,9,16.7,84.4,80.5,8,953.0,30.0,1,9,Medium,Safe,Survival
1436,Food,Pharmacy,7,56.3,112.8,53.2,19,3381.0,15.6,0,18,High,Safe,Lifestyle
4869,Food,Stationery,8,63.1,72.0,66.8,6,3386.0,27.3,0,13,Medium,Safe,Survival
4344,Other,Snack_Bar,7,99.8,37.8,145.6,15,1861.0,29.0,0,8,Low,Safe,Lifestyle
1350,Study,Bookshop,11,97.6,11.7,38.2,6,885.0,17.4,1,8,Low,Safe,Survival
4518,Study,Pharmacy,10,96.8,88.4,91.1,9,3965.0,3.1,0,10,High,Critical,Lifestyle
1631,Entertainment,Stationery,4,38.1,69.2,21.7,4,2795.0,17.2,1,16,Medium,Safe,Survival
2019,Transport,Pharmacy,1,99.2,103.9,40.5,16,3938.0,17.9,1,18,High,Safe,Lifestyle
2524,Food,Stationery,3,48.3,93.4,116.9,23,2193.0,23.7,1,7,High,Safe,Lifestyle
1330,Entertainment,Stationery,7,85.9,128.6,52.4,10,1883.0,1.4,1,11,High,Critical,Lifestyle
2858,Entertainment,Canteen,11,25.6,71.2,148.0,1,1365.0,14.0,0,12,Medium,Safe,Lifestyle
3700,Food,Canteen,11,53.1,61.3,80.1,11,3943.0,27.7,0,9,Medium,Safe,Survival
574,Study,Canteen,7,96.8,44.4,82.3,17,1386.0,29.7,0,14,Low,Safe,Leakage
2320,Transport,Pharmacy,11,95.0,67.2,15.1,18,583.0,5.7,0,19,Medium,Warning,Survival
4220,Study,Snack_Bar,3,70.0,114.7,143.9,20,2294.0,26.1,0,11,High,Safe,Lifestyle
2221,Entertainment,Stationery,1,80.8,15.1,34.4,28,1820.0,4.4,1,7,Low,Warning,Survival
3905,Transport,Bookshop,10,21.8,127.3,85.4,22,1415.0,25.2,1,9,High,Safe,Lifestyle
3459,Other,Canteen,9,73.6,129.2,65.4,20,2721.0,8.3,0,20,High,Warning,Lifestyle
3635,Entertainment,Pharmacy,6,63.7,81.7,68.2,15,1775.0,28.8,1,8,Medium,Safe,Survival
2089,Study,Pharmacy,7,13.7,49.8,100.1,6,1908.0,20.9,1,9,Low,Safe,Survival
2023,Study,Pharmacy,1,15.8,36.8,102.7,16,581.0,12.0,0,9,Low,Safe,Survival
1674,Study,Bookshop,1,15.3,43.2,31.6,2,2562.0,8.4,1,20,Low,Warning,Survival
2442,Food,Bookshop,4,73.8,16.0,79.9,25,927.0,7.1,1,16,Low,Warning,Survival
3443,Entertainment,Canteen,7,18.5,67.0,120.7,27,1248.0,20.4,0,22,Medium,Safe,Lifestyle
3334,Transport,Bookshop,11,49.4,16.9,72.1,3,3010.0,26.9,1,20,Low,Safe,Survival
2270,Study,Canteen,11,38.9,96.2,33.2,23,1596.0,22.6,0,8,High,Safe,Lifestyle
559,Study,Bookshop,8,57.3,54.6,53.9,17,1071.0,25.0,1,15,Medium,Safe,Leakage
2241,Food,Bookshop,10,72.1,33.9,39.7,8,2521.0,23.4,1,9,Low,Safe,Survival
1341,Transport,Bookshop,9,70.0,75.4,27.6,20,1252.0,29.4,0,18,Medium,Safe,Survival
1835,Entertainment,Canteen,1,54.0,126.9,62.9,30,1448.0,22.7,1,7,High,Safe,Lifestyle
4200,Other,Stationery,4,49.1,93.4,85.7,27,2675.0,6.3,1,11,High,Warning,Lifestyle
2143,Food,Canteen,4,42.8,69.0,20.2,28,3090.0,23.7,0,13,Medium,Safe,Survival
4974,Entertainment,Stationery,3,86.9,103.2,94.5,15,3089.0,9.7,1,11,High,Warning,Lifestyle
3561,Other,Pharmacy,7,36.4,98.5,149.0,13,2188.0,29.9,1,19,High,Safe,Lifestyle
3180,Study,Pharmacy,1,29.6,117.0,145.0,21,2090.0,11.3,0,13,High,Safe,Lifestyle
206,Study,Canteen,9,75.6,34.6,126.1,23,3257.0,8.8,0,11,Low,Warning,Leakage
3467,Transport,Stationery,8,39.2,113.1,47.3,19,1176.0,7.2,1,17,High,Warning,Lifestyle
1791,Other,Stationery,2,85.5,46.1,13.1,25,1033.0,19.8,1,14,Low,Safe,Survival
3464,Study,Stationery,2,36.1,122.9,126.7,25,2826.0,3.3,0,12,High,Critical,Lifestyle
2806,Study,Pharmacy,8,71.7,43.7,17.8,24,1933.0,28.6,1,18,Low,Safe,Survival
3419,Transport,Canteen,11,9.3,121.2,38.8,1,2985.0,8.8,0,21,High,Warning,Lifestyle
3473,Entertainment,Snack_Bar,1,41.6,125.7,86.2,28,1398.0,8.9,1,13,High,Warning,Lifestyle
1113,Study,Stationery,7,37.6,27.5,35.0,29,1637.0,1.4,0,19,Low,Critical,Survival
2211,Food,Stationery,9,82.6,126.9,126.7,12,3638.0,7.4,0,21,High,Warning,Lifestyle
1642,Food,Snack_Bar,3,96.9,20.3,118.8,18,1976.0,12.6,0,11,Low,Safe,Lifestyle
3254,Entertainment,Canteen,7,48.8,36.2,115.8,18,2568.0,11.1,0,9,Low,Safe,Lifestyle
3746,Other,Stationery,6,83.4,63.3,124.3,3,873.0,8.2,1,9,Medium,Warning,Lifestyle
4421,Transport,Canteen,7,71.5,129.2,40.8,18,1126.0,1.2,1,8,High,Critical,Lifestyle
3128,Food,Stationery,7,96.9,68.6,112.0,17,626.0,9.0,0,15,Medium,Warning,Survival
2029,Food,Bookshop,10,82.1,76.0,59.7,11,1985.0,23.3,0,11,Medium,Safe,Survival
775,Entertainment,Stationery,1,12.4,93.3,103.4,5,3961.0,13.2,0,18,High,Safe,Lifestyle
1129,Other,Bookshop,3,72.8,126.2,27.1,22,3559.0,8.7,1,16,High,Warning,Lifestyle
3959,Other,Canteen,10,55.9,104.0,108.8,29,2715.0,9.1,0,9,High,Warning,Lifestyle
3899,Entertainment,Stationery,1,6.6,36.9,146.1,7,3514.0,16.6,1,13,Low,Safe,Lifestyle
1663,Food,Pharmacy,5,28.9,46.4,16.1,26,2580.0,9.1,1,8,Low,Warning,Survival
3475,Transport,Pharmacy,3,92.6,21.7,23.1,23,1791.0,18.9,0,17,Low,Safe,Survival
1254,Food,Snack_Bar,1,93.0,87.3,27.3,18,1107.0,29.7,1,18,High,Safe,Lifestyle
2100,Other,Pharmacy,2,80.9,31.7,70.3,29,2786.0,1.2,1,16,Low,Critical,Survival
1657,Food,Bookshop,10,98.3,40.9,50.7,7,1176.0,5.1,0,14,Low,Warning,Survival
1599,Transport,Pharmacy,5,81.6,116.6,123.0,18,1961.0,5.4,1,9,High,Warning,Lifestyle
3615,Study,Pharmacy,11,6.0,49.2,76.3,2,3390.0,13.4,0,16,Low,Safe,Survival
642,Food,Pharmacy,3,32.3,78.0,77.8,28,952.0,1.2,1,13,Medium,Critical,Survival
3850,Entertainment,Stationery,6,7.9,57.7,110.4,6,952.0,14.3,0,8,Medium,Safe,Survival
4852,Study,Snack_Bar,9,13.9,18.9,60.7,22,1285.0,27.9,1,9,Low,Safe,Survival
1378,Entertainment,Canteen,6,25.8,53.5,59.4,8,2432.0,0.3,1,22,Medium,Critical,Survival
4658,Entertainment,Snack_Bar,2,52.8,59.0,116.0,21,1381.0,10.9,1,21,Medium,Safe,Lifestyle
1457,Entertainment,Bookshop,2,85.5,117.5,119.2,21,2261.0,22.8,0,12,High,Safe,Lifestyle
3834,Food,Stationery,8,86.9,48.9,12.0,26,1557.0,4.6,1,7,Low,Warning,Survival
2041,Other,Stationery,11,63.5,55.5,30.1,17,2272.0,2.3,1,10,Medium,Critical,Survival
2509,Study,Pharmacy,8,93.2,103.9,39.8,4,1472.0,18.9,1,6,High,Safe,Lifestyle
1110,Transport,Pharmacy,6,52.5,101.1,59.2,17,3930.0,0.3,0,18,High,Critical,Lifestyle
4540,Other,Bookshop,10,89.5,105.8,50.8,26,2225.0,24.1,0,17,High,Safe,Lifestyle
4837,Food,Stationery,7,48.1,124.5,103.6,16,3103.0,2.0,0,13,High,Critical,Lifestyle
4209,Entertainment,Canteen,1,31.3,105.5,125.9,21,2952.0,15.7,1,13,High,Safe,Lifestyle
2369,Transport,Snack_Bar,9,92.1,58.9,36.9,15,2217.0,22.2,1,17,Medium,Safe,Survival
2372,Study,Stationery,5,41.9,108.6,88.8,15,1336.0,7.3,0,9,High,Warning,Lifestyle
323,Other,Canteen,9,52.8,71.0,61.5,8,2288.0,3.1,0,12,Medium,Critical,Leakage
3358,Other,Canteen,2,36.2,43.3,80.8,17,2883.0,5.3,1,21,Low,Warning,Survival
985,Transport,Snack_Bar,8,68.0,46.4,96.9,30,2110.0,25.6,1,11,Low,Safe,Survival
2616,Food,Canteen,7,99.5,36.9,135.1,19,787.0,21.2,1,9,Low,Safe,Lifestyle
996,Study,Bookshop,11,7.4,27.4,36.9,1,563.0,5.9,0,14,Low,Warning,Survival
4372,Transport,Canteen,4,90.5,32.1,22.2,13,1648.0,21.5,1,18,Low,Safe,Survival
4354,Entertainment,Bookshop,3,5.4,17.6,97.8,6,1026.0,21.3,0,17,Low,Safe,Survival
2136,Study,Canteen,4,39.6,116.6,65.2,10,3672.0,29.9,0,21,High,Safe,Lifestyle
2356,Other,Pharmacy,4,21.0,121.7,32.8,1,1115.0,11.7,0,10,High,Safe,Lifestyle
4007,Transport,Canteen,10,76.9,80.4,26.4,26,1880.0,25.9,0,7,Medium,Safe,Survival
1501,Other,Bookshop,10,9.8,110.9,88.2,12,2992.0,13.4,1,8,High,Safe,Lifestyle
4363,Other,Canteen,8,57.6,32.0,52.1,19,3354.0,26.9,0,18,Low,Safe,Survival
3340,Other,Canteen,4,33.0,118.2,149.6,15,2172.0,2.7,1,12,High,Critical,Lifestyle
3436,Food,Canteen,5,17.7,70.8,66.8,21,1134.0,5.3,0,18,Medium,Warning,Survival
2552,Other,Bookshop,2,78.3,18.1,39.7,5,1448.0,25.5,0,21,Low,Safe,Survival
2132,Entertainment,Canteen,4,25.7,27.0,98.0,2,1966.0,24.6,0,19,Low,Safe,Survival
2921,Entertainment,Snack_Bar,7,26.2,47.1,44.2,19,1776.0,9.2,0,18,Low,Warning,Survival
564,Study,Snack_Bar,3,31.1,15.2,79.2,14,1720.0,17.9,1,19,Low,Safe,Survival
2590,Other,Bookshop,1,60.7,47.1,77.6,29,961.0,11.5,1,14,Low,Safe,Survival
1146,Other,Pharmacy,8,67.7,17.2,73.5,9,3697.0,0.3,1,13,Low,Critical,Survival
1577,Transport,Snack_Bar,8,6.7,38.3,121.5,29,604.0,0.8,1,10,Low,Critical,Lifestyle
1639,Food,Stationery,6,28.0,41.9,40.3,1,2040.0,1.6,0,12,Low,Critical,Survival
3380,Study,Snack_Bar,7,45.9,129.3,136.6,13,3931.0,17.8,1,21,High,Safe,Lifestyle
540,Other,Stationery,10,36.5,38.3,120.8,17,2809.0,8.4,1,15,Low,Warning,Leakage
3189,Transport,Bookshop,11,89.0,38.7,56.6,28,1744.0,4.3,0,8,Low,Warning,Survival
582,Food,Pharmacy,2,79.8,92.4,35.3,2,1011.0,28.2,0,22,High,Safe,Lifestyle
1756,Study,Stationery,5,64.5,113.1,49.1,24,3874.0,3.6,0,15,High,Critical,Lifestyle
499,Study,Stationery,7,37.1,56.4,56.6,22,549.0,20.2,1,16,Medium,Safe,Leakage
338,Other,Snack_Bar,9,71.6,115.1,88.0,14,2885.0,26.8,1,15,High,Safe,Leakage
558,Study,Stationery,1,85.1,50.8,16.5,20,3580.0,4.9,0,6,Medium,Warning,Survival
1722,Transport,Bookshop,3,61.5,33.6,138.0,23,588.0,6.4,1,9,Low,Warning,Lifestyle
3656,Study,Bookshop,6,79.5,49.6,23.8,6,3038.0,17.2,0,8,Low,Safe,Survival
1827,Entertainment,Bookshop,7,76.2,83.1,49.1,25,3996.0,15.3,0,11,Medium,Safe,Survival
1503,Transport,Snack_Bar,6,59.3,54.1,25.3,6,2739.0,15.6,1,11,Medium,Safe,Survival
1334,Food,Pharmacy,1,34.7,90.7,45.9,18,1951.0,16.6,0,22,High,Safe,Lifestyle
2386,Food,Snack_Bar,4,75.8,38.4,127.3,19,3560.0,28.5,1,22,Low,Safe,Lifestyle
3370,Other,Bookshop,6,24.6,94.1,96.1,9,2440.0,1.6,0,22,High,Critical,Lifestyle
4035,Other,Snack_Bar,8,79.1,51.7,41.8,15,3123.0,22.8,0,22,Medium,Safe,Survival
2351,Entertainment,Bookshop,10,81.4,64.7,132.0,7,2557.0,7.0,0,8,Medium,Warning,Lifestyle
1437,Food,Canteen,4,83.1,76.9,122.1,6,634.0,11.2,0,19,Medium,Safe,Lifestyle
3935,Food,Canteen,7,49.9,92.3,115.5,29,1246.0,2.7,1,7,High,Critical,Lifestyle
3034,Food,Stationery,11,23.3,38.6,128.7,5,776.0,13.4,0,9,Low,Safe,Lifestyle
4460,Food,Pharmacy,3,14.5,110.3,96.8,19,873.0,24.1,0,7,High,Safe,Lifestyle
1198,Study,Canteen,8,75.6,96.6,80.2,20,554.0,3.0,1,17,High,Critical,Lifestyle
2767,Transport,Bookshop,1,89.2,38.1,62.4,1,1974.0,8.3,0,20,Low,Warning,Survival
1507,Transport,Snack_Bar,4,66.8,127.0,41.3,21,1125.0,11.2,1,18,High,Safe,Lifestyle
856,Entertainment,Snack_Bar,8,18.7,89.8,88.0,7,3495.0,3.1,1,16,High,Critical,Lifestyle
2860,Study,Stationery,10,93.8,64.3,134.5,18,3125.0,22.9,1,12,Medium,Safe,Lifestyle
2411,Food,Snack_Bar,4,99.0,28.9,93.2,27,2506.0,23.6,0,14,Low,Safe,Survival
2109,Food,Canteen,2,46.2,74.0,138.7,28,2212.0,25.1,1,20,Medium,Safe,Lifestyle
3930,Other,Snack_Bar,2,61.5,29.8,60.0,8,1396.0,17.5,0,8,Low,Safe,Survival
2246,Other,Canteen,4,78.8,61.5,107.3,12,2162.0,15.2,1,15,Medium,Safe,Survival
3362,Entertainment,Canteen,4,75.0,59.0,100.8,10,2744.0,7.9,1,13,Medium,Warning,Survival
1340,Food,Pharmacy,2,96.9,96.4,103.9,6,3238.0,19.7,1,11,High,Safe,Lifestyle
466,Entertainment,Stationery,7,15.9,33.1,100.3,26,786.0,13.3,0,19,Low,Safe,Leakage
2045,Study,Bookshop,6,60.2,108.6,41.0,16,2980.0,29.1,1,11,High,Safe,Lifestyle
1908,Transport,Canteen,11,70.7,49.1,30.1,30,3100.0,29.0,1,14,Low,Safe,Survival
3830,Food,Stationery,3,89.6,63.3,147.0,19,2456.0,27.2,0,14,Medium,Safe,Lifestyle
3411,Study,Bookshop,8,88.0,102.7,16.3,18,1250.0,10.8,1,21,High,Safe,Lifestyle
2493,Food,Snack_Bar,8,97.9,85.0,75.5,24,2387.0,11.0,1,18,Medium,Safe,Survival
3932,Other,Stationery,1,53.6,47.0,69.5,13,2259.0,25.6,1,18,Low,Safe,Survival
4029,Entertainment,Stationery,3,83.9,56.3,60.4,20,2165.0,21.9,0,17,Medium,Safe,Survival
1710,Other,Stationery,5,45.6,46.7,119.5,7,2112.0,21.1,1,7,Low,Safe,Lifestyle
675,Transport,Snack_Bar,2,45.1,81.4,114.3,7,888.0,8.4,0,9,Medium,Warning,Survival
1176,Other,Snack_Bar,5,29.1,49.9,136.7,16,1140.0,25.0,0,12,Low,Safe,Lifestyle
1407,Food,Stationery,11,82.7,97.1,65.4,30,841.0,17.4,0,8,High,Safe,Lifestyle
2160,Other,Pharmacy,10,98.7,79.6,89.0,26,1349.0,13.4,1,16,Medium,Safe,Survival
757,Food,Canteen,3,29.4,27.5,134.9,25,1422.0,26.0,1,19,Low,Safe,Lifestyle
1082,Transport,Snack_Bar,9,10.3,47.2,149.1,10,1358.0,11.8,0,22,Low,Safe,Lifestyle
2394,Other,Pharmacy,11,82.5,36.6,145.7,15,1238.0,19.6,0,10,Low,Safe,Lifestyle
4961,Entertainment,Snack_Bar,1,63.9,56.8,110.5,14,3074.0,14.0,0,19,Medium,Safe,Survival
2867,Entertainment,Stationery,4,96.2,71.9,30.1,24,3365.0,17.8,1,12,Medium,Safe,Survival
4877,Entertainment,Pharmacy,10,29.0,70.8,13.2,12,1645.0,1.2,1,17,Medium,Critical,Survival
4990,Other,Bookshop,6,11.7,100.5,125.5,29,1568.0,13.8,1,22,High,Safe,Lifestyle
1810,Other,Canteen,9,51.8,32.7,127.7,15,3454.0,16.7,0,6,Low,Safe,Lifestyle
3688,Other,Canteen,3,13.1,123.6,114.5,8,2684.0,14.8,0,16,High,Safe,Lifestyle
2654,Food,Snack_Bar,3,29.9,51.1,49.2,7,1527.0,25.4,0,9,Medium,Safe,Survival
4694,Transport,Canteen,5,17.0,46.0,99.6,26,2998.0,9.3,1,17,Low,Warning,Survival
2146,Entertainment,Bookshop,7,26.3,92.2,54.3,21,1706.0,26.5,1,10,High,Safe,Lifestyle
4999,Food,Pharmacy,5,15.1,106.7,73.1,9,2553.0,12.1,1,20,High,Safe,Lifestyle
3008,Entertainment,Pharmacy,11,95.6,55.4,63.5,14,3974.0,20.8,0,8,Medium,Safe,Survival
4025,Food,Stationery,8,31.5,99.6,137.9,28,1556.0,2.6,1,20,High,Critical,Lifestyle
3736,Other,Pharmacy,5,47.2,116.0,42.8,27,3757.0,6.0,1,13,High,Warning,Lifestyle
4002,Entertainment,Snack_Bar,7,90.4,102.0,90.9,7,1622.0,22.8,0,16,High,Safe,Lifestyle
4377,Other,Bookshop,6,69.3,14.1,60.5,12,2391.0,0.4,1,17,Low,Critical,Survival
4899,Entertainment,Stationery,10,63.7,109.3,102.8,14,2110.0,29.1,1,8,High,Safe,Lifestyle
2170,Study,Snack_Bar,2,72.0,102.9,89.0,11,3241.0,5.7,1,11,High,Warning,Lifestyle
4022,Food,Snack_Bar,3,83.7,90.3,139.4,19,714.0,27.0,1,13,High,Safe,Lifestyle
3019,Study,Snack_Bar,11,88.4,101.2,24.2,28,2695.0,15.5,0,12,High,Safe,Lifestyle
1102,Food,Canteen,11,66.1,127.5,40.9,6,3162.0,16.9,0,22,High,Safe,Lifestyle
564,Transport,Snack_Bar,4,89.6,61.7,117.3,3,2153.0,2.5,0,21,Medium,Critical,Lifestyle
4458,Entertainment,Canteen,5,55.9,18.1,61.6,6,869.0,11.0,0,22,Low,Safe,Survival
3319,Transport,Pharmacy,9,31.3,65.3,33.2,29,1357.0,4.7,1,18,Medium,Warning,Survival
2758,Transport,Canteen,6,88.6,15.6,80.5,24,2879.0,15.8,0,9,Low,Safe,Survival
2063,Food,Snack_Bar,1,56.4,45.3,101.3,9,3634.0,16.5,0,15,Low,Safe,Survival
315,Study,Bookshop,3,91.1,80.4,16.3,2,1976.0,21.3,0,21,Medium,Safe,Survival
2584,Other,Bookshop,7,8.8,47.2,50.8,6,2461.0,26.3,0,12,Low,Safe,Survival
4135,Food,Pharmacy,8,42.8,92.2,123.3,14,1299.0,14.0,1,18,High,Safe,Lifestyle
2690,Other,Snack_Bar,7,95.0,108.6,82.8,19,1943.0,7.0,0,9,High,Warning,Lifestyle
1142,Transport,Canteen,5,28.7,60.5,15.0,30,1679.0,10.0,1,21,Medium,Warning,Survival
1924,Other,Bookshop,10,94.4,118.0,49.5,30,2794.0,25.4,1,21,High,Safe,Lifestyle
2534,Study,Stationery,8,95.6,19.6,99.5,23,3946.0,4.4,1,14,Low,Warning,Survival
2967,Food,Snack_Bar,9,88.8,110.8,37.9,27,3347.0,18.8,0,7,High,Safe,Lifestyle
1337,Study,Snack_Bar,7,58.5,109.4,125.8,4,1173.0,0.4,1,11,High,Critical,Lifestyle
2727,Study,Stationery,11,66.5,48.6,104.7,14,2522.0,7.4,0,11,Low,Warning,Survival
4317,Food,Bookshop,9,87.6,45.8,76.0,21,732.0,17.7,0,11,Low,Safe,Survival
3620,Study,Stationery,1,78.7,46.6,138.2,10,1364.0,13.7,1,19,Low,Safe,Lifestyle
4978,Entertainment,Pharmacy,9,64.9,107.4,64.9,6,1103.0,14.8,1,16,High,Safe,Lifestyle
4106,Entertainment,Canteen,3,98.3,109.8,42.9,11,1674.0,19.8,1,22,High,Safe,Lifestyle
3837,Entertainment,Canteen,6,70.1,49.6,102.6,13,2876.0,7.0,1,9,Low,Warning,Survival
3153,Other,Bookshop,8,97.7,81.1,90.3,24,2248.0,8.4,1,9,Medium,Warning,Survival
2567,Study,Stationery,3,10.5,26.7,56.9,18,3765.0,20.5,1,21,Low,Safe,Survival
4421,Food,Snack_Bar,4,18.2,66.3,58.1,20,1245.0,16.1,0,13,Medium,Safe,Survival
476,Food,Snack_Bar,7,47.9,129.9,65.7,14,1775.0,0.4,0,6,High,Critical,Leakage
2199,Other,Snack_Bar,7,41.6,29.1,50.8,27,1654.0,20.1,1,9,Low,Safe,Survival
1427,Food,Pharmacy,4,79.4,123.7,109.4,20,1326.0,18.6,0,17,High,Safe,Lifestyle
3952,Entertainment,Pharmacy,9,20.3,108.9,101.2,22,3976.0,2.4,0,7,High,Critical,Lifestyle
3935,Study,Snack_Bar,3,97.7,126.7,71.7,20,1855.0,22.4,0,11,High,Safe,Lifestyle
895,Food,Bookshop,8,34.9,31.5,65.7,11,3792.0,15.7,0,8,Low,Safe,Survival
1509,Food,Pharmacy,8,45.7,35.6,61.1,21,1867.0,6.1,0,8,Low,Warning,Survival
4352,Transport,Pharmacy,4,31.1,12.0,49.7,5,1214.0,16.8,1,6,Low,Safe,Survival
3434,Transport,Canteen,7,60.0,97.0,22.0,8,917.0,17.9,1,14,High,Safe,Lifestyle
4314,Transport,Canteen,4,10.6,87.3,47.5,4,3494.0,27.6,0,12,High,Safe,Lifestyle
2511,Study,Bookshop,1,19.2,31.4,55.0,12,612.0,22.3,0,14,Low,Safe,Survival
3041,Entertainment,Pharmacy,1,75.9,104.9,86.7,6,3875.0,9.1,1,6,High,Warning,Lifestyle
4408,Entertainment,Pharmacy,1,22.7,45.9,118.3,23,1964.0,3.5,1,13,Low,Critical,Lifestyle
3759,Entertainment,Stationery,2,27.4,26.2,65.4,24,1366.0,25.6,0,8,Low,Safe,Survival
3598,Study,Bookshop,6,80.3,60.7,142.3,25,2661.0,25.4,1,22,Medium,Safe,Lifestyle
741,Study,Bookshop,10,13.9,20.9,125.8,26,965.0,5.3,1,12,Low,Warning,Leakage
2894,Transport,Stationery,11,46.6,41.6,147.9,8,753.0,1.9,0,16,Low,Critical,Lifestyle
4874,Food,Stationery,5,7.2,54.6,132.7,30,3397.0,21.4,0,10,Medium,Safe,Lifestyle
1288,Other,Canteen,11,37.9,112.2,96.3,4,1986.0,21.7,1,18,High,Safe,Lifestyle
3563,Other,Bookshop,2,71.4,105.1,93.8,20,2314.0,5.3,0,16,High,Warning,Lifestyle
224,Food,Bookshop,8,13.6,63.1,28.1,10,1118.0,20.0,0,8,Medium,Safe,Leakage
1772,Transport,Stationery,9,89.4,96.9,111.1,11,715.0,8.4,0,18,High,Warning,Lifestyle
3158,Food,Snack_Bar,7,91.4,78.2,94.0,15,1787.0,7.8,0,11,Medium,Warning,Survival
4436,Food,Snack_Bar,9,15.0,50.9,81.0,5,2272.0,9.7,1,20,Medium,Warning,Survival
1967,Other,Canteen,4,99.1,97.1,107.1,3,3179.0,15.6,0,7,High,Safe,Lifestyle
4943,Transport,Snack_Bar,7,33.3,92.0,72.2,15,2254.0,24.1,1,7,High,Safe,Lifestyle
2435,Study,Snack_Bar,5,13.0,84.3,83.3,2,3239.0,15.0,0,19,Medium,Safe,Survival
400,Other,Snack_Bar,5,5.5,84.2,65.8,2,904.0,8.9,0,7,Medium,Warning,Leakage
3398,Study,Pharmacy,3,43.8,92.0,110.4,25,724.0,26.5,0,10,High,Safe,Lifestyle
456,Transport,Canteen,9,64.8,56.1,132.7,8,1056.0,1.7,0,21,Medium,Critical,Leakage
3947,Food,Stationery,10,36.6,114.3,127.7,22,3202.0,23.9,0,13,High,Safe,Lifestyle
4842,Entertainment,Snack_Bar,5,84.5,29.5,120.0,14,3158.0,23.5,0,13,Low,Safe,Lifestyle
2441,Entertainment,Pharmacy,6,73.1,116.1,11.9,30,995.0,7.6,0,16,High,Warning,Lifestyle
3375,Transport,Snack_Bar,3,38.3,51.1,137.7,30,608.0,5.9,0,18,Medium,Warning,Lifestyle
3806,Entertainment,Pharmacy,10,74.8,25.0,48.5,9,2898.0,26.2,1,20,Low,Safe,Survival
3536,Study,Canteen,7,94.3,82.0,134.3,5,3493.0,16.8,1,9,Medium,Safe,Lifestyle
613,Entertainment,Snack_Bar,9,13.8,55.1,37.6,30,3139.0,1.4,1,13,Medium,Critical,Leakage
2214,Transport,Pharmacy,9,34.1,107.9,71.6,12,1210.0,26.7,1,21,High,Safe,Lifestyle
1581,Transport,Bookshop,10,49.0,61.7,114.9,10,2543.0,10.5,1,21,Medium,Safe,Survival
1298,Study,Bookshop,10,52.3,90.2,99.6,1,3151.0,10.3,0,15,High,Safe,Lifestyle
3626,Entertainment,Pharmacy,5,56.5,47.0,68.2,24,1395.0,19.3,0,7,Low,Safe,Survival
3855,Entertainment,Snack_Bar,7,33.6,35.1,105.0,19,2347.0,19.8,0,21,Low,Safe,Survival
1109,Food,Snack_Bar,3,68.4,56.6,86.9,30,1601.0,10.6,0,9,Medium,Safe,Survival
387,Other,Canteen,6,66.3,82.8,48.6,25,1290.0,4.3,1,13,Medium,Warning,Leakage
4244,Transport,Canteen,8,59.9,88.8,100.5,11,3894.0,16.6,1,13,High,Safe,Lifestyle
3956,Food,Stationery,8,15.8,79.4,38.6,17,3694.0,18.8,1,19,Medium,Safe,Survival
2215,Transport,Canteen,2,50.3,128.6,107.2,3,2060.0,25.8,1,21,High,Safe,Lifestyle
2292,Food,Snack_Bar,6,38.8,92.9,10.4,1,979.0,14.5,0,11,High,Safe,Lifestyle
3844,Other,Stationery,7,51.6,121.8,86.8,17,3048.0,19.4,0,13,High,Safe,Lifestyle
2330,Food,Canteen,7,92.6,24.2,66.1,6,1395.0,1.6,0,9,Low,Critical,Survival
557,Transport,Pharmacy,3,50.7,17.4,52.4,13,1090.0,26.8,1,9,Low,Safe,Survival
2622,Entertainment,Bookshop,9,6.3,47.3,82.2,20,1835.0,9.8,1,12,Low,Warning,Survival
4457,Transport,Canteen,2,46.7,26.4,100.3,26,2354.0,19.0,0,13,Low,Safe,Survival
4745,Study,Canteen,11,83.0,73.1,145.1,4,841.0,27.5,0,14,Medium,Safe,Lifestyle
1697,Study,Pharmacy,3,79.1,72.3,126.6,5,2501.0,24.3,0,6,Medium,Safe,Lifestyle
2358,Study,Snack_Bar,11,53.8,79.0,110.4,15,554.0,19.1,1,22,Medium,Safe,Survival
2755,Study,Pharmacy,2,28.7,99.4,77.1,14,3622.0,21.1,1,12,High,Safe,Lifestyle
2542,Other,Canteen,11,49.2,126.6,64.9,19,3723.0,27.6,0,15,High,Safe,Lifestyle
3151,Entertainment,Snack_Bar,9,58.6,115.4,14.6,15,3066.0,24.4,1,6,High,Safe,Lifestyle
1438,Entertainment,Stationery,4,100.0,24.2,60.3,12,2133.0,18.3,0,19,Low,Safe,Survival
1173,Transport,Canteen,2,66.2,50.6,128.8,18,1392.0,19.8,0,18,Medium,Safe,Lifestyle
4927,Food,Pharmacy,3,71.0,40.7,63.8,14,3104.0,4.4,0,12,Low,Warning,Survival
4165,Transport,Stationery,4,51.7,31.2,74.6,10,3761.0,14.1,1,7,Low,Safe,Survival
1250,Transport,Bookshop,10,38.7,75.4,48.1,8,1055.0,9.0,1,12,Medium,Warning,Survival
3901,Transport,Stationery,6,82.2,76.4,48.4,27,2130.0,13.0,1,15,Medium,Safe,Survival
2980,Transport,Pharmacy,5,52.0,37.3,18.7,23,1603.0,19.9,1,22,Low,Safe,Survival
1788,Entertainment,Stationery,3,99.5,95.4,95.9,26,1749.0,4.5,1,10,High,Warning,Lifestyle
4078,Food,Pharmacy,10,48.4,97.9,72.7,29,1920.0,0.5,0,14,High,Critical,Lifestyle
2568,Transport,Canteen,8,11.5,12.5,94.8,4,3831.0,11.9,0,9,Low,Safe,Survival
636,Entertainment,Snack_Bar,8,69.8,57.5,86.6,18,1405.0,9.7,1,20,Medium,Warning,Leakage
3028,Transport,Bookshop,7,9.4,116.8,121.8,28,2224.0,12.6,1,19,High,Safe,Lifestyle
1756,Study,Snack_Bar,3,28.8,72.4,115.1,25,3830.0,27.9,0,15,Medium,Safe,Lifestyle
4058,Transport,Snack_Bar,1,38.6,51.7,118.0,8,2166.0,21.2,1,21,Medium,Safe,Lifestyle
1504,Transport,Snack_Bar,5,75.3,40.4,79.9,4,3523.0,9.8,1,15,Low,Warning,Survival
2584,Other,Pharmacy,1,52.0,39.2,59.5,11,706.0,5.4,1,14,Low,Warning,Survival
382,Study,Pharmacy,6,7.7,22.0,140.7,5,3836.0,18.6,1,21,Low,Safe,Leakage
1789,Food,Bookshop,11,63.6,108.1,17.6,30,1156.0,19.7,0,10,High,Safe,Lifestyle
1787,Transport,Pharmacy,7,44.1,20.4,31.4,10,3930.0,14.5,1,6,Low,Safe,Survival
859,Food,Pharmacy,5,92.6,45.1,68.7,6,1115.0,6.4,0,6,Low,Warning,Survival
359,Study,Pharmacy,4,52.5,15.5,96.0,29,2055.0,0.9,1,10,Low,Critical,Survival
4153,Transport,Pharmacy,2,72.4,103.8,11.1,4,1580.0,8.0,1,12,High,Warning,Lifestyle
1211,Other,Canteen,5,25.8,14.7,110.7,18,2016.0,13.7,0,20,Low,Safe,Survival
252,Entertainment,Bookshop,9,77.3,47.0,88.2,21,1377.0,23.6,0,16,Low,Safe,Leakage
2507,Other,Pharmacy,4,73.5,78.8,77.9,27,3879.0,25.6,1,17,Medium,Safe,Survival
1428,Other,Bookshop,2,90.9,59.1,69.3,17,1570.0,12.4,0,22,Medium,Safe,Survival
1235,Entertainment,Stationery,6,8.2,43.9,82.7,7,2786.0,23.9,0,22,Low,Safe,Survival
3902,Entertainment,Canteen,8,47.5,43.0,32.7,9,981.0,29.8,0,22,Low,Safe,Survival
4245,Entertainment,Pharmacy,2,69.5,105.7,25.2,3,3385.0,21.5,1,9,High,Safe,Lifestyle
4649,Transport,Canteen,9,14.0,126.9,50.5,22,2399.0,21.9,1,7,High,Safe,Lifestyle
1464,Food,Canteen,7,44.0,51.8,109.3,9,3928.0,27.3,1,15,Medium,Safe,Survival
2084,Food,Stationery,2,94.5,14.7,92.4,27,1982.0,10.1,1,10,Low,Safe,Survival
2009,Entertainment,Bookshop,11,46.4,14.4,77.2,4,1184.0,0.3,0,15,Low,Critical,Survival
3367,Other,Canteen,5,98.6,101.1,90.0,22,1711.0,29.6,1,15,High,Safe,Lifestyle
3997,Study,Snack_Bar,5,10.4,76.3,88.3,30,3079.0,14.7,1,16,Medium,Safe,Survival
2541,Entertainment,Stationery,7,73.2,104.0,53.0,19,2807.0,23.6,1,15,High,Safe,Lifestyle
3614,Other,Snack_Bar,5,60.2,93.7,23.6,9,3224.0,24.4,0,16,High,Safe,Lifestyle
1017,Other,Stationery,11,52.6,118.9,135.5,23,757.0,11.9,0,11,High,Safe,Lifestyle
2637,Transport,Snack_Bar,6,97.2,116.3,94.0,23,2531.0,16.2,1,15,High,Safe,Lifestyle
1088,Transport,Snack_Bar,9,17.3,104.6,107.7,20,3763.0,16.2,0,13,High,Safe,Lifestyle
867,Food,Canteen,3,90.1,67.0,75.0,6,878.0,6.6,0,16,Medium,Warning,Survival
4928,Food,Canteen,3,70.7,47.0,115.9,27,830.0,3.5,1,12,Low,Critical,Lifestyle
2824,Study,Stationery,8,29.6,70.8,91.8,11,3008.0,16.3,0,17,Medium,Safe,Survival
4432,Study,Bookshop,10,90.7,70.2,17.5,24,1603.0,3.6,0,11,Medium,Critical,Survival
4723,Study,Canteen,6,45.8,83.2,134.6,15,2805.0,10.4,1,17,Medium,Safe,Lifestyle
1018,Study,Canteen,10,82.4,32.3,52.8,22,2409.0,5.6,1,10,Low,Warning,Survival
2388,Other,Pharmacy,3,41.9,88.7,29.3,6,3951.0,21.2,0,18,High,Safe,Lifestyle
1306,Other,Canteen,2,85.8,64.8,22.3,20,3612.0,26.2,1,22,Medium,Safe,Survival
2424,Food,Bookshop,2,65.5,84.4,110.9,24,2873.0,17.3,0,14,Medium,Safe,Survival
397,Transport,Pharmacy,2,18.4,38.8,108.6,30,1416.0,12.3,0,22,Low,Safe,Survival
2871,Transport,Snack_Bar,5,66.7,62.1,108.0,10,1417.0,29.9,1,13,Medium,Safe,Survival
3692,Entertainment,Snack_Bar,5,23.2,35.2,138.2,24,3588.0,0.6,0,13,Low,Critical,Lifestyle
2648,Other,Pharmacy,1,44.1,115.0,58.9,25,2549.0,9.1,0,20,High,Warning,Lifestyle
670,Study,Pharmacy,2,21.2,68.6,88.6,22,3262.0,8.4,0,12,Medium,Warning,Survival
2148,Study,Pharmacy,2,7.1,37.0,96.7,18,2075.0,10.7,1,11,Low,Safe,Survival
4099,Entertainment,Stationery,4,25.1,14.9,147.1,16,861.0,6.9,0,21,Low,Warning,Lifestyle
2210,Transport,Bookshop,7,56.0,91.1,53.7,4,1664.0,7.9,0,13,High,Warning,Lifestyle
4000,Study,Bookshop,3,50.7,35.8,143.9,20,1064.0,7.7,0,8,Low,Warning,Lifestyle
4318,Transport,Snack_Bar,5,52.6,128.7,30.8,13,3236.0,15.2,1,15,High,Safe,Lifestyle
3996,Entertainment,Snack_Bar,11,28.5,74.0,117.0,24,2952.0,11.7,1,15,Medium,Safe,Lifestyle
4188,Transport,Snack_Bar,9,70.1,44.7,98.6,5,809.0,19.2,1,7,Low,Safe,Survival
434,Transport,Canteen,5,71.9,88.9,124.4,20,2675.0,15.4,0,14,High,Safe,Leakage
1128,Transport,Snack_Bar,9,39.0,43.0,14.0,24,3559.0,5.5,1,6,Low,Warning,Survival
3807,Study,Pharmacy,1,88.7,108.4,20.9,29,2941.0,24.3,1,15,High,Safe,Lifestyle
722,Food,Snack_Bar,9,66.2,47.0,19.8,19,2289.0,14.2,0,6,Low,Safe,Leakage
3723,Other,Pharmacy,5,72.7,128.6,93.0,18,1592.0,4.6,1,17,High,Warning,Lifestyle
4726,Transport,Stationery,8,31.3,82.6,94.4,20,3605.0,5.0,0,10,Medium,Warning,Survival
1829,Transport,Canteen,5,5.1,111.3,136.9,27,1980.0,23.9,0,16,High,Safe,Lifestyle
4828,Transport,Canteen,6,87.2,18.7,75.5,17,3494.0,21.1,0,19,Low,Safe,Survival
1516,Food,Bookshop,8,83.1,51.8,19.5,16,3240.0,15.2,0,20,Medium,Safe,Survival
3057,Entertainment,Stationery,2,16.7,98.5,39.3,1,3357.0,9.2,0,7,High,Warning,Lifestyle
1324,Study,Pharmacy,3,40.5,88.6,11.1,21,3964.0,13.8,1,9,High,Safe,Lifestyle
2787,Food,Stationery,11,67.8,33.3,118.7,29,3121.0,19.1,0,18,Low,Safe,Lifestyle
1223,Transport,Canteen,9,67.0,52.7,124.2,27,619.0,26.4,0,18,Medium,Safe,Lifestyle
1578,Food,Pharmacy,5,86.7,41.6,149.7,1,1219.0,16.7,0,17,Low,Safe,Lifestyle
3574,Food,Stationery,5,18.3,83.6,67.7,30,623.0,8.3,0,7,Medium,Warning,Survival
1719,Food,Canteen,9,45.8,51.3,12.7,20,1165.0,1.3,0,10,Medium,Critical,Survival
426,Entertainment,Pharmacy,10,14.2,47.1,42.9,24,715.0,5.3,0,8,Low,Warning,Leakage
1091,Other,Pharmacy,3,42.0,34.9,92.3,14,2256.0,19.5,0,9,Low,Safe,Survival
4272,Study,Canteen,4,6.4,59.1,144.7,24,599.0,4.8,1,17,Medium,Warning,Lifestyle
2457,Entertainment,Pharmacy,7,90.3,33.5,24.5,2,2154.0,14.4,1,8,Low,Safe,Survival
2988,Entertainment,Canteen,2,55.1,125.5,27.0,15,3646.0,21.0,1,16,High,Safe,Lifestyle
596,Other,Snack_Bar,8,85.7,28.5,108.2,29,3120.0,9.2,0,19,Low,Warning,Leakage
2278,Entertainment,Snack_Bar,5,10.7,119.6,103.4,3,3804.0,20.1,1,8,High,Safe,Lifestyle
4944,Food,Pharmacy,1,26.6,61.4,45.1,30,1293.0,17.4,1,10,Medium,Safe,Survival
4624,Food,Pharmacy,3,29.6,55.3,123.8,13,2359.0,13.2,0,12,Medium,Safe,Lifestyle
3437,Transport,Canteen,9,41.7,37.8,28.0,19,1615.0,26.9,1,22,Low,Safe,Survival
4093,Entertainment,Pharmacy,5,81.3,86.3,139.6,1,2228.0,20.8,0,8,High,Safe,Lifestyle
2205,Transport,Bookshop,8,41.7,92.3,38.1,13,2450.0,10.8,0,6,High,Safe,Lifestyle
2216,Study,Snack_Bar,1,24.4,66.1,21.4,15,627.0,24.1,0,13,Medium,Safe,Survival
3371,Food,Pharmacy,7,11.2,16.7,57.5,16,1316.0,22.1,0,10,Low,Safe,Survival
2868,Study,Pharmacy,7,12.6,120.2,36.3,30,2967.0,23.8,1,8,High,Safe,Lifestyle
2078,Other,Stationery,8,77.2,127.6,83.8,11,3205.0,19.2,0,22,High,Safe,Lifestyle
1396,Food,Pharmacy,3,47.3,61.7,106.2,3,2493.0,11.4,1,18,Medium,Safe,Survival
1972,Study,Bookshop,1,74.0,83.6,78.7,8,1448.0,10.5,1,18,Medium,Safe,Survival
361,Other,Snack_Bar,11,69.8,64.0,102.5,6,1918.0,19.6,0,9,Medium,Safe,Leakage
4176,Study,Stationery,9,17.9,48.6,61.1,5,836.0,3.9,1,11,Low,Critical,Survival
1951,Other,Canteen,1,18.6,19.3,13.9,26,3836.0,24.6,0,7,Low,Safe,Survival
975,Other,Canteen,11,76.8,64.7,146.4,28,3540.0,11.1,0,20,Medium,Safe,Lifestyle
1139,Food,Snack_Bar,6,73.5,108.2,124.7,15,730.0,18.9,0,7,High,Safe,Lifestyle
3420,Transport,Canteen,9,40.9,12.0,20.3,9,1083.0,15.0,1,21,Low,Safe,Survival
739,Other,Bookshop,2,12.4,79.9,72.9,30,2534.0,15.6,0,16,Medium,Safe,Survival
1661,Other,Pharmacy,4,6.1,115.7,98.9,23,1314.0,22.1,1,22,High,Safe,Lifestyle
555,Food,Snack_Bar,2,32.4,36.1,36.7,22,3770.0,18.8,1,6,Low,Safe,Survival
3804,Transport,Stationery,4,5.9,32.0,90.9,5,3145.0,7.5,0,18,Low,Warning,Survival
3523,Entertainment,Pharmacy,2,26.9,102.7,84.7,21,1457.0,2.2,0,13,High,Critical,Lifestyle
434,Entertainment,Canteen,1,44.9,40.6,39.2,10,521.0,25.2,1,8,Low,Safe,Survival
1748,Transport,Canteen,11,16.5,33.0,29.8,25,3298.0,26.5,1,19,Low,Safe,Survival
2296,Study,Stationery,3,14.9,55.4,116.3,29,1984.0,4.9,0,19,Medium,Warning,Lifestyle
4413,Food,Bookshop,8,90.2,57.1,55.2,26,2748.0,9.3,0,19,Medium,Warning,Survival
2301,Transport,Stationery,5,60.6,114.9,44.2,6,1504.0,8.5,0,16,High,Warning,Lifestyle
1873,Entertainment,Snack_Bar,4,93.8,84.2,113.3,28,1000.0,28.1,0,17,Medium,Safe,Survival
2300,Other,Stationery,5,37.9,58.7,113.0,11,2864.0,6.1,0,6,Medium,Warning,Survival
3857,Entertainment,Canteen,6,69.3,74.1,48.7,4,2076.0,5.0,1,6,Medium,Warning,Survival
4853,Other,Bookshop,6,24.4,124.5,132.2,20,1323.0,5.5,1,19,High,Warning,Lifestyle
3796,Food,Bookshop,5,63.7,23.6,106.4,12,982.0,21.9,1,7,Low,Safe,Survival
3948,Other,Stationery,11,17.3,34.9,58.4,20,2532.0,26.6,0,9,Low,Safe,Survival
3373,Transport,Snack_Bar,6,5.2,125.5,69.8,27,3039.0,11.8,0,9,High,Safe,Lifestyle
2015,Other,Canteen,9,93.5,124.9,111.7,6,1494.0,4.1,0,22,High,Warning,Lifestyle
4041,Study,Pharmacy,5,57.7,31.3,39.6,1,3073.0,17.6,0,21,Low,Safe,Survival
2205,Transport,Bookshop,6,93.1,27.4,75.6,25,1141.0,6.3,1,21,Low,Warning,Survival
4693,Food,Stationery,4,36.7,60.5,101.5,30,1684.0,1.9,1,14,Medium,Critical,Survival
874,Transport,Snack_Bar,3,36.1,16.0,85.5,18,3107.0,26.6,1,15,Low,Safe,Survival
586,Study,Snack_Bar,6,43.1,88.6,95.2,2,2811.0,26.1,1,12,High,Safe,Leakage
2358,Food,Canteen,11,72.1,19.3,86.5,5,1447.0,29.3,0,14,Low,Safe,Survival
2861,Entertainment,Bookshop,11,58.8,17.0,37.9,16,927.0,14.2,1,21,Low,Safe,Survival
2264,Study,Canteen,5,92.9,68.2,67.4,12,649.0,8.8,0,22,Medium,Warning,Survival
4051,Food,Pharmacy,4,7.4,124.9,84.5,12,3433.0,23.1,1,21,High,Safe,Lifestyle
3453,Other,Pharmacy,5,72.3,61.2,119.2,11,763.0,5.4,1,21,Medium,Warning,Lifestyle
4836,Transport,Pharmacy,7,36.4,52.8,101.5,20,902.0,7.3,0,15,Medium,Warning,Survival
4466,Food,Snack_Bar,1,22.1,129.8,69.7,19,1332.0,7.7,0,7,High,Warning,Lifestyle
939,Transport,Bookshop,1,53.5,73.8,146.4,21,2060.0,28.5,0,8,Medium,Safe,Lifestyle
1601,Other,Canteen,11,53.0,55.0,25.1,7,3264.0,21.9,0,12,Medium,Safe,Survival
3459,Food,Canteen,1,18.0,56.3,39.0,26,1366.0,4.0,1,7,Medium,Critical,Survival
2477,Entertainment,Pharmacy,2,24.2,33.4,57.8,2,2402.0,2.8,0,18,Low,Critical,Survival
4104,Study,Bookshop,9,43.8,71.5,42.0,29,816.0,25.3,1,9,Medium,Safe,Survival
4123,Food,Bookshop,5,43.8,62.7,97.6,29,2126.0,24.1,1,20,Medium,Safe,Survival
4414,Other,Stationery,9,35.2,42.5,15.5,6,1122.0,20.1,1,12,Low,Safe,Survival
3427,Food,Bookshop,5,19.1,29.3,34.8,4,1239.0,5.9,1,12,Low,Warning,Survival
3031,Transport,Bookshop,7,5.4,47.3,51.1,2,1784.0,14.4,0,14,Low,Safe,Survival
3958,Food,Canteen,6,97.2,71.0,105.7,17,3165.0,18.1,0,17,Medium,Safe,Survival
2712,Entertainment,Bookshop,2,94.6,17.0,132.6,8,3104.0,28.0,1,6,Low,Safe,Lifestyle
2351,Food,Bookshop,3,50.9,28.4,121.8,5,1952.0,5.1,1,7,Low,Warning,Lifestyle
3875,Study,Canteen,5,99.5,123.7,35.5,10,915.0,15.5,0,19,High,Safe,Lifestyle
2945,Food,Bookshop,4,69.0,75.1,89.2,16,1482.0,4.7,0,11,Medium,Warning,Survival
4066,Transport,Canteen,11,11.5,17.6,14.2,2,2269.0,13.3,1,16,Low,Safe,Survival
3964,Food,Stationery,6,16.2,93.2,53.5,24,3543.0,6.0,1,13,High,Warning,Lifestyle
2422,Entertainment,Snack_Bar,8,92.0,17.4,122.8,19,3889.0,25.1,1,10,Low,Safe,Lifestyle
2992,Other,Canteen,8,64.9,98.7,73.9,7,2731.0,7.6,0,12,High,Warning,Lifestyle
1897,Food,Canteen,3,85.1,100.0,31.0,2,1727.0,12.5,0,9,High,Safe,Lifestyle
3662,Food,Bookshop,4,90.3,88.1,71.4,13,2927.0,12.2,1,20,High,Safe,Lifestyle
4263,Study,Canteen,1,47.6,97.9,37.7,23,1677.0,26.0,1,6,High,Safe,Lifestyle
1724,Entertainment,Pharmacy,2,9.6,20.6,65.0,4,2689.0,22.7,1,10,Low,Safe,Survival
4960,Other,Pharmacy,9,22.9,97.2,78.3,16,1353.0,1.7,1,22,High,Critical,Lifestyle
232,Transport,Stationery,10,11.3,26.4,58.9,10,1434.0,2.0,1,18,Low,Critical,Leakage
4225,Food,Canteen,10,22.9,50.7,141.2,17,763.0,16.5,1,22,Medium,Safe,Lifestyle
2766,Other,Bookshop,2,44.0,123.1,88.8,21,1970.0,12.8,0,9,High,Safe,Lifestyle
3003,Transport,Bookshop,6,16.2,70.3,128.0,28,2664.0,8.3,0,22,Medium,Warning,Lifestyle
4096,Entertainment,Snack_Bar,7,20.8,126.1,116.5,14,3261.0,23.8,0,17,High,Safe,Lifestyle
3909,Entertainment,Stationery,6,47.4,20.7,102.6,12,3336.0,3.9,0,16,Low,Critical,Survival
919,Other,Bookshop,8,37.3,67.3,79.6,13,3974.0,29.2,0,9,Medium,Safe,Survival
4779,Transport,Snack_Bar,9,49.4,17.5,10.3,30,807.0,0.7,1,17,Low,Critical,Survival
1172,Entertainment,Bookshop,8,45.8,85.6,95.9,20,2226.0,3.5,0,14,High,Critical,Lifestyle
3918,Other,Snack_Bar,5,66.2,19.4,59.8,8,2325.0,9.3,1,14,Low,Warning,Survival
4602,Entertainment,Pharmacy,8,94.0,31.0,26.5,17,3316.0,15.3,0,6,Low,Safe,Survival
4752,Entertainment,Pharmacy,10,15.2,41.1,72.2,18,1432.0,6.5,1,11,Low,Warning,Survival
2407,Entertainment,Bookshop,10,14.4,99.8,113.0,21,743.0,22.1,1,6,High,Safe,Lifestyle
4626,Study,Stationery,9,86.0,29.7,144.6,10,1598.0,10.7,1,13,Low,Safe,Lifestyle
4520,Transport,Canteen,8,53.1,111.6,62.4,26,3944.0,1.2,1,11,High,Critical,Lifestyle
3230,Other,Stationery,2,77.8,25.8,86.0,28,3648.0,26.3,0,9,Low,Safe,Survival
3775,Other,Stationery,2,25.5,14.2,129.2,13,1883.0,28.3,0,8,Low,Safe,Lifestyle
3316,Transport,Canteen,3,83.7,57.4,56.8,2,3567.0,18.6,0,18,Medium,Safe,Survival
3485,Transport,Pharmacy,7,92.8,127.5,29.9,27,615.0,24.2,1,7,High,Safe,Lifestyle
843,Transport,Pharmacy,9,65.4,23.2,49.5,17,1600.0,3.6,1,18,Low,Critical,Survival
4911,Transport,Canteen,8,15.1,22.2,135.9,6,3044.0,8.1,0,20,Low,Warning,Lifestyle
394,Food,Snack_Bar,9,90.1,100.1,32.3,12,1275.0,9.8,1,13,High,Warning,Leakage
4196,Other,Stationery,6,80.3,47.5,56.1,29,1194.0,28.8,0,17,Low,Safe,Survival
688,Food,Bookshop,1,76.3,96.1,75.0,13,3516.0,15.4,1,13,High,Safe,Lifestyle
2404,Entertainment,Pharmacy,4,8.5,34.0,128.6,28,2656.0,0.2,1,14,Low,Critical,Lifestyle
2857,Entertainment,Bookshop,6,80.9,65.2,141.3,26,3962.0,11.4,1,15,Medium,Safe,Lifestyle
3476,Other,Canteen,6,18.1,41.8,69.6,4,971.0,0.2,1,12,Low,Critical,Survival
1302,Entertainment,Bookshop,8,26.1,64.2,140.5,15,1746.0,7.1,0,15,Medium,Warning,Lifestyle
1441,Transport,Bookshop,1,59.8,102.3,32.6,16,1589.0,13.6,1,8,High,Safe,Lifestyle
715,Food,Stationery,11,30.2,101.4,32.0,21,3580.0,9.7,0,7,High,Warning,Leakage
592,Transport,Canteen,2,67.8,71.9,142.9,19,1394.0,1.0,1,12,Medium,Critical,Lifestyle
830,Entertainment,Bookshop,2,62.8,121.4,81.4,15,1737.0,3.5,0,15,High,Critical,Lifestyle
3916,Food,Pharmacy,6,15.3,41.7,36.0,26,1000.0,16.5,0,13,Low,Safe,Survival
2047,Transport,Canteen,11,67.3,38.8,78.3,6,3214.0,20.9,0,17,Low,Safe,Survival
2855,Other,Pharmacy,7,92.8,83.7,119.6,20,1332.0,12.1,1,22,Medium,Safe,Lifestyle
1179,Transport,Snack_Bar,2,20.3,84.6,125.8,29,739.0,21.9,0,14,Medium,Safe,Lifestyle
4729,Entertainment,Bookshop,5,61.7,15.6,131.0,6,2023.0,4.9,0,8,Low,Warning,Lifestyle
3602,Food,Canteen,6,37.5,82.9,89.7,29,1870.0,3.7,1,9,Medium,Critical,Survival
4071,Other,Pharmacy,4,48.7,54.9,131.4,5,1122.0,25.2,0,12,Medium,Safe,Lifestyle
477,Food,Bookshop,1,32.3,99.7,81.4,27,968.0,10.2,1,22,High,Safe,Lifestyle
432,Other,Stationery,3,38.6,107.0,95.0,2,3638.0,13.0,0,8,High,Safe,Lifestyle
1752,Food,Pharmacy,10,7.7,76.3,116.2,20,737.0,28.4,0,8,Medium,Safe,Lifestyle
3470,Entertainment,Pharmacy,9,98.2,10.2,69.6,2,848.0,12.7,0,18,Low,Safe,Survival
2609,Other,Snack_Bar,6,64.4,86.4,20.3,5,1358.0,0.1,1,22,High,Critical,Lifestyle
3712,Study,Stationery,2,52.6,99.9,59.0,3,3835.0,28.1,0,22,High,Safe,Lifestyle
225,Food,Snack_Bar,9,41.5,39.9,97.4,6,799.0,0.4,0,21,Low,Critical,Leakage
660,Food,Stationery,4,56.2,65.8,36.9,11,3356.0,19.9,1,21,Medium,Safe,Survival
3964,Transport,Pharmacy,11,41.1,125.9,30.8,5,3622.0,9.7,1,6,High,Warning,Lifestyle
3631,Other,Snack_Bar,8,39.2,45.8,51.0,18,1823.0,14.1,1,19,Low,Safe,Survival
3683,Study,Bookshop,10,49.1,36.8,14.5,14,1529.0,16.4,1,20,Low,Safe,Survival
2194,Entertainment,Stationery,7,31.2,35.3,114.1,10,2871.0,12.3,1,9,Low,Safe,Survival
690,Transport,Pharmacy,11,22.1,77.1,46.2,27,2959.0,23.2,1,16,Medium,Safe,Leakage
1272,Study,Canteen,3,57.9,124.0,27.4,24,3230.0,27.9,1,22,High,Safe,Lifestyle
3373,Other,Stationery,8,85.1,83.0,107.9,22,3407.0,2.6,0,14,Medium,Critical,Survival
415,Study,Stationery,4,19.5,46.4,128.0,25,1439.0,24.0,0,19,Low,Safe,Lifestyle
1923,Food,Bookshop,2,8.1,86.6,12.8,3,2904.0,3.9,0,8,High,Critical,Lifestyle
1792,Food,Stationery,11,28.4,85.0,42.7,16,972.0,2.4,1,9,Medium,Critical,Survival
2806,Transport,Stationery,5,98.1,81.6,142.3,30,2288.0,28.7,0,21,Medium,Safe,Lifestyle
358,Other,Bookshop,1,83.7,29.1,63.9,16,2645.0,14.7,1,17,Low,Safe,Survival
4981,Other,Bookshop,8,61.6,86.1,141.4,11,1066.0,4.6,0,13,High,Warning,Lifestyle
3513,Study,Snack_Bar,8,93.3,61.6,48.4,4,768.0,17.1,0,14,Medium,Safe,Survival
3041,Transport,Pharmacy,3,47.3,12.2,40.5,11,1182.0,7.9,1,16,Low,Warning,Survival
1976,Other,Pharmacy,1,98.4,74.8,40.0,8,1972.0,13.9,0,10,Medium,Safe,Survival
2252,Food,Snack_Bar,4,33.1,128.7,21.9,16,3607.0,18.7,1,17,High,Safe,Lifestyle
2495,Study,Pharmacy,9,27.8,52.0,135.5,23,2362.0,26.1,0,7,Medium,Safe,Lifestyle
1896,Entertainment,Stationery,9,65.6,125.9,147.2,8,3120.0,0.1,1,16,High,Critical,Lifestyle
3193,Food,Snack_Bar,1,40.9,21.5,143.6,9,1110.0,6.4,1,16,Low,Warning,Lifestyle
2669,Transport,Snack_Bar,11,64.5,97.9,129.3,14,871.0,2.9,1,6,High,Critical,Lifestyle
2146,Other,Pharmacy,7,34.0,23.7,128.6,8,1339.0,2.9,1,22,Low,Critical,Lifestyle
4009,Food,Canteen,6,63.7,42.8,102.6,24,1599.0,28.4,0,22,Low,Safe,Survival
2983,Entertainment,Pharmacy,7,31.2,78.5,125.7,16,2418.0,28.1,1,9,Medium,Safe,Lifestyle
3844,Entertainment,Canteen,7,9.8,81.1,39.2,22,3584.0,22.5,0,19,Medium,Safe,Survival
2700,Transport,Snack_Bar,8,91.7,103.0,64.3,27,1991.0,19.3,0,10,High,Safe,Lifestyle
3845,Food,Canteen,8,88.9,83.8,99.7,2,2316.0,25.4,0,9,Medium,Safe,Survival
2845,Study,Stationery,10,97.2,81.2,132.5,28,516.0,1.8,1,11,Medium,Critical,Lifestyle
2549,Food,Bookshop,11,73.1,119.5,102.5,23,617.0,3.6,1,18,High,Critical,Lifestyle
2132,Entertainment,Canteen,2,69.9,64.3,127.5,20,793.0,9.5,1,11,Medium,Warning,Lifestyle
3494,Transport,Bookshop,4,58.1,37.0,76.4,19,2946.0,25.0,1,20,Low,Safe,Survival
1957,Transport,Stationery,4,17.0,29.4,110.4,20,2202.0,14.2,0,10,Low,Safe,Survival
1316,Study,Bookshop,11,23.0,58.0,147.2,20,1175.0,15.1,1,11,Medium,Safe,Lifestyle
2767,Transport,Stationery,10,32.5,95.5,31.5,19,2574.0,6.9,1,12,High,Warning,Lifestyle
3699,Transport,Bookshop,8,89.6,15.1,139.8,25,2406.0,19.5,0,11,Low,Safe,Lifestyle
692,Transport,Bookshop,3,21.4,25.5,83.1,30,811.0,26.6,0,13,Low,Safe,Survival
3506,Transport,Pharmacy,3,92.7,22.7,100.1,19,2741.0,9.9,1,10,Low,Warning,Survival
819,Transport,Canteen,2,54.7,80.2,132.9,18,3185.0,18.6,0,9,Medium,Safe,Lifestyle
3432,Entertainment,Bookshop,1,73.0,39.1,67.4,13,1503.0,10.0,1,15,Low,Warning,Survival
4023,Food,Snack_Bar,8,15.5,30.0,68.6,17,2906.0,23.8,1,14,Low,Safe,Survival
2580,Other,Pharmacy,9,30.6,81.1,83.8,27,1199.0,14.2,0,6,Medium,Safe,Survival
1746,Transport,Canteen,9,96.1,101.4,12.7,1,3149.0,10.2,1,17,High,Safe,Lifestyle
3763,Other,Pharmacy,11,30.3,49.9,79.5,21,3691.0,12.6,0,18,Low,Safe,Survival
1805,Other,Canteen,8,33.2,79.4,50.8,28,2047.0,2.7,0,20,Medium,Critical,Survival
3952,Entertainment,Stationery,5,23.8,21.8,139.9,28,1356.0,26.0,0,7,Low,Safe,Lifestyle
4875,Transport,Bookshop,1,17.3,122.2,22.3,5,1897.0,28.7,1,17,High,Safe,Lifestyle
2090,Other,Snack_Bar,9,27.2,50.4,74.3,28,1375.0,14.3,1,9,Medium,Safe,Survival
1475,Transport,Pharmacy,6,66.0,129.7,142.6,25,504.0,6.6,1,17,High,Warning,Lifestyle
2943,Study,Pharmacy,7,48.3,127.4,136.1,20,2777.0,19.9,0,18,High,Safe,Lifestyle
2693,Study,Pharmacy,8,57.6,103.5,108.2,21,649.0,13.6,1,9,High,Safe,Lifestyle
556,Study,Pharmacy,5,16.6,12.4,92.5,13,1236.0,7.6,1,19,Low,Warning,Leakage
1069,Other,Bookshop,6,81.2,75.2,49.3,6,3029.0,1.2,0,11,Medium,Critical,Survival
1085,Study,Canteen,7,79.5,20.4,61.4,29,2830.0,26.7,0,6,Low,Safe,Survival
2201,Entertainment,Bookshop,7,7.1,117.4,22.6,10,757.0,23.9,0,15,High,Safe,Lifestyle
1483,Entertainment,Stationery,2,41.4,104.8,120.1,23,2810.0,24.9,1,7,High,Safe,Lifestyle
819,Other,Bookshop,11,11.5,126.7,55.3,9,3757.0,13.2,0,20,High,Safe,Lifestyle
1082,Transport,Bookshop,1,80.3,83.0,103.5,29,761.0,22.6,0,8,Medium,Safe,Survival
996,Food,Stationery,8,75.0,72.7,60.1,6,1955.0,17.4,0,13,Medium,Safe,Survival
3842,Transport,Bookshop,5,90.7,72.3,75.0,1,3053.0,11.2,1,16,Medium,Safe,Survival
3625,Transport,Canteen,10,27.5,56.4,87.7,24,2837.0,25.3,1,19,Medium,Safe,Survival
1496,Transport,Snack_Bar,2,48.3,66.2,122.3,30,1293.0,30.0,0,21,Medium,Safe,Lifestyle
4914,Transport,Stationery,3,22.5,86.2,39.6,18,1071.0,27.0,0,15,High,Safe,Lifestyle
444,Food,Pharmacy,6,40.3,122.0,65.8,25,3245.0,23.3,1,22,High,Safe,Leakage
3095,Study,Canteen,10,54.6,81.5,28.2,27,3847.0,22.4,1,20,Medium,Safe,Survival
1129,Transport,Snack_Bar,6,10.1,112.9,20.6,23,3187.0,19.5,1,16,High,Safe,Lifestyle
719,Entertainment,Canteen,8,72.9,113.5,94.7,7,3871.0,25.6,0,13,High,Safe,Leakage
3412,Other,Canteen,5,56.6,72.3,36.5,26,2617.0,14.8,1,13,Medium,Safe,Survival
2609,Other,Pharmacy,5,83.8,51.7,18.4,10,3752.0,5.5,0,12,Medium,Warning,Survival
207,Entertainment,Snack_Bar,7,30.8,86.7,135.6,12,2917.0,23.0,1,17,High,Safe,Leakage
2725,Transport,Canteen,10,90.8,63.5,84.8,21,3681.0,27.6,1,21,Medium,Safe,Survival
3623,Food,Pharmacy,5,99.9,19.8,28.8,24,1066.0,10.2,0,21,Low,Safe,Survival
2219,Study,Stationery,9,92.3,55.3,17.5,26,3354.0,23.5,1,15,Medium,Safe,Survival
4790,Other,Pharmacy,6,78.9,129.3,26.8,15,1189.0,8.2,0,12,High,Warning,Lifestyle
4482,Study,Bookshop,7,82.2,15.8,76.0,17,596.0,28.3,1,9,Low,Safe,Survival
3867,Food,Pharmacy,8,59.5,93.6,103.6,3,2312.0,20.5,0,7,High,Safe,Lifestyle
3871,Other,Pharmacy,5,23.1,110.9,99.8,25,1614.0,17.1,1,14,High,Safe,Lifestyle
3001,Study,Pharmacy,11,69.3,87.8,30.2,15,652.0,23.4,0,20,High,Safe,Lifestyle
285,Food,Canteen,4,72.7,78.4,98.7,1,3931.0,24.4,0,19,Medium,Safe,Survival
3315,Study,Snack_Bar,8,98.6,94.9,66.7,11,2833.0,26.8,0,17,High,Safe,Lifestyle
4432,Transport,Pharmacy,10,56.4,61.5,75.1,24,3656.0,27.0,0,22,Medium,Safe,Survival
2668,Food,Pharmacy,9,30.8,21.0,122.2,6,3997.0,1.6,0,22,Low,Critical,Lifestyle
3819,Study,Bookshop,1,69.9,125.5,56.5,28,1872.0,3.7,0,18,High,Critical,Lifestyle
1836,Transport,Bookshop,3,98.0,61.9,30.6,29,1392.0,24.8,1,13,Medium,Safe,Survival
3783,Transport,Stationery,4,21.8,89.8,132.3,16,1144.0,28.4,1,15,High,Safe,Lifestyle
4209,Food,Stationery,7,36.0,73.8,39.7,26,2303.0,9.2,0,18,Medium,Warning,Survival
3526,Entertainment,Bookshop,6,56.5,16.6,51.2,21,2621.0,0.3,0,12,Low,Critical,Survival
2418,Other,Snack_Bar,10,21.2,124.3,108.9,12,2153.0,9.7,1,8,High,Warning,Lifestyle
2417,Food,Stationery,10,7.1,105.1,105.7,22,1855.0,11.5,0,20,High,Safe,Lifestyle
2569,Transport,Snack_Bar,11,37.0,27.9,122.1,27,1089.0,22.8,1,12,Low,Safe,Lifestyle
3838,Transport,Bookshop,1,87.2,127.8,35.7,21,2047.0,1.4,1,10,High,Critical,Lifestyle
2703,Food,Stationery,4,9.1,98.4,59.3,15,798.0,6.4,0,13,High,Warning,Lifestyle
1143,Entertainment,Pharmacy,6,45.7,66.7,27.6,25,3528.0,26.8,0,22,Medium,Safe,Survival
3037,Other,Bookshop,3,77.4,83.4,85.7,18,664.0,4.6,0,13,Medium,Warning,Survival
2860,Study,Stationery,2,95.6,22.8,51.0,10,1832.0,22.8,0,12,Low,Safe,Survival
3136,Food,Snack_Bar,2,98.6,77.2,106.5,22,850.0,10.8,1,12,Medium,Safe,Survival
4644,Other,Snack_Bar,10,45.1,18.8,10.0,12,3212.0,19.9,1,7,Low,Safe,Survival
4147,Other,Stationery,4,95.3,75.4,18.4,20,1595.0,2.2,0,16,Medium,Critical,Survival
1876,Transport,Snack_Bar,1,8.4,76.3,70.6,19,896.0,8.6,0,17,Medium,Warning,Survival
1396,Study,Stationery,10,75.9,114.9,144.1,28,2360.0,12.7,1,17,High,Safe,Lifestyle
4305,Food,Stationery,2,66.1,97.0,134.7,5,3707.0,25.7,0,8,High,Safe,Lifestyle
2987,Transport,Snack_Bar,10,28.7,39.9,149.2,18,3680.0,16.9,1,17,Low,Safe,Lifestyle
1661,Transport,Canteen,2,53.2,116.6,68.4,19,1374.0,1.4,0,11,High,Critical,Lifestyle
3518,Entertainment,Pharmacy,4,17.3,78.8,16.5,23,3019.0,24.1,1,11,Medium,Safe,Survival
866,Other,Bookshop,4,87.8,82.8,52.8,12,606.0,1.6,1,14,Medium,Critical,Survival
2376,Food,Pharmacy,1,39.0,30.3,104.6,1,961.0,28.0,1,14,Low,Safe,Survival
3943,Food,Bookshop,7,64.5,112.9,28.9,2,2248.0,6.4,1,15,High,Warning,Lifestyle
800,Food,Bookshop,7,20.1,121.7,52.0,3,1301.0,14.6,0,15,High,Safe,Lifestyle
2852,Transport,Pharmacy,10,24.6,103.0,17.9,26,3294.0,2.2,0,6,High,Critical,Lifestyle
4622,Entertainment,Stationery,11,99.2,122.9,76.5,29,3759.0,16.9,1,15,High,Safe,Lifestyle
4024,Study,Snack_Bar,10,76.5,46.3,39.2,30,515.0,14.9,1,12,Low,Safe,Survival
4106,Transport,Canteen,10,96.4,113.3,22.8,12,1315.0,12.3,1,13,High,Safe,Lifestyle
1179,Study,Canteen,1,33.1,68.7,67.6,14,2038.0,1.1,0,16,Medium,Critical,Survival
2651,Entertainment,Canteen,11,20.6,29.7,59.2,7,2471.0,26.4,0,11,Low,Safe,Survival
828,Other,Pharmacy,8,52.8,90.3,85.3,4,3706.0,24.1,0,14,High,Safe,Lifestyle
1829,Food,Pharmacy,10,52.0,92.1,114.9,12,3622.0,19.0,0,16,High,Safe,Lifestyle
3896,Study,Stationery,7,21.6,44.4,25.8,24,2730.0,17.2,0,7,Low,Safe,Survival
3630,Transport,Canteen,7,74.7,13.3,120.8,8,1401.0,20.8,1,16,Low,Safe,Lifestyle
3874,Study,Stationery,11,39.4,34.0,13.7,1,3242.0,4.3,0,10,Low,Warning,Survival
4129,Other,Canteen,6,22.7,58.0,72.0,5,1209.0,28.0,0,22,Medium,Safe,Survival
2965,Food,Pharmacy,4,36.5,30.1,92.2,1,3878.0,8.5,0,19,Low,Warning,Survival
4569,Study,Snack_Bar,11,58.5,33.3,144.0,15,520.0,19.7,0,15,Low,Safe,Lifestyle
4980,Other,Snack_Bar,8,74.0,57.0,90.3,13,2494.0,18.2,1,22,Medium,Safe,Survival
315,Transport,Snack_Bar,2,50.8,125.4,32.2,29,809.0,19.1,1,16,High,Safe,Lifestyle
2203,Entertainment,Snack_Bar,7,54.9,101.7,82.5,23,1927.0,26.4,1,7,High,Safe,Lifestyle
892,Transport,Bookshop,3,18.2,48.4,65.4,13,2722.0,8.9,0,15,Low,Warning,Survival
3362,Food,Canteen,3,91.9,124.2,77.1,4,2914.0,22.5,1,6,High,Safe,Lifestyle
1305,Transport,Snack_Bar,7,93.2,87.5,37.6,15,3249.0,18.0,1,19,High,Safe,Lifestyle
3208,Transport,Bookshop,3,69.9,64.7,80.1,12,2577.0,2.3,0,16,Medium,Critical,Survival
2361,Transport,Bookshop,5,6.7,66.2,31.0,8,1380.0,12.4,1,16,Medium,Safe,Survival
353,Transport,Bookshop,8,56.0,59.3,114.2,16,3612.0,25.1,0,15,Medium,Safe,Leakage
3899,Food,Stationery,4,64.8,38.0,93.1,12,3339.0,9.5,1,10,Low,Warning,Survival
4610,Other,Stationery,7,99.5,56.4,21.0,24,1060.0,14.5,0,10,Medium,Safe,Survival
3986,Study,Bookshop,7,99.6,73.3,134.5,25,3393.0,14.7,1,19,Medium,Safe,Lifestyle
1264,Entertainment,Snack_Bar,2,86.5,73.4,96.3,27,3904.0,18.5,1,10,Medium,Safe,Survival
4400,Study,Canteen,8,11.1,101.4,54.3,6,2730.0,26.5,0,11,High,Safe,Lifestyle
2113,Study,Pharmacy,10,95.6,53.1,16.4,23,1486.0,5.2,1,21,Medium,Warning,Survival
1416,Entertainment,Stationery,10,63.2,96.0,98.5,15,2623.0,15.1,0,20,High,Safe,Lifestyle
2601,Food,Snack_Bar,9,81.1,79.4,62.3,7,1699.0,12.7,1,11,Medium,Safe,Survival
1972,Entertainment,Snack_Bar,6,43.7,125.4,137.1,5,2866.0,8.9,0,21,High,Warning,Lifestyle
2160,Food,Pharmacy,5,35.4,56.2,14.9,23,2407.0,27.6,1,18,Medium,Safe,Survival
2980,Study,Pharmacy,1,49.0,118.1,15.5,15,3753.0,0.2,1,18,High,Critical,Lifestyle
4946,Food,Snack_Bar,1,19.0,108.5,142.9,25,2663.0,3.7,1,13,High,Critical,Lifestyle
3071,Other,Pharmacy,9,38.9,86.5,145.1,28,1249.0,22.0,0,11,High,Safe,Lifestyle
860,Entertainment,Snack_Bar,4,86.5,88.5,13.9,30,3038.0,7.9,0,22,High,Warning,Lifestyle
2835,Other,Pharmacy,1,8.6,20.2,110.2,12,1553.0,21.7,0,10,Low,Safe,Survival
2529,Study,Pharmacy,11,19.3,124.0,41.0,11,1453.0,25.0,1,13,High,Safe,Lifestyle
4154,Entertainment,Snack_Bar,10,16.9,22.8,108.2,4,1871.0,7.6,0,17,Low,Warning,Survival
2650,Study,Bookshop,3,43.3,77.6,131.6,13,542.0,5.8,0,17,Medium,Warning,Lifestyle
1332,Other,Snack_Bar,6,99.7,49.6,24.1,18,3892.0,4.4,1,18,Low,Warning,Survival
899,Study,Canteen,11,21.5,61.6,43.4,8,2363.0,6.0,0,9,Medium,Warning,Survival
2238,Entertainment,Pharmacy,11,18.8,83.2,13.4,7,3207.0,8.0,0,15,Medium,Warning,Survival
4847,Entertainment,Stationery,8,91.9,119.1,16.1,22,1402.0,26.1,0,21,High,Safe,Lifestyle
4700,Study,Pharmacy,10,88.8,64.9,14.1,23,3113.0,23.1,1,10,Medium,Safe,Survival
4757,Entertainment,Canteen,2,8.1,128.5,122.1,28,2485.0,0.1,0,17,High,Critical,Lifestyle
2379,Entertainment,Stationery,8,76.4,81.1,51.8,16,1985.0,26.2,0,21,Medium,Safe,Survival
3038,Study,Stationery,1,67.3,29.3,79.0,3,3897.0,2.4,0,20,Low,Critical,Survival
1073,Other,Snack_Bar,11,77.9,32.8,120.3,22,2228.0,19.7,1,7,Low,Safe,Lifestyle
283,Entertainment,Bookshop,2,52.0,95.9,79.3,26,2801.0,4.5,0,21,High,Warning,Lifestyle
1622,Entertainment,Snack_Bar,8,99.2,16.0,70.1,30,554.0,1.9,1,16,Low,Critical,Survival
2875,Entertainment,Stationery,7,9.2,67.6,11.6,16,1555.0,22.8,0,14,Medium,Safe,Survival
3380,Entertainment,Stationery,5,27.3,27.8,89.5,16,3610.0,14.0,1,7,Low,Safe,Survival
4516,Study,Bookshop,10,42.7,62.0,27.5,7,3156.0,18.0,0,18,Medium,Safe,Survival
4175,Other,Pharmacy,2,47.7,100.0,117.1,23,2379.0,12.8,0,18,High,Safe,Lifestyle
1591,Other,Bookshop,9,92.5,65.1,46.1,13,3651.0,2.0,1,13,Medium,Critical,Survival
3418,Food,Snack_Bar,5,58.2,29.6,104.4,13,2202.0,22.2,1,15,Low,Safe,Survival
4407,Entertainment,Pharmacy,8,9.3,40.2,100.5,21,2483.0,24.6,0,22,Low,Safe,Survival
814,Entertainment,Snack_Bar,4,43.7,54.1,96.3,19,1838.0,1.2,0,6,Medium,Critical,Survival
3171,Food,Bookshop,9,44.6,18.3,47.4,18,2670.0,11.3,0,21,Low,Safe,Survival
3765,Other,Pharmacy,10,96.7,80.1,47.4,29,1617.0,16.7,0,16,Medium,Safe,Survival
3776,Transport,Bookshop,7,61.9,82.9,130.8,7,1849.0,18.2,0,6,Medium,Safe,Lifestyle
4770,Transport,Canteen,2,65.4,17.5,11.8,20,3882.0,17.3,0,11,Low,Safe,Survival
470,Other,Stationery,3,72.8,58.3,35.4,18,890.0,20.8,1,17,Medium,Safe,Survival
4266,Entertainment,Pharmacy,2,78.2,59.7,95.4,29,868.0,29.0,1,21,Medium,Safe,Survival
2668,Transport,Stationery,5,65.3,50.1,124.4,24,652.0,11.7,1,16,Medium,Safe,Lifestyle
1590,Study,Canteen,2,27.5,76.9,60.2,18,1620.0,16.7,1,7,Medium,Safe,Survival
3554,Study,Pharmacy,5,88.0,51.5,101.5,22,1894.0,21.0,0,22,Medium,Safe,Survival
4335,Food,Stationery,9,74.6,60.0,88.0,4,831.0,17.8,1,22,Medium,Safe,Survival
3807,Other,Stationery,2,75.5,105.7,19.0,9,2422.0,11.6,1,9,High,Safe,Lifestyle
2783,Other,Pharmacy,9,99.7,29.5,97.0,21,2542.0,18.7,1,11,Low,Safe,Survival
4273,Transport,Stationery,7,81.2,84.3,123.9,16,3129.0,19.5,1,20,Medium,Safe,Lifestyle
3275,Entertainment,Stationery,7,83.8,70.7,148.9,4,3916.0,17.5,0,16,Medium,Safe,Lifestyle
4106,Other,Pharmacy,5,95.4,46.6,14.1,8,2668.0,6.2,1,22,Low,Warning,Survival
489,Transport,Stationery,8,19.4,97.3,102.4,3,891.0,15.2,1,7,High,Safe,Leakage
2680,Transport,Stationery,7,52.3,76.1,68.0,30,810.0,26.5,0,18,Medium,Safe,Survival
3452,Other,Snack_Bar,6,60.2,67.3,11.4,29,3221.0,26.1,0,11,Medium,Safe,Survival
478,Transport,Snack_Bar,2,36.3,90.1,96.0,9,2776.0,22.5,1,16,High,Safe,Lifestyle
3124,Food,Canteen,6,84.7,106.3,27.1,8,1067.0,20.9,1,12,High,Safe,Lifestyle
780,Food,Snack_Bar,2,77.4,126.7,63.0,30,1387.0,4.6,1,22,High,Warning,Lifestyle
453,Other,Snack_Bar,1,73.5,85.5,46.6,12,3126.0,13.8,0,18,High,Safe,Lifestyle
4476,Entertainment,Canteen,9,99.7,114.9,60.6,14,2482.0,3.3,1,19,High,Critical,Lifestyle
4976,Food,Stationery,5,29.6,10.1,79.0,28,2548.0,24.5,0,14,Low,Safe,Survival
1024,Food,Stationery,10,74.9,73.6,60.3,24,1235.0,8.7,0,18,Medium,Warning,Survival
4032,Other,Snack_Bar,10,57.4,35.8,87.4,10,2702.0,23.0,1,11,Low,Safe,Survival
899,Study,Canteen,4,34.7,21.3,43.4,21,3197.0,24.4,1,6,Low,Safe,Survival
1580,Transport,Stationery,11,20.3,73.8,99.0,17,3598.0,26.8,0,6,Medium,Safe,Survival
4096,Food,Bookshop,8,90.1,99.6,129.5,11,3079.0,22.6,0,9,High,Safe,Lifestyle
1873,Study,Pharmacy,5,61.6,59.5,41.4,10,2517.0,16.9,0,19,Medium,Safe,Survival
2927,Entertainment,Pharmacy,7,83.4,90.4,81.1,13,2856.0,17.9,0,21,High,Safe,Lifestyle
3356,Study,Pharmacy,3,56.8,68.8,100.8,25,2198.0,9.6,0,8,Medium,Warning,Survival
3588,Other,Snack_Bar,8,25.9,62.5,89.0,2,1294.0,5.3,0,11,Medium,Warning,Survival
4507,Entertainment,Pharmacy,8,37.1,44.8,61.2,1,3588.0,3.9,1,6,Low,Critical,Survival
583,Entertainment,Pharmacy,3,41.2,55.9,99.9,22,2364.0,5.5,1,16,Medium,Warning,Survival
541,Study,Bookshop,9,97.4,52.0,14.0,1,2580.0,28.0,1,15,Medium,Safe,Leakage
2187,Other,Stationery,8,5.5,87.5,61.8,16,3965.0,4.9,1,9,High,Warning,Lifestyle
4259,Food,Bookshop,1,98.6,23.9,84.6,10,3948.0,21.7,0,11,Low,Safe,Survival
3309,Study,Snack_Bar,8,98.1,21.1,12.9,26,2552.0,5.5,0,14,Low,Warning,Survival
4282,Food,Pharmacy,11,99.6,89.2,81.1,29,619.0,29.3,1,15,High,Safe,Lifestyle
4715,Study,Stationery,4,50.3,75.6,101.6,10,1887.0,11.0,1,10,Medium,Safe,Survival
2998,Food,Pharmacy,6,96.6,61.6,116.3,7,3781.0,12.4,1,21,Medium,Safe,Lifestyle
3440,Study,Pharmacy,10,42.6,28.3,25.9,30,1509.0,12.1,1,7,Low,Safe,Survival
2188,Entertainment,Snack_Bar,9,7.5,59.3,148.7,7,3997.0,24.5,1,14,Medium,Safe,Lifestyle
3614,Transport,Pharmacy,5,26.3,104.8,94.9,29,795.0,6.5,0,16,High,Warning,Lifestyle
2049,Entertainment,Canteen,7,94.8,116.8,60.8,1,2488.0,24.9,0,7,High,Safe,Lifestyle
505,Food,Stationery,1,6.3,94.3,44.9,26,2304.0,19.7,1,7,High,Safe,Lifestyle
3813,Other,Stationery,9,56.9,17.2,90.2,13,1394.0,6.6,1,19,Low,Warning,Survival
2949,Entertainment,Canteen,6,12.2,90.4,133.4,5,3820.0,2.0,1,9,High,Critical,Lifestyle
1335,Transport,Snack_Bar,11,32.2,38.9,82.9,3,2667.0,23.2,1,13,Low,Safe,Survival
405,Food,Pharmacy,4,13.4,47.8,102.6,29,1306.0,6.6,1,13,Low,Warning,Survival
4791,Entertainment,Pharmacy,6,86.7,33.5,60.1,13,1844.0,26.7,1,6,Low,Safe,Survival
3650,Study,Stationery,5,61.2,103.1,64.3,27,3024.0,3.9,1,6,High,Critical,Lifestyle
4011,Other,Snack_Bar,3,90.7,87.8,50.1,12,1542.0,18.5,1,9,High,Safe,Lifestyle
3822,Food,Snack_Bar,7,70.4,83.4,108.8,30,3579.0,20.8,0,15,Medium,Safe,Survival
3799,Entertainment,Snack_Bar,3,97.2,90.2,60.3,18,1080.0,19.7,1,15,High,Safe,Lifestyle
2751,Food,Pharmacy,2,53.4,38.4,36.7,27,1426.0,9.5,1,14,Low,Warning,Survival
4508,Study,Snack_Bar,4,65.7,63.4,61.7,5,1007.0,26.3,1,12,Medium,Safe,Survival
509,Transport,Canteen,7,59.7,86.0,129.5,5,865.0,23.1,0,11,High,Safe,Leakage
2908,Entertainment,Bookshop,5,51.0,86.4,113.4,2,1551.0,15.3,1,6,High,Safe,Lifestyle
2191,Food,Snack_Bar,9,85.4,105.0,56.8,6,3997.0,18.1,0,10,High,Safe,Lifestyle
471,Food,Bookshop,10,66.2,44.5,137.0,7,830.0,17.0,1,20,Low,Safe,Leakage
3842,Food,Pharmacy,7,81.1,102.4,20.5,1,1246.0,28.4,0,19,High,Safe,Lifestyle
4286,Transport,Snack_Bar,9,79.7,62.8,17.0,3,1451.0,26.9,0,12,Medium,Safe,Survival
2022,Food,Stationery,9,23.1,90.4,27.8,20,2667.0,7.1,1,14,High,Warning,Lifestyle
3473,Other,Pharmacy,2,66.8,64.7,26.3,2,3109.0,7.9,1,17,Medium,Warning,Survival
4738,Other,Canteen,1,24.0,123.8,22.3,10,3132.0,29.4,1,22,High,Safe,Lifestyle
4549,Food,Canteen,11,60.4,31.5,102.6,11,530.0,7.1,0,7,Low,Warning,Survival
720,Other,Bookshop,4,69.4,91.0,94.1,21,2781.0,28.6,0,22,High,Safe,Lifestyle
1176,Entertainment,Bookshop,4,99.7,79.2,100.7,13,2708.0,19.5,1,12,Medium,Safe,Survival
3922,Other,Stationery,2,7.9,30.7,106.4,16,2312.0,1.5,0,15,Low,Critical,Survival
3751,Food,Stationery,3,13.7,17.9,116.0,20,1827.0,10.1,1,20,Low,Safe,Lifestyle
4305,Study,Canteen,3,12.3,105.9,39.0,11,3291.0,14.3,0,6,High,Safe,Lifestyle
2973,Entertainment,Snack_Bar,5,42.8,28.9,97.1,18,1704.0,25.0,1,16,Low,Safe,Survival
2752,Transport,Canteen,1,83.1,32.4,91.2,11,1305.0,9.9,1,13,Low,Warning,Survival
3032,Food,Canteen,9,85.2,127.4,142.1,1,1585.0,9.3,0,17,High,Warning,Lifestyle
4107,Transport,Stationery,8,75.0,96.1,42.5,24,2039.0,27.6,0,8,High,Safe,Lifestyle
352,Study,Bookshop,8,90.2,40.1,18.2,18,1249.0,2.4,0,20,Low,Critical,Leakage
3164,Transport,Stationery,3,35.7,80.9,101.5,20,2626.0,16.5,0,10,Medium,Safe,Survival
3116,Food,Stationery,2,13.4,74.1,113.6,28,3595.0,15.1,0,10,Medium,Safe,Survival
3000,Food,Stationery,1,10.5,111.3,49.6,26,2584.0,1.7,1,22,High,Critical,Lifestyle
1952,Study,Canteen,6,86.0,97.5,89.9,5,2063.0,2.6,1,7,High,Critical,Lifestyle
2810,Food,Snack_Bar,10,74.4,109.8,18.3,2,3289.0,11.5,0,6,High,Safe,Lifestyle
4075,Study,Canteen,1,71.4,35.4,144.4,26,3118.0,4.0,0,14,Low,Critical,Lifestyle
1304,Study,Pharmacy,11,37.3,86.8,25.4,25,1785.0,14.3,0,10,High,Safe,Lifestyle
2736,Food,Stationery,5,41.1,14.8,19.5,18,2615.0,18.3,1,18,Low,Safe,Survival
4399,Other,Stationery,9,96.0,18.3,16.2,22,3054.0,20.7,1,7,Low,Safe,Survival
4054,Study,Pharmacy,11,11.1,95.6,69.8,7,1359.0,16.4,1,18,High,Safe,Lifestyle
3694,Food,Stationery,9,78.5,12.9,23.6,22,1782.0,11.4,1,13,Low,Safe,Survival
2114,Other,Stationery,4,34.4,79.6,114.3,11,870.0,3.9,1,15,Medium,Critical,Survival
3272,Study,Stationery,7,8.7,110.8,135.8,11,3957.0,7.4,1,11,High,Warning,Lifestyle
1206,Other,Pharmacy,11,75.5,55.6,46.4,28,801.0,12.6,1,16,Medium,Safe,Survival
606,Entertainment,Canteen,7,36.4,15.4,98.0,13,1090.0,27.7,0,19,Low,Safe,Leakage
366,Entertainment,Stationery,4,73.6,95.7,15.9,4,2179.0,6.1,1,15,High,Warning,Lifestyle
708,Other,Snack_Bar,5,72.2,121.6,64.1,1,3528.0,12.4,1,15,High,Safe,Leakage
1861,Study,Pharmacy,11,55.8,96.1,51.0,18,1746.0,22.0,1,16,High,Safe,Lifestyle
3864,Food,Bookshop,9,78.9,79.4,42.0,12,3190.0,21.2,1,9,Medium,Safe,Survival
3689,Transport,Pharmacy,7,60.2,37.6,100.3,26,2866.0,29.0,0,8,Low,Safe,Survival
880,Food,Canteen,7,32.2,11.8,28.2,28,2735.0,5.7,0,14,Low,Warning,Survival
2724,Transport,Pharmacy,10,74.7,93.4,130.5,10,3458.0,0.5,0,10,High,Critical,Lifestyle
2320,Transport,Bookshop,7,61.0,37.7,103.1,28,550.0,9.7,0,6,Low,Warning,Survival
4877,Study,Snack_Bar,9,6.2,113.0,109.5,30,3752.0,4.5,1,16,High,Warning,Lifestyle
4557,Other,Bookshop,5,90.7,66.0,140.9,22,3402.0,16.5,0,13,Medium,Safe,Lifestyle
1563,Food,Pharmacy,6,56.8,73.7,141.9,8,3783.0,27.0,1,10,Medium,Safe,Lifestyle
1531,Other,Bookshop,3,87.5,100.5,87.2,30,3278.0,20.6,0,7,High,Safe,Lifestyle
2492,Entertainment,Pharmacy,1,88.9,103.5,79.4,3,3575.0,4.1,0,14,High,Warning,Lifestyle
1738,Study,Snack_Bar,11,47.3,87.1,57.0,7,1211.0,3.5,0,11,High,Critical,Lifestyle
3608,Study,Snack_Bar,2,53.2,122.6,110.2,25,1617.0,27.3,1,16,High,Safe,Lifestyle
760,Entertainment,Canteen,8,44.5,127.9,85.3,20,1603.0,14.6,0,15,High,Safe,Leakage
1299,Food,Snack_Bar,1,47.7,123.6,140.6,11,882.0,27.7,0,17,High,Safe,Lifestyle
2103,Entertainment,Stationery,10,90.0,108.9,43.4,7,3054.0,22.1,0,8,High,Safe,Lifestyle
374,Food,Bookshop,7,79.9,94.7,53.4,7,977.0,29.8,1,12,High,Safe,Leakage
2356,Transport,Bookshop,5,17.0,89.6,54.3,29,684.0,26.1,1,17,High,Safe,Lifestyle
2430,Study,Pharmacy,6,63.0,22.5,122.8,28,3214.0,12.4,1,16,Low,Safe,Lifestyle
4487,Food,Snack_Bar,8,99.6,42.6,23.9,26,3666.0,22.7,1,7,Low,Safe,Survival
4360,Other,Canteen,4,61.6,10.7,73.8,9,3174.0,14.1,1,15,Low,Safe,Survival
4120,Other,Canteen,6,79.7,26.5,69.9,3,3389.0,7.0,0,18,Low,Warning,Survival
1697,Study,Canteen,11,78.1,62.7,20.2,11,2585.0,7.2,1,18,Medium,Warning,Survival
4054,Entertainment,Stationery,3,38.3,27.6,67.5,17,3607.0,11.9,0,20,Low,Safe,Survival
3371,Entertainment,Snack_Bar,7,40.3,118.2,81.9,8,2238.0,3.3,1,18,High,Critical,Lifestyle
1767,Food,Canteen,2,73.8,106.7,19.1,20,3959.0,5.3,0,14,High,Warning,Lifestyle
1351,Entertainment,Stationery,8,52.5,18.6,81.4,2,862.0,15.0,1,11,Low,Safe,Survival
568,Study,Bookshop,7,59.2,39.9,144.3,21,3332.0,28.6,0,8,Low,Safe,Leakage
242,Food,Pharmacy,8,72.7,108.3,147.0,20,2745.0,17.3,1,14,High,Safe,Leakage
2107,Transport,Snack_Bar,2,78.9,106.4,84.4,1,2532.0,12.3,1,9,High,Safe,Lifestyle
3690,Entertainment,Snack_Bar,3,30.8,123.5,82.1,16,3040.0,7.3,1,10,High,Warning,Lifestyle
2735,Entertainment,Bookshop,4,18.9,129.7,50.0,28,3441.0,5.9,0,17,High,Warning,Lifestyle
4373,Food,Snack_Bar,9,32.7,127.2,149.6,23,3520.0,19.8,1,22,High,Safe,Lifestyle
3073,Other,Snack_Bar,5,53.2,59.2,48.4,4,1114.0,25.4,0,10,Medium,Safe,Survival
2024,Entertainment,Snack_Bar,6,37.5,40.0,73.4,24,1190.0,12.0,0,9,Low,Safe,Survival
1493,Study,Snack_Bar,1,59.0,101.0,10.4,9,557.0,16.5,1,13,High,Safe,Lifestyle
4969,Entertainment,Stationery,4,10.1,45.9,58.9,8,961.0,21.2,0,14,Low,Safe,Survival
4996,Transport,Stationery,4,53.4,106.8,20.0,1,1424.0,1.7,1,22,High,Critical,Lifestyle
3586,Entertainment,Pharmacy,10,40.0,74.1,114.1,8,3024.0,10.5,0,13,Medium,Safe,Survival
3172,Other,Snack_Bar,8,55.8,105.3,88.5,5,2165.0,21.9,1,10,High,Safe,Lifestyle
4122,Entertainment,Bookshop,8,45.1,43.1,90.1,1,3153.0,20.5,0,15,Low,Safe,Survival
1192,Food,Canteen,10,32.0,71.0,50.1,25,2203.0,1.6,0,19,Medium,Critical,Survival
2586,Entertainment,Pharmacy,6,90.9,77.7,124.1,25,2445.0,7.1,1,10,Medium,Warning,Lifestyle
2440,Other,Canteen,8,22.6,123.2,10.5,7,889.0,20.4,1,20,High,Safe,Lifestyle
1676,Food,Canteen,9,69.7,42.0,56.7,15,3218.0,8.1,0,10,Low,Warning,Survival
3607,Study,Snack_Bar,5,92.8,122.4,102.3,7,3153.0,24.4,0,17,High,Safe,Lifestyle
589,Food,Bookshop,1,56.2,106.6,137.1,27,1576.0,0.9,1,15,High,Critical,Lifestyle
1199,Transport,Canteen,1,88.3,97.7,42.8,1,1650.0,5.7,0,13,High,Warning,Lifestyle
4820,Food,Canteen,2,16.9,104.4,85.8,9,1269.0,8.4,0,6,High,Warning,Lifestyle
2055,Study,Pharmacy,2,51.9,82.7,85.3,1,3348.0,27.8,0,8,Medium,Safe,Survival
858,Entertainment,Bookshop,5,48.4,39.3,132.4,29,3115.0,23.9,0,21,Low,Safe,Lifestyle
2963,Food,Bookshop,7,5.8,32.7,17.1,12,2632.0,26.5,0,16,Low,Safe,Survival
3863,Food,Canteen,7,47.1,114.0,69.4,7,1336.0,13.2,1,14,High,Safe,Lifestyle
1681,Food,Bookshop,4,40.1,97.0,35.5,25,1101.0,24.7,0,15,High,Safe,Lifestyle
3931,Food,Pharmacy,4,68.6,35.6,13.0,9,676.0,25.6,1,7,Low,Safe,Survival
651,Study,Pharmacy,11,94.1,83.8,30.6,5,660.0,12.0,0,16,Medium,Safe,Leakage
2675,Other,Pharmacy,10,13.2,63.7,146.7,12,1155.0,29.8,1,16,Medium,Safe,Lifestyle
3422,Other,Snack_Bar,3,36.1,29.0,40.1,29,852.0,25.5,1,12,Low,Safe,Survival
1737,Food,Canteen,11,47.2,73.8,140.9,22,2446.0,29.2,1,16,Medium,Safe,Lifestyle
3293,Study,Bookshop,2,48.2,43.8,38.7,2,1753.0,26.0,0,10,Low,Safe,Survival
1082,Study,Pharmacy,3,78.6,21.5,140.4,18,2057.0,23.3,0,17,Low,Safe,Lifestyle
4608,Food,Canteen,8,47.1,66.0,101.6,26,2579.0,28.3,1,10,Medium,Safe,Survival
4268,Transport,Canteen,1,7.6,80.8,25.9,9,2807.0,12.6,0,20,Medium,Safe,Survival
2766,Food,Snack_Bar,4,72.5,15.6,91.5,29,2769.0,23.5,1,17,Low,Safe,Survival
3477,Transport,Bookshop,7,89.1,58.3,54.6,1,1413.0,6.4,1,6,Medium,Warning,Survival
574,Food,Bookshop,5,53.8,40.9,63.6,10,3334.0,22.0,0,11,Low,Safe,Leakage
4746,Transport,Pharmacy,2,60.2,13.7,71.6,28,3712.0,23.6,0,11,Low,Safe,Survival
3897,Transport,Pharmacy,1,20.5,25.1,69.2,28,1606.0,21.5,0,16,Low,Safe,Survival
3262,Food,Canteen,6,26.0,26.7,103.0,14,560.0,25.5,0,16,Low,Safe,Survival
4890,Transport,Bookshop,5,27.3,31.9,117.6,21,3647.0,12.4,1,21,Low,Safe,Lifestyle
3450,Entertainment,Bookshop,3,45.9,106.4,56.1,14,3732.0,16.3,1,11,High,Safe,Lifestyle
4795,Other,Pharmacy,11,93.2,62.7,139.4,7,678.0,0.3,0,6,Medium,Critical,Lifestyle
4759,Study,Stationery,11,54.6,27.7,141.4,12,517.0,4.4,1,21,Low,Warning,Lifestyle
312,Transport,Canteen,11,23.2,22.0,15.7,26,3357.0,19.3,0,8,Low,Safe,Leakage
3397,Transport,Bookshop,9,30.3,45.8,12.1,22,1555.0,16.9,1,11,Low,Safe,Survival
2578,Study,Snack_Bar,3,41.5,105.8,69.5,22,3701.0,5.9,0,8,High,Warning,Lifestyle
2124,Transport,Snack_Bar,2,64.2,53.7,92.7,6,1259.0,7.3,0,13,Medium,Warning,Survival
339,Study,Stationery,5,46.8,29.2,48.9,13,3514.0,10.3,1,7,Low,Safe,Leakage
1624,Food,Pharmacy,9,42.3,58.5,46.3,8,740.0,21.5,0,20,Medium,Safe,Survival
3149,Entertainment,Pharmacy,8,58.6,76.6,105.0,23,1412.0,18.3,1,19,Medium,Safe,Survival
3368,Entertainment,Pharmacy,6,28.0,13.6,94.2,21,3906.0,2.1,1,19,Low,Critical,Survival
716,Other,Snack_Bar,3,12.5,85.3,33.4,26,1309.0,22.8,1,9,High,Safe,Lifestyle
2816,Transport,Pharmacy,6,7.3,57.4,133.8,2,966.0,7.9,0,12,Medium,Warning,Lifestyle
1087,Other,Snack_Bar,5,28.9,11.2,105.2,10,3500.0,20.2,1,21,Low,Safe,Survival
3304,Food,Stationery,1,13.7,90.9,60.8,6,912.0,3.7,1,13,High,Critical,Lifestyle
249,Entertainment,Canteen,5,37.0,95.5,105.7,16,841.0,29.9,0,20,High,Safe,Leakage
4151,Food,Bookshop,7,78.4,85.5,25.8,10,1632.0,2.4,0,10,High,Critical,Lifestyle
3760,Food,Stationery,9,73.0,51.0,75.6,15,2724.0,22.3,0,6,Medium,Safe,Survival
218,Transport,Snack_Bar,1,63.0,73.6,33.7,21,2988.0,16.2,1,17,Medium,Safe,Survival
1673,Food,Stationery,3,86.0,56.5,15.8,20,3584.0,2.6,1,14,Medium,Critical,Survival
4261,Entertainment,Bookshop,8,31.8,94.1,57.4,10,2393.0,0.8,1,12,High,Critical,Lifestyle
2806,Other,Canteen,6,89.1,80.0,31.1,11,1877.0,10.9,0,16,Medium,Safe,Survival
651,Entertainment,Bookshop,5,42.9,19.8,98.7,21,1756.0,24.1,0,16,Low,Safe,Leakage
3965,Transport,Snack_Bar,10,43.1,87.2,104.4,25,3464.0,1.2,1,20,High,Critical,Lifestyle
2638,Entertainment,Bookshop,2,43.5,92.5,30.8,28,3033.0,21.1,0,22,High,Safe,Lifestyle
4510,Study,Stationery,3,14.3,54.5,13.4,29,3669.0,19.7,1,8,Medium,Safe,Survival
1749,Other,Pharmacy,2,97.7,115.1,121.0,2,3874.0,8.0,0,16,High,Warning,Lifestyle
3674,Study,Stationery,1,18.2,111.2,10.3,22,1550.0,2.3,0,18,High,Critical,Lifestyle
327,Study,Snack_Bar,7,37.4,31.0,58.1,27,2354.0,27.5,0,11,Low,Safe,Leakage
2961,Transport,Canteen,3,35.3,118.5,79.2,25,2711.0,9.0,0,19,High,Warning,Lifestyle
4656,Food,Bookshop,7,12.1,62.9,124.6,28,1073.0,3.3,1,16,Medium,Critical,Lifestyle
4864,Study,Canteen,7,19.5,96.8,127.4,10,687.0,20.4,1,18,High,Safe,Lifestyle
1615,Entertainment,Snack_Bar,8,9.3,107.7,111.5,29,3537.0,6.5,1,22,High,Warning,Lifestyle
401,Food,Bookshop,1,32.8,70.6,44.6,21,2374.0,14.3,1,19,Medium,Safe,Survival
2569,Entertainment,Stationery,5,87.3,57.9,110.8,12,2498.0,1.5,1,19,Medium,Critical,Survival
717,Entertainment,Stationery,10,37.2,119.9,44.5,11,2442.0,29.8,0,9,High,Safe,Leakage
1541,Food,Snack_Bar,9,16.8,37.7,40.0,22,3142.0,13.4,0,9,Low,Safe,Survival
4976,Food,Bookshop,11,66.3,40.8,86.6,15,1009.0,30.0,0,19,Low,Safe,Survival
2188,Entertainment,Stationery,7,99.7,53.4,105.0,26,2649.0,11.6,0,19,Medium,Safe,Survival
3745,Transport,Snack_Bar,1,27.1,113.1,17.4,28,2143.0,10.4,1,12,High,Safe,Lifestyle
4720,Other,Snack_Bar,8,31.6,122.7,18.4,4,3639.0,27.4,1,21,High,Safe,Lifestyle
4002,Other,Canteen,3,97.3,36.4,119.8,5,2319.0,9.9,0,19,Low,Warning,Lifestyle
3475,Transport,Stationery,4,22.0,113.7,130.3,24,3800.0,13.0,1,10,High,Safe,Lifestyle
3854,Food,Bookshop,4,53.6,41.0,94.6,28,1736.0,2.3,1,12,Low,Critical,Survival
2634,Entertainment,Stationery,10,27.8,126.5,70.0,1,3884.0,28.7,1,22,High,Safe,Lifestyle
407,Other,Stationery,8,93.6,81.7,128.3,1,3563.0,2.6,0,20,Medium,Critical,Leakage
2833,Entertainment,Stationery,1,98.2,10.9,112.0,10,2545.0,23.1,1,12,Low,Safe,Survival
4317,Transport,Snack_Bar,8,82.4,14.1,91.1,4,1738.0,16.2,0,15,Low,Safe,Survival
353,Entertainment,Pharmacy,9,34.9,27.7,54.8,13,1816.0,1.8,1,16,Low,Critical,Leakage
3566,Transport,Pharmacy,9,43.3,32.5,37.7,14,3205.0,0.1,0,19,Low,Critical,Survival
4514,Food,Canteen,5,28.0,102.1,68.6,26,2532.0,28.1,0,9,High,Safe,Lifestyle
4964,Transport,Stationery,4,89.6,36.7,50.2,19,1906.0,22.3,0,8,Low,Safe,Survival
1718,Transport,Pharmacy,4,91.9,126.3,57.5,5,2726.0,20.6,0,19,High,Safe,Lifestyle
2800,Other,Canteen,9,44.8,86.3,82.2,11,3066.0,13.2,0,8,High,Safe,Lifestyle
2395,Entertainment,Snack_Bar,8,67.4,93.1,33.7,26,580.0,7.2,1,8,High,Warning,Lifestyle
4698,Other,Stationery,10,20.7,36.1,122.9,8,815.0,20.4,0,17,Low,Safe,Lifestyle
4891,Study,Bookshop,10,46.3,117.1,30.4,1,831.0,18.2,1,15,High,Safe,Lifestyle
3754,Transport,Snack_Bar,7,65.0,90.1,77.3,5,1312.0,21.8,1,17,High,Safe,Lifestyle
2614,Study,Canteen,3,41.6,113.7,114.4,30,1994.0,11.0,0,9,High,Safe,Lifestyle
3049,Other,Snack_Bar,4,39.0,124.8,77.9,21,3313.0,29.6,1,22,High,Safe,Lifestyle
1942,Entertainment,Bookshop,9,5.1,25.1,60.5,18,1729.0,2.0,1,13,Low,Critical,Survival
1506,Other,Snack_Bar,8,81.4,21.6,76.5,13,561.0,2.4,1,16,Low,Critical,Survival
4049,Entertainment,Canteen,1,89.5,106.4,128.8,5,2192.0,27.5,0,10,High,Safe,Lifestyle
4368,Entertainment,Bookshop,3,97.1,113.9,148.7,24,3988.0,19.4,1,10,High,Safe,Lifestyle
4776,Food,Bookshop,10,73.3,80.1,98.4,26,1722.0,9.8,1,18,Medium,Warning,Survival
4855,Transport,Snack_Bar,2,57.1,53.9,121.1,7,3864.0,22.9,0,9,Medium,Safe,Lifestyle
4395,Other,Bookshop,2,30.6,88.3,12.0,12,855.0,13.6,0,18,High,Safe,Lifestyle
2755,Entertainment,Snack_Bar,8,99.9,46.7,133.3,2,1106.0,0.6,1,21,Low,Critical,Lifestyle
2505,Other,Stationery,6,61.0,38.6,143.6,13,3034.0,19.5,1,17,Low,Safe,Lifestyle
4708,Other,Bookshop,6,69.7,68.6,90.5,14,2254.0,7.3,1,19,Medium,Warning,Survival
1288,Entertainment,Snack_Bar,4,69.8,35.9,115.5,6,3178.0,3.5,1,14,Low,Critical,Lifestyle
2842,Study,Stationery,1,85.3,68.0,81.8,16,3522.0,6.8,1,11,Medium,Warning,Survival
1377,Transport,Bookshop,11,5.9,124.8,50.1,10,1379.0,14.3,0,13,High,Safe,Lifestyle
4957,Transport,Stationery,7,25.9,110.8,129.3,29,2890.0,1.5,0,21,High,Critical,Lifestyle
3194,Food,Bookshop,8,68.2,123.0,93.6,27,2627.0,26.5,1,7,High,Safe,Lifestyle
759,Food,Canteen,2,90.0,106.8,91.1,11,3515.0,16.8,1,11,High,Safe,Lifestyle
3164,Food,Canteen,2,70.1,52.6,102.3,1,2005.0,8.8,1,7,Medium,Warning,Survival
1471,Transport,Snack_Bar,1,44.3,107.4,129.8,15,682.0,20.6,1,18,High,Safe,Lifestyle
2013,Study,Pharmacy,4,39.3,120.7,112.5,16,2510.0,24.1,0,22,High,Safe,Lifestyle
3115,Transport,Canteen,6,75.1,123.6,39.6,10,3856.0,18.4,0,13,High,Safe,Lifestyle
809,Transport,Pharmacy,5,75.4,92.0,75.4,10,551.0,6.1,1,14,High,Warning,Lifestyle
2661,Transport,Stationery,4,62.7,35.4,147.2,3,1341.0,3.3,1,10,Low,Critical,Lifestyle
4320,Transport,Stationery,4,32.7,14.8,87.6,11,1606.0,25.8,0,13,Low,Safe,Survival
483,Study,Pharmacy,10,92.9,27.7,141.4,11,3180.0,7.0,0,14,Low,Warning,Leakage
3128,Food,Snack_Bar,7,57.4,125.9,123.9,16,1631.0,0.6,0,21,High,Critical,Lifestyle
4596,Other,Bookshop,7,80.1,65.5,103.2,6,1337.0,19.3,1,21,Medium,Safe,Survival
1291,Food,Pharmacy,2,25.4,112.6,58.9,30,2770.0,4.6,1,17,High,Warning,Lifestyle
1016,Food,Pharmacy,7,37.7,65.8,52.6,9,662.0,29.7,1,16,Medium,Safe,Survival
282,Other,Pharmacy,2,88.1,89.3,100.1,1,1097.0,26.1,0,18,High,Safe,Lifestyle
2120,Transport,Pharmacy,4,9.8,12.9,70.6,28,1928.0,18.3,1,8,Low,Safe,Survival
3691,Study,Pharmacy,1,53.7,40.0,121.8,6,1745.0,25.0,0,16,Low,Safe,Lifestyle
3344,Study,Snack_Bar,5,50.8,62.4,116.5,18,1715.0,14.1,0,16,Medium,Safe,Lifestyle
2293,Food,Canteen,1,76.4,85.7,53.7,25,880.0,23.7,1,10,High,Safe,Lifestyle
4913,Other,Bookshop,4,31.8,30.6,108.4,13,1763.0,19.4,0,8,Low,Safe,Survival
375,Entertainment,Canteen,9,25.8,101.7,79.2,2,3293.0,0.9,0,7,High,Critical,Leakage
2904,Transport,Pharmacy,8,93.0,53.7,55.3,28,1948.0,28.5,1,20,Medium,Safe,Survival
569,Food,Canteen,6,59.3,108.1,67.8,19,2552.0,25.8,1,10,High,Safe,Leakage
2018,Study,Snack_Bar,8,14.9,21.8,135.3,28,1073.0,28.6,0,10,Low,Safe,Lifestyle
2301,Other,Stationery,5,23.3,91.6,60.3,2,744.0,21.9,1,21,High,Safe,Lifestyle
4985,Other,Canteen,7,99.9,45.2,50.2,27,3580.0,12.4,0,22,Low,Safe,Survival
3690,Food,Bookshop,8,23.6,105.4,59.3,4,1660.0,6.2,0,12,High,Warning,Lifestyle
1979,Entertainment,Snack_Bar,7,63.0,58.3,40.0,4,1726.0,5.4,1,7,Medium,Warning,Survival
1564,Study,Stationery,4,44.9,89.8,86.2,10,3572.0,4.3,0,19,High,Warning,Lifestyle
4662,Food,Snack_Bar,5,89.1,122.1,30.6,17,2977.0,6.6,0,17,High,Warning,Lifestyle
3542,Entertainment,Pharmacy,10,76.7,12.5,124.4,24,3147.0,16.5,0,22,Low,Safe,Lifestyle
4939,Other,Stationery,6,61.7,11.3,41.6,16,2887.0,20.5,0,11,Low,Safe,Survival
3876,Transport,Bookshop,11,6.0,102.4,93.7,21,870.0,9.4,1,10,High,Warning,Lifestyle
2626,Study,Stationery,6,88.6,87.6,27.5,28,3853.0,16.5,0,12,High,Safe,Lifestyle
272,Study,Bookshop,9,47.2,45.2,147.0,8,3682.0,10.2,1,16,Low,Safe,Leakage
3162,Entertainment,Pharmacy,10,93.5,69.3,73.6,29,1327.0,20.9,0,10,Medium,Safe,Survival
1059,Food,Bookshop,2,52.1,15.0,125.1,6,3314.0,29.7,1,11,Low,Safe,Lifestyle
4056,Other,Snack_Bar,6,71.0,33.1,117.6,30,1933.0,20.7,1,12,Low,Safe,Lifestyle
4338,Entertainment,Canteen,3,11.6,60.9,109.9,2,2893.0,1.8,0,8,Medium,Critical,Survival
2624,Transport,Snack_Bar,2,75.8,110.1,125.8,23,1080.0,14.3,0,8,High,Safe,Lifestyle
1264,Transport,Snack_Bar,6,37.1,67.6,24.1,26,2385.0,23.1,1,7,Medium,Safe,Survival
2417,Transport,Stationery,4,38.4,80.4,105.0,15,943.0,16.3,0,9,Medium,Safe,Survival
4217,Entertainment,Pharmacy,5,16.3,114.9,47.2,25,2377.0,28.5,0,10,High,Safe,Lifestyle
2459,Other,Canteen,5,19.0,47.1,120.0,23,1353.0,1.6,1,7,Low,Critical,Lifestyle
3951,Study,Bookshop,3,22.6,94.1,144.0,11,2084.0,8.7,0,21,High,Warning,Lifestyle
2286,Food,Stationery,4,36.2,113.4,136.2,21,2838.0,6.6,1,17,High,Warning,Lifestyle
568,Study,Pharmacy,3,89.7,34.3,26.1,16,3570.0,23.0,1,20,Low,Safe,Survival
3004,Other,Canteen,7,40.0,52.8,61.7,4,1079.0,15.7,0,9,Medium,Safe,Survival
350,Study,Snack_Bar,1,73.8,127.6,61.0,11,3626.0,4.2,0,8,High,Warning,Lifestyle
1334,Entertainment,Pharmacy,6,12.9,128.0,27.1,14,1865.0,8.6,0,19,High,Warning,Lifestyle
2984,Transport,Pharmacy,4,61.2,36.8,23.7,8,3453.0,15.7,1,18,Low,Safe,Survival
4364,Other,Pharmacy,1,50.8,18.0,63.9,6,2294.0,29.9,0,11,Low,Safe,Survival
2546,Other,Snack_Bar,1,97.9,42.5,148.9,29,3518.0,10.9,1,9,Low,Safe,Lifestyle
2450,Study,Bookshop,5,85.4,57.7,89.7,21,2820.0,4.7,0,6,Medium,Warning,Survival
260,Entertainment,Stationery,5,48.2,62.9,97.0,23,2281.0,14.9,1,8,Medium,Safe,Leakage
3210,Study,Bookshop,10,78.6,84.3,75.9,27,1594.0,9.3,0,17,Medium,Warning,Survival
4101,Study,Canteen,7,23.3,117.9,102.7,19,3891.0,17.0,0,8,High,Safe,Lifestyle
1537,Other,Stationery,4,58.4,49.6,143.9,25,3303.0,14.0,1,19,Low,Safe,Lifestyle
1384,Study,Canteen,9,12.1,112.0,92.4,4,1834.0,20.7,0,10,High,Safe,Lifestyle
4626,Transport,Snack_Bar,4,38.1,21.2,19.1,28,1084.0,27.4,1,6,Low,Safe,Survival
1751,Study,Bookshop,7,26.5,15.0,79.0,4,3228.0,6.0,0,19,Low,Warning,Survival
4633,Transport,Pharmacy,5,73.3,70.5,149.0,24,3965.0,24.6,0,17,Medium,Safe,Lifestyle
1829,Other,Stationery,5,51.6,17.2,64.2,6,1476.0,28.5,0,6,Low,Safe,Survival
1527,Entertainment,Pharmacy,6,76.4,57.1,93.1,30,3706.0,11.2,1,7,Medium,Safe,Survival
1726,Transport,Canteen,8,54.0,117.6,24.9,11,939.0,3.4,0,17,High,Critical,Lifestyle
1873,Entertainment,Pharmacy,5,13.2,39.0,29.8,1,3833.0,24.7,0,18,Low,Safe,Survival
1561,Entertainment,Pharmacy,3,74.9,94.7,132.5,2,3109.0,21.0,0,20,High,Safe,Lifestyle
1773,Transport,Snack_Bar,6,84.2,46.3,52.0,9,1713.0,6.4,0,21,Low,Warning,Survival
2886,Other,Snack_Bar,2,90.8,15.4,52.8,16,1566.0,13.4,1,10,Low,Safe,Survival
4570,Food,Bookshop,8,59.3,76.8,64.2,6,2752.0,17.3,0,7,Medium,Safe,Survival
2566,Entertainment,Canteen,8,76.6,110.2,145.3,23,2577.0,5.1,1,11,High,Warning,Lifestyle
3957,Entertainment,Snack_Bar,3,76.4,59.1,21.8,27,3716.0,21.4,0,13,Medium,Safe,Survival
2634,Other,Snack_Bar,8,19.8,84.1,124.6,9,3182.0,20.7,1,12,Medium,Safe,Lifestyle
2193,Other,Bookshop,9,20.6,118.0,57.8,19,2391.0,26.6,1,18,High,Safe,Lifestyle
1069,Study,Stationery,5,11.7,104.8,128.9,5,3746.0,17.0,0,11,High,Safe,Lifestyle
1214,Other,Bookshop,5,35.4,33.3,148.8,21,2575.0,17.2,1,14,Low,Safe,Lifestyle
2111,Entertainment,Pharmacy,6,50.0,98.0,58.8,10,3474.0,18.6,0,17,High,Safe,Lifestyle
802,Transport,Pharmacy,7,99.8,70.2,28.1,30,3443.0,8.2,0,15,Medium,Warning,Survival
4021,Food,Snack_Bar,3,45.9,99.5,30.2,7,3717.0,22.8,1,16,High,Safe,Lifestyle
890,Study,Snack_Bar,5,74.0,69.3,116.2,29,737.0,19.9,1,6,Medium,Safe,Lifestyle
693,Transport,Bookshop,1,70.9,25.4,30.3,2,2543.0,25.2,1,15,Low,Safe,Survival
689,Food,Bookshop,11,24.4,78.4,46.5,20,2139.0,23.1,0,21,Medium,Safe,Leakage
2756,Food,Canteen,10,10.6,69.1,38.6,27,2217.0,19.2,1,15,Medium,Safe,Survival
4685,Food,Pharmacy,5,56.9,72.2,59.8,4,2110.0,4.8,1,20,Medium,Warning,Survival
494,Transport,Bookshop,4,71.5,115.5,20.4,28,3431.0,27.6,0,19,High,Safe,Lifestyle
4227,Study,Stationery,1,99.8,117.4,129.9,8,1615.0,11.0,0,8,High,Safe,Lifestyle
3043,Study,Canteen,7,39.1,64.4,130.4,26,2120.0,28.9,1,9,Medium,Safe,Lifestyle
3112,Food,Bookshop,1,90.2,64.7,67.8,3,1202.0,12.1,0,13,Medium,Safe,Survival
1917,Transport,Snack_Bar,8,41.3,71.8,95.7,2,1381.0,4.4,1,6,Medium,Warning,Survival
2796,Food,Bookshop,10,70.5,72.4,99.9,9,2811.0,26.5,0,20,Medium,Safe,Survival
4944,Other,Snack_Bar,2,61.8,124.0,114.9,28,909.0,23.9,1,12,High,Safe,Lifestyle
2073,Study,Snack_Bar,10,10.0,87.9,82.9,11,1157.0,23.6,1,17,High,Safe,Lifestyle
4863,Entertainment,Pharmacy,5,12.4,43.3,81.4,4,2348.0,2.7,1,8,Low,Critical,Survival
3458,Food,Pharmacy,6,7.0,73.8,98.4,9,653.0,26.4,1,10,Medium,Safe,Survival
3017,Other,Bookshop,9,40.2,85.3,108.4,6,944.0,17.9,1,13,High,Safe,Lifestyle
644,Study,Bookshop,7,75.9,86.8,58.5,1,3522.0,14.1,0,16,High,Safe,Leakage
3841,Transport,Stationery,6,21.4,80.2,56.3,30,3462.0,27.4,1,17,Medium,Safe,Survival
4658,Study,Canteen,5,62.6,31.3,47.8,27,1717.0,20.0,1,12,Low,Safe,Survival
941,Transport,Canteen,6,32.4,14.0,86.8,3,1718.0,4.0,1,19,Low,Critical,Survival
2241,Transport,Bookshop,11,80.7,50.5,60.4,7,3778.0,15.6,1,7,Medium,Safe,Survival
879,Food,Pharmacy,4,80.8,61.3,85.6,9,590.0,19.1,0,17,Medium,Safe,Survival
2667,Food,Stationery,1,78.7,17.4,66.8,8,2531.0,27.0,1,14,Low,Safe,Survival
3897,Study,Canteen,9,54.9,107.8,127.1,28,2591.0,8.4,1,17,High,Warning,Lifestyle
1558,Other,Bookshop,11,32.0,51.3,20.2,21,3258.0,23.8,0,11,Medium,Safe,Survival
262,Study,Pharmacy,5,81.9,119.6,90.1,28,3831.0,24.0,0,11,High,Safe,Leakage
2759,Entertainment,Pharmacy,8,22.7,28.5,90.6,13,1745.0,3.8,1,11,Low,Critical,Survival
3969,Transport,Pharmacy,7,32.5,16.8,63.7,24,2032.0,0.5,1,22,Low,Critical,Survival
4551,Transport,Snack_Bar,8,22.5,67.9,68.9,18,2850.0,17.4,0,22,Medium,Safe,Survival
334,Food,Pharmacy,1,69.0,32.7,122.0,19,3885.0,23.7,1,22,Low,Safe,Lifestyle
3844,Other,Bookshop,9,70.2,122.5,49.3,24,3618.0,16.6,1,15,High,Safe,Lifestyle
2335,Food,Stationery,1,67.0,11.2,132.0,9,2835.0,24.4,1,16,Low,Safe,Lifestyle
3478,Entertainment,Bookshop,3,44.5,59.5,135.5,26,3499.0,18.7,0,13,Medium,Safe,Lifestyle
1022,Study,Pharmacy,8,14.5,121.2,101.1,24,798.0,19.6,0,19,High,Safe,Lifestyle
3274,Study,Stationery,11,91.6,56.1,118.2,20,1820.0,0.8,1,20,Medium,Critical,Lifestyle
3181,Other,Canteen,1,53.2,21.2,95.8,29,546.0,2.7,0,22,Low,Critical,Survival
320,Food,Canteen,1,43.7,46.3,83.5,6,1121.0,21.8,0,10,Low,Safe,Survival
1837,Food,Bookshop,6,60.9,69.8,145.3,27,2707.0,22.9,0,9,Medium,Safe,Lifestyle
1124,Entertainment,Stationery,5,23.3,32.2,49.6,21,3599.0,16.3,1,16,Low,Safe,Survival
844,Study,Bookshop,11,17.6,66.0,31.6,12,2715.0,17.7,0,21,Medium,Safe,Survival
2232,Food,Stationery,6,43.5,110.4,50.2,4,2824.0,18.4,0,12,High,Safe,Lifestyle
2961,Other,Stationery,3,26.6,114.7,96.0,9,863.0,3.1,0,21,High,Critical,Lifestyle
2268,Study,Bookshop,10,28.2,15.9,35.9,10,2827.0,20.0,1,11,Low,Safe,Survival
441,Entertainment,Stationery,10,89.8,29.3,137.2,3,2090.0,14.4,0,15,Low,Safe,Leakage
2868,Other,Pharmacy,6,55.4,43.0,67.5,17,2780.0,18.1,1,16,Low,Safe,Survival
1002,Transport,Stationery,2,50.9,81.4,129.0,29,1642.0,16.9,0,20,Medium,Safe,Lifestyle
4364,Entertainment,Stationery,8,70.5,53.3,44.9,7,2535.0,22.9,1,17,Medium,Safe,Survival
395,Other,Bookshop,6,95.4,111.3,53.8,26,1984.0,9.6,0,21,High,Warning,Leakage
2387,Food,Canteen,4,15.7,96.0,18.3,8,2455.0,11.2,0,12,High,Safe,Lifestyle
3715,Transport,Snack_Bar,4,84.2,22.1,46.1,11,1015.0,11.7,1,19,Low,Safe,Survival
2530,Entertainment,Stationery,11,60.5,84.9,78.6,13,1885.0,22.9,1,14,Medium,Safe,Survival
2559,Food,Snack_Bar,7,18.9,23.6,142.5,3,1810.0,12.9,0,11,Low,Safe,Lifestyle
3806,Transport,Stationery,3,33.2,40.6,64.4,19,3077.0,5.3,1,16,Low,Warning,Survival
476,Study,Bookshop,11,50.8,31.3,99.6,14,2972.0,29.5,0,18,Low,Safe,Leakage
260,Food,Bookshop,3,70.7,30.8,69.9,22,3681.0,14.8,1,17,Low,Safe,Survival
3590,Other,Stationery,6,28.0,84.0,16.6,16,2712.0,3.3,0,11,Medium,Critical,Survival
2113,Entertainment,Bookshop,9,55.8,77.6,80.5,15,1601.0,20.1,1,14,Medium,Safe,Survival
4127,Transport,Bookshop,1,70.0,31.1,19.2,2,3241.0,22.2,0,20,Low,Safe,Survival
2791,Food,Stationery,5,47.6,128.8,133.7,6,2239.0,15.0,0,14,High,Safe,Lifestyle
766,Study,Canteen,1,87.0,60.6,115.4,21,1177.0,19.4,1,15,Medium,Safe,Lifestyle
4135,Entertainment,Stationery,1,87.6,21.6,63.0,30,3116.0,5.2,1,7,Low,Warning,Survival
1771,Entertainment,Canteen,3,49.7,24.5,99.6,7,964.0,11.0,0,19,Low,Safe,Survival
4917,Food,Bookshop,3,97.4,80.1,25.7,9,1124.0,4.9,0,16,Medium,Warning,Survival
1400,Study,Canteen,4,12.2,127.5,108.4,9,3156.0,11.6,0,18,High,Safe,Lifestyle
4609,Transport,Bookshop,3,5.3,78.6,125.2,17,3196.0,16.9,1,7,Medium,Safe,Lifestyle
3054,Food,Canteen,6,41.2,123.9,125.0,23,3268.0,13.3,0,12,High,Safe,Lifestyle
3095,Transport,Canteen,4,62.1,63.3,49.8,3,1527.0,17.8,1,20,Medium,Safe,Survival
1436,Entertainment,Stationery,8,64.8,62.3,46.9,4,3533.0,15.1,1,12,Medium,Safe,Survival
336,Transport,Canteen,1,50.3,70.0,83.0,2,3029.0,9.5,1,17,Medium,Warning,Survival
1229,Study,Bookshop,8,16.9,93.7,145.5,1,3419.0,4.3,1,12,High,Warning,Lifestyle
2356,Other,Stationery,11,21.2,54.1,138.9,10,2980.0,7.6,1,10,Medium,Warning,Lifestyle
2794,Study,Canteen,1,86.0,113.7,60.3,30,2529.0,6.0,1,20,High,Warning,Lifestyle
861,Transport,Stationery,11,87.5,13.5,119.2,3,883.0,21.2,1,12,Low,Safe,Lifestyle
2672,Food,Snack_Bar,1,69.0,62.8,139.0,10,2988.0,24.6,1,7,Medium,Safe,Lifestyle
2877,Entertainment,Stationery,7,68.1,71.3,46.5,9,2917.0,21.6,0,7,Medium,Safe,Survival
2508,Other,Snack_Bar,1,61.8,82.8,126.2,17,1594.0,19.3,0,14,Medium,Safe,Lifestyle
286,Food,Snack_Bar,9,24.3,43.1,47.5,15,3075.0,9.2,1,7,Low,Warning,Leakage
2712,Food,Stationery,8,45.7,61.3,58.1,3,2427.0,21.3,0,19,Medium,Safe,Survival
3142,Study,Bookshop,1,71.1,68.1,37.8,27,2458.0,18.2,1,20,Medium,Safe,Survival
2973,Transport,Bookshop,2,56.0,92.4,81.0,21,1787.0,1.4,1,17,High,Critical,Lifestyle
2704,Study,Bookshop,2,6.8,102.8,128.1,3,909.0,27.2,1,20,High,Safe,Lifestyle
3510,Transport,Pharmacy,2,95.6,98.5,83.9,4,1259.0,2.4,1,11,High,Critical,Lifestyle
1900,Study,Snack_Bar,6,85.3,51.0,27.3,4,3191.0,15.1,1,15,Medium,Safe,Survival
3870,Food,Stationery,4,29.8,129.9,45.2,17,1450.0,15.4,1,15,High,Safe,Lifestyle
2900,Entertainment,Bookshop,8,63.6,111.8,88.8,6,508.0,25.1,1,8,High,Safe,Lifestyle
3829,Transport,Bookshop,1,92.7,41.2,91.6,11,3990.0,27.4,1,14,Low,Safe,Survival
4790,Other,Stationery,10,14.1,33.4,90.8,12,1237.0,28.2,1,10,Low,Safe,Survival
1847,Other,Snack_Bar,4,52.8,47.7,20.8,23,2794.0,17.1,0,12,Low,Safe,Survival
3518,Food,Stationery,10,48.3,64.3,115.5,28,3744.0,20.4,0,15,Medium,Safe,Lifestyle
3887,Study,Pharmacy,11,44.0,112.1,137.3,7,2599.0,2.7,0,16,High,Critical,Lifestyle
796,Study,Pharmacy,5,84.4,103.4,81.5,13,3297.0,14.6,0,11,High,Safe,Leakage
4745,Food,Stationery,9,41.2,112.1,110.6,6,3917.0,26.9,1,12,High,Safe,Lifestyle
684,Other,Snack_Bar,5,11.0,42.6,138.0,23,3511.0,13.7,1,21,Low,Safe,Leakage
845,Other,Bookshop,11,11.3,81.2,100.0,30,2453.0,2.1,1,17,Medium,Critical,Survival
3289,Study,Pharmacy,3,9.1,44.0,104.4,3,1773.0,6.0,0,19,Low,Warning,Survival
4957,Transport,Pharmacy,11,43.9,23.1,111.0,21,2189.0,12.9,0,21,Low,Safe,Survival
4584,Entertainment,Snack_Bar,4,73.2,92.1,46.5,14,3446.0,7.1,0,11,High,Warning,Lifestyle
920,Transport,Pharmacy,10,24.4,27.2,91.6,14,3487.0,11.8,0,6,Low,Safe,Survival
4933,Other,Pharmacy,7,66.4,90.1,127.9,23,3460.0,10.0,0,18,High,Warning,Lifestyle
698,Transport,Snack_Bar,1,70.3,87.8,51.5,10,2590.0,9.6,1,11,High,Warning,Lifestyle
4929,Entertainment,Stationery,11,29.2,107.2,135.6,5,2169.0,2.7,1,11,High,Critical,Lifestyle
1873,Transport,Bookshop,6,62.1,26.7,96.9,30,1590.0,26.5,1,11,Low,Safe,Survival
3267,Transport,Bookshop,8,70.1,104.0,69.2,26,512.0,20.8,0,17,High,Safe,Lifestyle
314,Transport,Pharmacy,1,49.3,129.9,97.2,2,3176.0,18.7,1,14,High,Safe,Lifestyle
3179,Transport,Bookshop,8,37.0,112.1,66.3,6,1469.0,18.2,0,12,High,Safe,Lifestyle
4969,Food,Stationery,7,63.8,100.2,127.3,23,1654.0,11.9,1,8,High,Safe,Lifestyle
1936,Other,Pharmacy,1,97.9,89.5,77.5,11,3452.0,24.7,0,20,High,Safe,Lifestyle
3811,Entertainment,Bookshop,9,45.5,60.6,136.2,18,683.0,27.9,1,7,Medium,Safe,Lifestyle
2453,Other,Canteen,11,42.2,97.7,81.4,26,3747.0,0.2,0,6,High,Critical,Lifestyle
2494,Food,Canteen,3,49.1,96.9,102.5,24,505.0,2.4,1,6,High,Critical,Lifestyle
3830,Food,Canteen,2,12.2,85.8,149.7,21,3787.0,20.2,0,16,High,Safe,Lifestyle
346,Food,Canteen,7,57.6,105.6,30.6,11,2092.0,7.1,1,8,High,Warning,Leakage
4182,Food,Canteen,11,36.2,63.9,113.1,24,857.0,27.4,1,15,Medium,Safe,Survival
3653,Transport,Pharmacy,3,16.5,24.6,29.4,15,2860.0,20.0,1,17,Low,Safe,Survival
4707,Other,Snack_Bar,1,49.3,77.1,127.4,3,3635.0,11.0,0,11,Medium,Safe,Lifestyle
2610,Study,Snack_Bar,10,5.3,41.8,93.5,2,2033.0,12.5,0,12,Low,Safe,Survival
336,Entertainment,Pharmacy,3,43.2,56.1,141.3,7,2920.0,20.7,1,22,Medium,Safe,Lifestyle
3560,Food,Pharmacy,6,15.0,12.1,131.2,5,3928.0,4.2,1,22,Low,Warning,Lifestyle
3205,Other,Stationery,3,7.3,55.9,20.5,21,1342.0,26.5,1,9,Medium,Safe,Survival
3752,Food,Snack_Bar,5,83.3,107.1,29.2,13,3372.0,0.1,0,6,High,Critical,Lifestyle
218,Food,Canteen,9,92.0,75.1,94.2,8,1533.0,29.4,0,6,Medium,Safe,Leakage
2442,Food,Pharmacy,7,24.7,11.2,82.6,29,1992.0,5.0,1,22,Low,Warning,Survival
648,Food,Canteen,2,56.2,66.4,33.6,9,1486.0,22.3,1,16,Medium,Safe,Survival
2148,Food,Snack_Bar,1,31.4,45.0,28.1,30,2061.0,1.2,0,8,Low,Critical,Survival
1145,Entertainment,Bookshop,7,51.9,67.3,89.0,8,518.0,12.9,0,15,Medium,Safe,Survival
4436,Other,Bookshop,4,46.5,58.6,16.8,10,1562.0,18.9,0,7,Medium,Safe,Survival
2120,Food,Pharmacy,11,30.6,121.8,132.3,2,2059.0,2.1,1,21,High,Critical,Lifestyle
3177,Food,Stationery,7,71.5,14.9,123.0,10,2713.0,13.3,0,21,Low,Safe,Lifestyle
4388,Food,Canteen,6,17.0,92.0,120.0,11,2731.0,9.1,0,13,High,Warning,Lifestyle
4215,Food,Pharmacy,7,10.0,112.1,12.2,23,2543.0,14.9,1,12,High,Safe,Lifestyle
438,Transport,Stationery,4,77.9,125.1,16.7,11,1526.0,15.1,0,15,High,Safe,Lifestyle
404,Transport,Canteen,3,68.3,31.3,87.0,5,3816.0,23.6,0,9,Low,Safe,Survival
2807,Study,Snack_Bar,5,52.4,73.8,149.2,14,1872.0,3.7,1,14,Medium,Critical,Lifestyle
4540,Food,Bookshop,3,49.4,15.2,57.9,23,1259.0,2.5,0,10,Low,Critical,Survival
3588,Study,Stationery,3,52.3,69.9,58.2,3,2441.0,12.1,1,12,Medium,Safe,Survival
3172,Entertainment,Canteen,4,46.5,25.1,28.8,20,3121.0,26.6,1,9,Low,Safe,Survival
4590,Study,Pharmacy,8,42.3,110.5,104.4,23,543.0,25.7,1,6,High,Safe,Lifestyle
2887,Other,Canteen,2,52.5,23.7,100.5,2,1467.0,16.8,1,17,Low,Safe,Survival
4366,Transport,Pharmacy,4,55.2,71.6,24.2,18,3387.0,26.7,0,21,Medium,Safe,Survival
1548,Transport,Bookshop,11,70.7,72.5,75.4,1,2275.0,24.2,1,21,Medium,Safe,Survival
4600,Food,Bookshop,3,72.6,126.6,103.4,1,1930.0,8.3,0,13,High,Warning,Lifestyle
1016,Food,Canteen,7,40.9,88.6,79.1,28,3758.0,5.1,0,18,High,Warning,Lifestyle
1020,Entertainment,Canteen,2,44.3,44.5,104.4,17,813.0,9.0,0,14,Low,Warning,Survival
392,Entertainment,Pharmacy,1,40.5,38.9,124.3,6,2654.0,6.8,0,15,Low,Warning,Lifestyle
1976,Other,Pharmacy,10,56.0,25.4,106.0,13,1698.0,18.7,1,13,Low,Safe,Survival
3845,Food,Stationery,1,48.1,100.8,96.3,21,748.0,17.5,0,6,High,Safe,Lifestyle
4824,Food,Stationery,6,89.5,92.9,129.5,26,1248.0,18.0,0,8,High,Safe,Lifestyle
450,Entertainment,Stationery,3,71.2,83.2,136.1,24,2698.0,5.7,0,10,Medium,Warning,Lifestyle
1988,Entertainment,Canteen,7,90.4,14.9,64.4,21,599.0,23.8,1,12,Low,Safe,Survival
3900,Entertainment,Stationery,8,72.4,101.5,34.3,1,2573.0,13.0,0,21,High,Safe,Lifestyle
2663,Transport,Canteen,5,97.2,87.0,124.5,28,3849.0,14.2,0,13,High,Safe,Lifestyle
1367,Study,Bookshop,5,65.4,125.7,39.9,24,3283.0,29.9,0,6,High,Safe,Lifestyle
4093,Study,Snack_Bar,2,96.5,80.5,140.1,6,1710.0,8.5,0,8,Medium,Warning,Lifestyle
1296,Food,Bookshop,8,20.0,46.5,13.2,8,984.0,11.8,1,11,Low,Safe,Survival
2879,Transport,Canteen,10,10.0,55.8,139.0,13,2128.0,20.3,1,17,Medium,Safe,Lifestyle
2047,Entertainment,Canteen,1,60.0,31.1,92.5,2,1875.0,26.4,1,20,Low,Safe,Survival
4104,Food,Snack_Bar,10,98.4,96.7,118.5,26,3901.0,3.8,1,22,High,Critical,Lifestyle
704,Transport,Pharmacy,9,44.7,94.9,65.8,8,3965.0,22.1,1,22,High,Safe,Leakage
1821,Other,Pharmacy,1,25.1,34.1,148.8,22,1937.0,27.5,0,17,Low,Safe,Lifestyle
2672,Transport,Pharmacy,1,54.5,29.0,41.9,1,1021.0,12.7,1,21,Low,Safe,Survival
2746,Food,Stationery,1,66.6,19.2,47.0,13,3687.0,8.6,1,17,Low,Warning,Survival
1587,Study,Pharmacy,7,34.9,119.4,17.2,1,3277.0,20.3,0,9,High,Safe,Lifestyle
3194,Entertainment,Stationery,4,72.9,38.0,141.7,10,2289.0,7.4,1,14,Low,Warning,Lifestyle
4016,Other,Stationery,7,97.6,51.3,73.8,28,1779.0,11.5,0,20,Medium,Safe,Survival
917,Transport,Pharmacy,5,90.2,43.7,104.5,5,2069.0,26.9,1,10,Low,Safe,Survival
3684,Food,Pharmacy,7,32.7,59.6,106.2,23,3657.0,17.7,0,16,Medium,Safe,Survival
4634,Food,Snack_Bar,10,36.0,95.7,132.4,20,1146.0,2.8,0,6,High,Critical,Lifestyle
858,Entertainment,Snack_Bar,7,40.3,114.5,103.1,30,3324.0,9.9,1,21,High,Warning,Lifestyle
4208,Food,Stationery,4,42.5,31.9,88.7,13,564.0,18.8,0,18,Low,Safe,Survival
4724,Food,Snack_Bar,2,14.5,92.4,109.4,26,3722.0,14.4,1,21,High,Safe,Lifestyle
4434,Entertainment,Stationery,8,77.4,52.3,115.1,5,2251.0,19.8,1,21,Medium,Safe,Lifestyle
3964,Other,Canteen,2,39.7,127.7,36.0,10,1294.0,22.8,1,8,High,Safe,Lifestyle
3189,Study,Stationery,9,88.6,45.9,25.4,3,510.0,14.4,1,16,Low,Safe,Survival
4837,Study,Stationery,5,93.1,10.9,20.5,2,2458.0,29.6,0,18,Low,Safe,Survival
2304,Transport,Snack_Bar,9,7.3,71.9,62.4,2,1356.0,27.4,0,7,Medium,Safe,Survival
1455,Other,Canteen,9,98.9,28.1,79.7,30,2709.0,1.8,0,8,Low,Critical,Survival
2682,Transport,Bookshop,8,72.5,15.3,96.2,5,1484.0,8.0,0,6,Low,Warning,Survival
583,Study,Bookshop,8,54.4,93.8,144.1,4,808.0,9.0,0,6,High,Warning,Leakage
2807,Entertainment,Bookshop,4,42.0,97.9,56.3,2,2268.0,5.5,1,20,High,Warning,Lifestyle
393,Food,Canteen,4,54.3,65.3,116.5,21,2476.0,9.4,0,8,Medium,Warning,Lifestyle
4007,Study,Pharmacy,2,35.8,91.2,84.4,26,2084.0,12.7,0,9,High,Safe,Lifestyle
3919,Other,Canteen,4,64.2,74.6,40.8,9,2103.0,1.5,0,17,Medium,Critical,Survival
2781,Study,Snack_Bar,4,13.8,85.6,96.1,24,2564.0,3.8,0,17,High,Critical,Lifestyle
2765,Other,Stationery,6,64.0,81.6,145.4,9,2342.0,2.9,0,19,Medium,Critical,Lifestyle
2963,Other,Stationery,3,31.2,89.9,27.4,9,964.0,1.4,1,16,High,Critical,Lifestyle
2998,Other,Snack_Bar,2,6.7,34.0,81.0,24,1190.0,14.4,0,11,Low,Safe,Survival
2539,Transport,Snack_Bar,8,57.5,42.2,17.2,25,996.0,10.0,1,19,Low,Warning,Survival
3606,Entertainment,Stationery,2,60.0,62.8,55.0,4,2927.0,28.1,1,7,Medium,Safe,Survival
931,Study,Pharmacy,8,45.5,63.5,96.9,8,2350.0,3.1,0,8,Medium,Critical,Survival
3072,Entertainment,Pharmacy,7,11.9,102.9,127.7,30,2004.0,27.8,1,13,High,Safe,Lifestyle
3320,Food,Pharmacy,3,89.9,54.1,112.2,18,3294.0,2.6,0,7,Medium,Critical,Survival
4980,Study,Snack_Bar,6,63.1,29.5,74.8,9,1640.0,18.6,0,21,Low,Safe,Survival
4377,Entertainment,Stationery,6,16.0,40.2,137.3,29,2488.0,7.4,0,19,Low,Warning,Lifestyle
2804,Entertainment,Stationery,10,53.5,35.8,52.4,25,760.0,24.8,0,9,Low,Safe,Survival
2582,Food,Stationery,5,52.2,97.8,115.6,27,3105.0,1.8,0,11,High,Critical,Lifestyle
731,Other,Canteen,8,10.7,66.4,76.4,3,2933.0,28.6,0,17,Medium,Safe,Leakage
4516,Study,Canteen,11,62.7,95.0,135.8,6,3308.0,1.4,1,15,High,Critical,Lifestyle
834,Study,Bookshop,5,81.8,59.9,121.6,28,3596.0,7.2,0,14,Medium,Warning,Lifestyle
1969,Food,Canteen,7,76.2,116.8,136.2,23,3153.0,13.9,1,8,High,Safe,Lifestyle
4004,Other,Pharmacy,6,24.3,128.0,40.0,19,3456.0,22.7,1,6,High,Safe,Lifestyle
2570,Study,Pharmacy,11,86.9,90.4,103.5,5,1710.0,28.5,0,19,High,Safe,Lifestyle
202,Study,Pharmacy,7,37.5,113.7,113.4,17,1702.0,12.8,1,13,High,Safe,Leakage
405,Study,Pharmacy,9,94.9,71.0,113.9,27,3805.0,22.7,1,17,Medium,Safe,Leakage
4335,Other,Bookshop,3,11.8,122.2,80.6,19,3701.0,21.8,1,17,High,Safe,Lifestyle
2821,Food,Pharmacy,10,51.2,109.8,11.6,28,2420.0,17.1,1,15,High,Safe,Lifestyle
4939,Study,Snack_Bar,7,61.7,129.0,46.6,24,1783.0,20.7,0,9,High,Safe,Lifestyle
3090,Entertainment,Snack_Bar,10,28.5,84.8,55.3,3,3531.0,1.1,0,10,Medium,Critical,Survival
3393,Other,Snack_Bar,3,78.3,103.5,129.3,8,1632.0,13.2,1,13,High,Safe,Lifestyle
2866,Transport,Canteen,2,64.6,75.1,127.7,9,1038.0,23.6,0,11,Medium,Safe,Lifestyle
3506,Food,Stationery,7,6.7,41.1,24.7,22,2738.0,14.2,0,21,Low,Safe,Survival
1097,Entertainment,Bookshop,4,62.8,52.6,143.0,23,649.0,26.2,1,14,Medium,Safe,Lifestyle
1285,Study,Snack_Bar,1,51.7,117.3,35.5,22,1827.0,25.0,1,16,High,Safe,Lifestyle
1479,Transport,Snack_Bar,6,23.6,16.7,68.0,8,3327.0,25.9,0,8,Low,Safe,Survival
870,Food,Pharmacy,11,99.6,81.0,40.1,14,1533.0,3.9,0,19,Medium,Critical,Survival
1705,Other,Snack_Bar,6,90.2,54.7,130.4,23,3760.0,7.3,1,10,Medium,Warning,Lifestyle
3775,Transport,Pharmacy,6,32.8,56.4,114.9,10,3845.0,0.9,0,11,Medium,Critical,Survival
2155,Transport,Pharmacy,2,56.4,116.1,59.5,17,3355.0,29.5,1,6,High,Safe,Lifestyle
449,Entertainment,Stationery,1,35.1,112.5,105.5,3,3957.0,7.1,0,18,High,Warning,Lifestyle
2092,Food,Canteen,3,78.7,81.9,35.8,3,2358.0,11.0,1,14,Medium,Safe,Survival
3639,Entertainment,Pharmacy,2,93.4,42.8,63.5,3,2492.0,8.2,1,8,Low,Warning,Survival
2053,Entertainment,Pharmacy,6,39.1,67.1,62.8,4,3427.0,1.2,1,11,Medium,Critical,Survival
3054,Study,Stationery,6,81.5,59.0,43.3,29,2225.0,7.8,0,13,Medium,Warning,Survival
1703,Other,Pharmacy,5,52.3,52.4,132.7,17,1924.0,2.9,0,9,Medium,Critical,Lifestyle
3585,Transport,Bookshop,10,42.7,22.3,105.0,14,2652.0,11.8,1,11,Low,Safe,Survival
3771,Food,Canteen,10,94.2,75.2,49.2,27,2802.0,29.0,1,17,Medium,Safe,Survival
3992,Other,Bookshop,5,53.5,46.2,43.9,2,3128.0,20.9,0,17,Low,Safe,Survival
3626,Other,Snack_Bar,9,49.4,89.3,12.5,12,2839.0,21.2,0,12,High,Safe,Lifestyle
243,Food,Canteen,5,68.9,48.3,58.5,5,3110.0,13.6,1,21,Low,Safe,Leakage
3812,Other,Snack_Bar,10,29.8,61.7,83.7,27,2861.0,24.3,0,12,Medium,Safe,Survival
2818,Study,Pharmacy,6,35.9,16.3,48.9,22,2182.0,27.2,1,8,Low,Safe,Survival
4878,Other,Stationery,11,93.5,129.1,108.1,25,972.0,28.8,1,18,High,Safe,Lifestyle
3363,Study,Bookshop,4,69.5,70.9,67.6,2,3249.0,3.0,1,14,Medium,Critical,Survival
1488,Transport,Snack_Bar,10,83.5,12.9,54.3,30,608.0,26.4,0,16,Low,Safe,Survival
3142,Transport,Pharmacy,1,30.8,74.9,141.5,12,3974.0,6.8,0,12,Medium,Warning,Lifestyle
419,Entertainment,Bookshop,4,56.7,114.4,46.8,9,3400.0,11.9,1,20,High,Safe,Lifestyle
2125,Study,Bookshop,2,97.3,102.7,65.8,23,2848.0,10.4,0,6,High,Safe,Lifestyle
3172,Transport,Snack_Bar,10,35.3,94.1,63.5,9,3883.0,20.3,0,7,High,Safe,Lifestyle
3713,Other,Pharmacy,3,20.2,26.7,43.8,20,2644.0,17.9,1,6,Low,Safe,Survival
2648,Food,Stationery,7,53.5,88.9,40.4,23,698.0,3.3,0,20,High,Critical,Lifestyle
3671,Food,Snack_Bar,7,41.8,102.0,52.3,1,2458.0,23.5,1,9,High,Safe,Lifestyle
2974,Study,Bookshop,1,20.2,78.7,131.0,24,1470.0,13.2,1,9,Medium,Safe,Lifestyle
1190,Entertainment,Bookshop,8,89.4,117.1,117.4,7,1793.0,0.1,1,19,High,Critical,Lifestyle
3146,Other,Canteen,7,99.1,43.2,105.3,23,2109.0,12.4,1,10,Low,Safe,Survival
2012,Study,Pharmacy,1,59.0,39.1,74.0,18,3211.0,15.5,0,6,Low,Safe,Survival
1003,Food,Canteen,8,78.6,114.3,81.1,10,2260.0,2.1,0,20,High,Critical,Lifestyle
689,Study,Stationery,2,86.6,85.0,47.4,15,2161.0,4.5,1,12,Medium,Warning,Survival
3756,Other,Snack_Bar,8,71.6,10.2,20.4,9,1557.0,29.8,0,21,Low,Safe,Survival
1693,Transport,Bookshop,3,9.2,52.4,56.3,11,2390.0,26.1,0,19,Medium,Safe,Survival
3845,Other,Pharmacy,10,20.0,112.9,79.4,24,1369.0,4.0,1,20,High,Critical,Lifestyle
3091,Transport,Bookshop,7,11.7,13.3,18.0,1,1413.0,17.4,1,20,Low,Safe,Survival
1905,Transport,Canteen,6,5.9,10.4,22.4,11,3150.0,11.4,0,6,Low,Safe,Survival
3716,Transport,Canteen,5,34.1,43.8,46.8,1,1699.0,16.3,0,12,Low,Safe,Survival
3540,Study,Snack_Bar,11,42.3,119.7,61.4,30,680.0,14.1,1,20,High,Safe,Lifestyle
253,Food,Pharmacy,10,27.9,118.2,65.1,5,1703.0,1.4,1,18,High,Critical,Leakage
2775,Study,Pharmacy,11,11.1,72.3,26.5,18,2735.0,9.5,1,9,Medium,Warning,Survival
3791,Food,Snack_Bar,2,55.3,76.4,41.6,1,3349.0,3.8,0,9,Medium,Critical,Survival
815,Other,Canteen,2,31.0,49.8,46.6,10,3867.0,14.7,0,21,Low,Safe,Survival
1154,Entertainment,Canteen,1,80.6,39.2,19.5,28,3112.0,27.2,1,19,Low,Safe,Survival
2633,Other,Canteen,9,5.8,107.8,55.7,13,2001.0,29.9,0,19,High,Safe,Lifestyle
1829,Study,Bookshop,11,85.0,22.8,20.1,27,1547.0,28.3,0,12,Low,Safe,Survival
2981,Study,Stationery,8,95.7,68.5,108.5,8,954.0,29.6,0,18,Medium,Safe,Survival
849,Food,Canteen,8,73.0,86.1,64.0,28,2697.0,0.5,0,19,High,Critical,Lifestyle
2547,Study,Stationery,1,74.7,22.4,55.7,13,2285.0,21.9,1,15,Low,Safe,Survival
4690,Transport,Stationery,5,93.7,72.4,27.7,20,2872.0,8.2,0,18,Medium,Warning,Survival
3478,Study,Pharmacy,6,24.9,79.3,41.7,2,1330.0,26.0,0,11,Medium,Safe,Survival
2840,Food,Snack_Bar,2,99.5,99.1,42.6,30,1633.0,24.4,1,16,High,Safe,Lifestyle
4001,Food,Bookshop,10,78.5,38.2,147.9,21,1522.0,12.7,1,11,Low,Safe,Lifestyle
2761,Transport,Stationery,5,74.0,45.2,126.9,12,3292.0,14.2,1,16,Low,Safe,Lifestyle
3449,Food,Bookshop,6,39.3,78.3,12.1,27,1099.0,8.0,1,22,Medium,Warning,Survival
570,Entertainment,Pharmacy,9,56.8,128.0,96.4,29,2630.0,8.7,1,8,High,Warning,Leakage
1057,Other,Canteen,10,67.1,36.1,45.8,13,680.0,29.4,0,6,Low,Safe,Survival
4953,Study,Stationery,1,63.9,128.3,24.6,28,2423.0,26.7,0,21,High,Safe,Lifestyle
583,Entertainment,Snack_Bar,10,72.0,95.7,108.8,22,724.0,5.8,0,17,High,Warning,Leakage
4077,Study,Pharmacy,3,12.8,109.1,28.4,8,1116.0,8.3,1,19,High,Warning,Lifestyle
2752,Entertainment,Bookshop,9,38.8,20.8,72.1,15,896.0,3.3,1,8,Low,Critical,Survival
4534,Study,Canteen,1,46.2,46.1,98.5,7,1714.0,29.7,0,13,Low,Safe,Survival
4490,Transport,Bookshop,1,29.8,16.9,87.6,7,1703.0,27.2,1,21,Low,Safe,Survival
2925,Food,Snack_Bar,1,21.4,54.6,146.9,17,3392.0,16.6,1,20,Medium,Safe,Lifestyle
4234,Food,Stationery,7,18.2,127.8,120.0,19,1290.0,20.8,0,7,High,Safe,Lifestyle
3493,Transport,Snack_Bar,5,39.8,22.6,118.4,3,802.0,22.4,0,21,Low,Safe,Lifestyle
4451,Entertainment,Bookshop,6,51.9,77.5,59.8,7,2612.0,6.1,0,15,Medium,Warning,Survival
4188,Other,Bookshop,8,11.0,10.7,11.2,12,2906.0,28.0,1,16,Low,Safe,Survival
1122,Entertainment,Snack_Bar,2,94.9,95.5,112.8,14,1532.0,15.8,0,15,High,Safe,Lifestyle
3115,Food,Snack_Bar,2,77.7,33.7,150.0,2,2610.0,2.8,1,22,Low,Critical,Lifestyle
3150,Other,Snack_Bar,3,74.4,25.6,66.8,26,3216.0,11.9,0,6,Low,Safe,Survival
3246,Study,Canteen,3,21.4,50.4,148.0,7,1716.0,18.0,0,12,Medium,Safe,Lifestyle
1174,Other,Bookshop,3,62.4,102.5,29.8,16,2339.0,10.6,0,21,High,Safe,Lifestyle
1430,Entertainment,Pharmacy,4,55.3,22.8,51.5,9,1013.0,21.0,0,16,Low,Safe,Survival
2635,Transport,Canteen,3,98.3,37.6,33.9,1,583.0,26.5,0,6,Low,Safe,Survival
2014,Study,Canteen,2,76.0,11.0,76.5,12,3935.0,23.2,0,7,Low,Safe,Survival
3134,Entertainment,Canteen,9,59.7,126.2,121.6,30,1549.0,19.3,1,7,High,Safe,Lifestyle
1563,Study,Pharmacy,6,85.8,81.1,57.7,2,1476.0,15.4,1,11,Medium,Safe,Survival
4140,Other,Snack_Bar,3,19.7,96.4,136.9,27,3906.0,7.6,1,13,High,Warning,Lifestyle
403,Food,Bookshop,9,6.4,88.2,86.3,22,3049.0,13.6,1,19,High,Safe,Leakage
360,Entertainment,Stationery,4,70.6,27.3,75.2,18,2549.0,8.8,1,13,Low,Warning,Survival
4687,Transport,Stationery,4,14.3,81.4,120.2,14,2948.0,28.0,1,22,Medium,Safe,Lifestyle
968,Other,Bookshop,8,16.0,25.8,24.2,12,2985.0,27.2,1,10,Low,Safe,Survival
3948,Entertainment,Pharmacy,7,75.7,58.1,118.3,18,3172.0,4.7,0,8,Medium,Warning,Lifestyle
2781,Transport,Stationery,7,30.7,78.3,44.0,5,735.0,24.7,0,15,Medium,Safe,Survival
1293,Entertainment,Canteen,10,64.7,77.1,49.3,7,1945.0,21.1,1,9,Medium,Safe,Survival
4700,Other,Stationery,7,92.2,24.3,93.9,4,1533.0,29.3,1,15,Low,Safe,Survival
807,Entertainment,Bookshop,10,35.1,14.1,136.3,13,747.0,13.9,0,18,Low,Safe,Lifestyle
1740,Study,Canteen,11,25.6,105.8,91.0,16,1944.0,21.7,1,22,High,Safe,Lifestyle
3075,Other,Stationery,5,15.1,97.1,100.9,22,2657.0,15.5,1,19,High,Safe,Lifestyle
3391,Entertainment,Bookshop,7,17.4,19.8,118.7,28,1125.0,2.1,0,13,Low,Critical,Lifestyle
2037,Food,Pharmacy,4,10.9,25.3,46.3,16,1568.0,1.4,0,21,Low,Critical,Survival
889,Entertainment,Bookshop,8,13.3,117.1,125.8,19,2737.0,3.7,1,16,High,Critical,Lifestyle
3959,Study,Pharmacy,9,46.0,102.3,68.5,4,2528.0,8.9,1,22,High,Warning,Lifestyle
3149,Transport,Canteen,3,35.5,129.5,34.6,20,3541.0,7.8,0,19,High,Warning,Lifestyle
2303,Transport,Bookshop,7,72.1,40.5,59.0,20,3269.0,21.8,0,22,Low,Safe,Survival
565,Transport,Snack_Bar,10,87.7,68.5,44.5,28,3880.0,21.5,1,13,Medium,Safe,Leakage
3775,Food,Snack_Bar,9,79.6,38.4,42.0,1,2590.0,29.1,0,20,Low,Safe,Survival
4750,Study,Snack_Bar,1,55.4,84.7,49.6,13,2945.0,9.3,1,22,Medium,Warning,Survival
4399,Other,Snack_Bar,2,14.7,23.8,35.3,20,3512.0,28.2,1,16,Low,Safe,Survival
4372,Transport,Snack_Bar,7,72.4,25.3,103.5,20,3440.0,18.4,0,11,Low,Safe,Survival
4525,Study,Pharmacy,2,39.5,18.6,91.2,22,3016.0,14.9,0,21,Low,Safe,Survival
2578,Entertainment,Bookshop,7,13.1,93.2,100.8,9,2251.0,20.0,1,17,High,Safe,Lifestyle
1405,Food,Canteen,1,85.0,69.3,58.1,10,1456.0,21.1,0,20,Medium,Safe,Survival
4039,Study,Snack_Bar,3,37.1,84.1,117.8,6,3570.0,5.2,1,16,Medium,Warning,Lifestyle
2935,Study,Snack_Bar,5,25.7,115.5,28.1,22,3218.0,22.6,0,12,High,Safe,Lifestyle
3547,Other,Canteen,11,87.8,98.8,90.0,7,3433.0,21.8,0,15,High,Safe,Lifestyle
1875,Study,Canteen,6,90.7,65.4,48.6,23,993.0,29.9,1,10,Medium,Safe,Survival
498,Other,Snack_Bar,9,37.2,128.1,83.9,16,1602.0,27.4,1,22,High,Safe,Leakage
1156,Food,Pharmacy,9,38.7,64.8,55.3,17,1987.0,20.5,1,9,Medium,Safe,Survival
1314,Food,Canteen,3,60.1,23.5,120.7,24,3434.0,21.4,1,6,Low,Safe,Lifestyle
2705,Entertainment,Bookshop,8,74.7,129.1,134.8,1,3625.0,28.4,0,19,High,Safe,Lifestyle
1674,Other,Bookshop,4,11.0,12.7,114.0,9,1497.0,29.0,1,22,Low,Safe,Survival
4660,Other,Pharmacy,7,61.4,76.0,34.6,30,2903.0,24.8,0,19,Medium,Safe,Survival
4646,Transport,Stationery,6,95.5,47.1,48.5,14,772.0,23.0,1,11,Low,Safe,Survival
3926,Transport,Pharmacy,8,29.9,70.4,138.7,15,1934.0,3.3,0,10,Medium,Critical,Lifestyle
3671,Entertainment,Snack_Bar,6,91.3,77.0,71.2,4,2203.0,24.9,0,8,Medium,Safe,Survival
3028,Food,Stationery,4,95.3,38.8,141.8,25,3180.0,7.6,0,20,Low,Warning,Lifestyle
3050,Transport,Snack_Bar,2,30.6,76.8,64.9,8,3622.0,16.9,1,12,Medium,Safe,Survival
2706,Study,Bookshop,7,76.6,100.7,143.2,25,1680.0,12.2,0,16,High,Safe,Lifestyle
3970,Food,Canteen,11,27.7,42.0,139.6,15,2347.0,10.4,1,15,Low,Safe,Lifestyle
3164,Study,Snack_Bar,11,75.1,56.0,102.5,30,2766.0,9.3,1,19,Medium,Warning,Survival
4794,Other,Bookshop,4,80.8,42.2,11.2,22,1650.0,25.7,0,8,Low,Safe,Survival
1149,Food,Pharmacy,9,28.5,108.5,66.0,25,3949.0,23.1,1,19,High,Safe,Lifestyle
4803,Entertainment,Snack_Bar,9,73.0,97.0,137.6,4,3565.0,15.7,0,22,High,Safe,Lifestyle
3050,Other,Bookshop,7,82.1,114.5,133.9,19,1537.0,19.9,0,9,High,Safe,Lifestyle
365,Other,Canteen,5,39.1,30.4,36.2,3,2278.0,29.5,1,11,Low,Safe,Leakage
3686,Study,Snack_Bar,3,20.9,18.8,65.9,8,1308.0,11.9,1,10,Low,Safe,Survival
2709,Other,Bookshop,3,13.7,24.3,127.0,2,2301.0,16.5,1,15,Low,Safe,Lifestyle
1119,Transport,Snack_Bar,9,59.7,29.3,90.9,28,2892.0,16.0,0,12,Low,Safe,Survival
313,Food,Canteen,9,97.9,74.0,128.6,22,799.0,28.1,0,20,Medium,Safe,Leakage
3704,Transport,Snack_Bar,11,83.2,126.5,125.7,25,3545.0,10.5,1,6,High,Safe,Lifestyle
1191,Study,Snack_Bar,4,46.4,52.9,137.0,25,2578.0,29.6,1,9,Medium,Safe,Lifestyle
4039,Study,Bookshop,11,56.0,125.0,26.4,8,3964.0,9.1,0,16,High,Warning,Lifestyle
1458,Food,Stationery,1,31.6,14.6,30.3,8,590.0,3.3,1,15,Low,Critical,Survival
3626,Other,Snack_Bar,10,20.5,121.2,21.6,17,3410.0,5.7,1,18,High,Warning,Lifestyle
714,Entertainment,Stationery,5,50.8,31.7,140.9,16,3272.0,12.8,0,15,Low,Safe,Leakage
3396,Study,Pharmacy,8,49.0,119.5,76.5,16,965.0,19.5,1,14,High,Safe,Lifestyle
4634,Food,Snack_Bar,10,54.6,16.7,19.0,16,1674.0,15.5,0,14,Low,Safe,Survival
2784,Entertainment,Stationery,4,95.5,123.8,55.0,27,3597.0,11.3,0,17,High,Safe,Lifestyle
267,Other,Pharmacy,10,62.4,34.1,59.2,7,2315.0,16.9,1,19,Low,Safe,Leakage
1796,Study,Bookshop,10,62.5,46.3,123.3,30,1904.0,25.2,0,7,Low,Safe,Lifestyle
4678,Food,Snack_Bar,4,17.2,68.9,113.0,15,3669.0,25.2,1,15,Medium,Safe,Survival
218,Food,Bookshop,9,99.7,55.7,106.5,17,827.0,21.8,0,11,Medium,Safe,Leakage
2930,Food,Pharmacy,9,78.4,90.1,13.1,25,2156.0,28.6,0,7,High,Safe,Lifestyle
3721,Study,Bookshop,7,88.3,127.0,137.5,3,2783.0,17.7,1,22,High,Safe,Lifestyle
772,Entertainment,Bookshop,10,44.4,82.8,40.2,1,2630.0,0.2,0,19,Medium,Critical,Leakage
2458,Food,Canteen,8,52.7,96.6,98.1,8,1425.0,8.7,1,16,High,Warning,Lifestyle
3102,Other,Pharmacy,4,54.6,20.6,18.7,7,2472.0,9.8,0,21,Low,Warning,Survival
850,Food,Bookshop,8,23.4,85.3,21.4,18,2980.0,16.4,1,13,High,Safe,Lifestyle
2787,Entertainment,Stationery,6,70.5,64.5,11.3,30,2547.0,27.1,1,8,Medium,Safe,Survival
3462,Study,Pharmacy,3,90.8,116.3,89.2,23,2896.0,25.1,0,9,High,Safe,Lifestyle
1538,Food,Canteen,7,20.6,56.6,98.1,5,1396.0,7.0,0,10,Medium,Warning,Survival
3834,Food,Snack_Bar,3,13.2,91.5,17.1,15,3415.0,15.6,1,9,High,Safe,Lifestyle
3027,Other,Bookshop,11,75.1,37.4,50.7,7,2074.0,19.8,0,12,Low,Safe,Survival
2417,Other,Stationery,7,31.0,41.1,129.2,10,3955.0,29.6,1,11,Low,Safe,Lifestyle
3739,Food,Canteen,5,64.3,55.1,24.2,16,581.0,0.9,1,22,Medium,Critical,Survival
1237,Food,Pharmacy,4,71.1,46.5,40.3,28,1831.0,13.9,0,19,Low,Safe,Survival
4583,Other,Bookshop,3,35.6,40.5,69.4,23,1132.0,29.6,1,10,Low,Safe,Survival
4178,Entertainment,Canteen,8,82.4,16.0,127.9,2,2445.0,29.3,1,20,Low,Safe,Lifestyle
3161,Transport,Canteen,4,57.2,110.4,45.7,18,1351.0,9.9,0,15,High,Warning,Lifestyle
3426,Transport,Stationery,8,87.6,17.7,149.6,15,3081.0,0.0,1,7,Low,Critical,Lifestyle
1298,Food,Snack_Bar,10,77.5,116.5,59.7,23,3587.0,17.6,1,17,High,Safe,Lifestyle
2524,Other,Snack_Bar,3,87.5,25.1,64.1,19,1238.0,26.0,1,16,Low,Safe,Survival
1139,Study,Snack_Bar,10,6.9,17.8,27.1,20,1062.0,9.7,0,12,Low,Warning,Survival
3916,Study,Pharmacy,9,28.1,77.6,105.2,14,3564.0,28.0,0,12,Medium,Safe,Survival
3614,Transport,Canteen,6,13.6,70.3,44.1,23,1764.0,10.0,0,12,Medium,Warning,Survival
1648,Entertainment,Pharmacy,5,47.0,68.9,98.0,30,2021.0,18.3,0,19,Medium,Safe,Survival
770,Transport,Canteen,5,89.5,78.9,41.2,2,1273.0,21.7,1,17,Medium,Safe,Leakage
3104,Food,Stationery,3,49.4,44.4,64.3,29,1989.0,10.4,1,15,Low,Safe,Survival
2705,Entertainment,Stationery,2,85.7,89.6,129.9,18,1310.0,10.6,1,10,High,Safe,Lifestyle
1117,Study,Pharmacy,6,36.1,70.3,113.4,9,2831.0,14.1,1,12,Medium,Safe,Survival
2074,Other,Pharmacy,11,37.3,50.2,31.6,27,2246.0,25.1,0,11,Medium,Safe,Survival
1878,Other,Stationery,1,90.1,109.2,95.1,1,3258.0,3.0,1,7,High,Critical,Lifestyle
815,Food,Bookshop,7,45.5,97.3,98.0,16,1595.0,18.9,1,18,High,Safe,Lifestyle
4701,Transport,Snack_Bar,5,80.0,57.2,22.7,12,2270.0,20.3,0,21,Medium,Safe,Survival
1949,Food,Snack_Bar,4,27.5,111.7,75.2,12,1408.0,16.7,0,13,High,Safe,Lifestyle
4025,Other,Stationery,9,95.1,120.4,46.5,19,3771.0,28.1,1,18,High,Safe,Lifestyle
4388,Study,Snack_Bar,10,59.6,74.4,75.4,10,2327.0,18.1,1,19,Medium,Safe,Survival
2677,Other,Bookshop,1,77.1,35.8,118.8,20,1107.0,19.0,1,10,Low,Safe,Lifestyle
4949,Entertainment,Bookshop,11,13.5,119.9,32.2,5,1455.0,18.0,1,8,High,Safe,Lifestyle
3705,Other,Canteen,4,51.8,32.7,27.3,3,790.0,21.7,0,19,Low,Safe,Survival
3675,Other,Pharmacy,3,90.6,15.8,47.7,9,597.0,4.1,0,18,Low,Warning,Survival
4729,Entertainment,Snack_Bar,6,88.3,49.3,143.3,21,2341.0,26.8,1,22,Low,Safe,Lifestyle
1335,Transport,Bookshop,5,9.4,97.2,114.7,23,1680.0,1.3,0,14,High,Critical,Lifestyle
4200,Other,Pharmacy,7,33.9,120.8,12.7,15,3873.0,19.2,1,12,High,Safe,Lifestyle
574,Food,Pharmacy,1,47.1,86.5,66.1,14,1100.0,18.5,1,16,High,Safe,Lifestyle
406,Other,Canteen,5,21.4,124.2,46.0,11,3279.0,6.2,1,21,High,Warning,Leakage
1519,Food,Pharmacy,2,74.3,21.1,99.3,13,1606.0,1.2,1,12,Low,Critical,Survival
1341,Entertainment,Pharmacy,2,22.5,17.3,74.3,7,1282.0,4.2,0,9,Low,Warning,Survival
4827,Other,Stationery,11,37.9,82.5,145.0,27,3894.0,8.2,1,16,Medium,Warning,Lifestyle
2890,Entertainment,Canteen,11,68.0,125.9,40.7,25,3309.0,26.5,0,18,High,Safe,Lifestyle
3455,Entertainment,Canteen,2,50.8,70.3,92.3,2,2707.0,25.7,1,11,Medium,Safe,Survival
289,Transport,Snack_Bar,9,75.2,16.2,108.0,3,2940.0,1.9,0,18,Low,Critical,Leakage
4308,Other,Pharmacy,10,96.3,36.5,125.6,20,3970.0,8.7,1,7,Low,Warning,Lifestyle
3220,Food,Snack_Bar,3,16.1,39.4,67.0,8,2576.0,26.7,0,19,Low,Safe,Survival
2057,Food,Bookshop,4,72.4,50.5,106.2,1,857.0,7.1,1,18,Medium,Warning,Survival
1004,Other,Pharmacy,5,26.9,15.2,52.4,25,727.0,29.9,1,10,Low,Safe,Survival
1144,Transport,Bookshop,4,44.4,118.6,71.0,21,2833.0,7.7,1,8,High,Warning,Lifestyle
2989,Transport,Stationery,4,8.1,71.9,135.4,4,2802.0,22.2,0,9,Medium,Safe,Lifestyle
4075,Transport,Pharmacy,5,17.9,90.5,143.0,13,3119.0,12.5,0,19,High,Safe,Lifestyle
1810,Food,Snack_Bar,10,35.4,18.1,110.6,24,881.0,4.1,0,16,Low,Warning,Survival
3123,Entertainment,Snack_Bar,9,37.5,16.5,62.4,14,3807.0,7.7,1,7,Low,Warning,Survival
4082,Transport,Pharmacy,9,90.5,80.4,124.8,9,2429.0,20.3,1,7,Medium,Safe,Lifestyle
3421,Food,Snack_Bar,6,75.5,116.5,13.6,3,2773.0,10.1,0,8,High,Safe,Lifestyle
4591,Food,Pharmacy,11,97.4,73.4,24.4,14,622.0,18.1,1,21,Medium,Safe,Survival
4935,Entertainment,Canteen,3,61.9,115.3,102.6,4,3863.0,6.2,1,6,High,Warning,Lifestyle
2587,Other,Snack_Bar,6,28.0,107.3,50.8,17,2469.0,13.5,0,15,High,Safe,Lifestyle
4923,Other,Pharmacy,10,36.1,19.1,143.2,15,2472.0,15.4,0,11,Low,Safe,Lifestyle
1141,Transport,Pharmacy,4,35.4,34.2,71.0,12,3802.0,12.4,1,22,Low,Safe,Survival
2766,Transport,Snack_Bar,3,36.0,88.9,70.1,14,3753.0,5.9,0,17,High,Warning,Lifestyle
1175,Entertainment,Canteen,6,68.9,63.2,104.9,19,1271.0,13.8,1,21,Medium,Safe,Survival
1154,Transport,Snack_Bar,11,55.4,44.9,117.5,10,3759.0,20.8,1,7,Low,Safe,Lifestyle
1462,Entertainment,Pharmacy,6,41.6,60.2,76.6,5,3078.0,28.9,1,20,Medium,Safe,Survival
1143,Food,Canteen,2,19.2,63.4,40.0,29,566.0,23.7,0,6,Medium,Safe,Survival
2402,Transport,Bookshop,9,7.1,119.3,118.3,24,1339.0,4.8,1,11,High,Warning,Lifestyle
3527,Food,Stationery,8,25.8,22.4,54.8,30,1945.0,8.2,0,8,Low,Warning,Survival
4474,Study,Snack_Bar,6,15.2,43.6,34.5,17,2540.0,2.4,0,10,Low,Critical,Survival
2459,Entertainment,Pharmacy,1,79.6,74.5,98.4,17,2955.0,4.1,0,8,Medium,Warning,Survival
2028,Study,Canteen,2,15.7,93.8,22.7,3,1236.0,7.5,1,12,High,Warning,Lifestyle
1457,Transport,Canteen,4,73.8,85.7,146.0,16,3428.0,6.0,0,12,High,Warning,Lifestyle
664,Food,Bookshop,7,41.6,123.0,98.5,25,3460.0,6.4,1,6,High,Warning,Leakage
3494,Transport,Snack_Bar,9,12.0,105.5,148.0,9,2722.0,6.9,1,18,High,Warning,Lifestyle
1430,Study,Canteen,10,82.2,76.8,57.4,17,3724.0,9.0,0,18,Medium,Warning,Survival
2854,Transport,Bookshop,5,60.1,35.8,146.0,20,3345.0,3.8,0,20,Low,Critical,Lifestyle
1084,Other,Pharmacy,10,27.4,64.1,30.4,12,1276.0,8.3,0,12,Medium,Warning,Survival
4005,Study,Bookshop,2,90.0,93.2,15.7,24,3295.0,20.7,1,22,High,Safe,Lifestyle
4056,Transport,Snack_Bar,11,9.3,110.6,14.6,2,3836.0,7.1,1,15,High,Warning,Lifestyle
3335,Food,Bookshop,11,24.2,125.2,75.1,20,982.0,5.2,0,13,High,Warning,Lifestyle
1124,Transport,Canteen,11,76.4,82.7,21.6,16,3925.0,2.0,1,13,Medium,Critical,Survival
4789,Food,Canteen,1,72.4,73.2,81.7,23,587.0,15.0,0,14,Medium,Safe,Survival
1746,Other,Stationery,10,32.5,12.1,55.9,23,2328.0,25.3,1,18,Low,Safe,Survival
1294,Transport,Bookshop,1,10.9,18.7,57.0,21,3209.0,1.8,1,18,Low,Critical,Survival
2611,Other,Pharmacy,5,86.5,28.7,99.0,23,3267.0,16.3,0,7,Low,Safe,Survival
2817,Study,Snack_Bar,7,34.8,16.6,32.8,6,3071.0,19.5,0,12,Low,Safe,Survival
962,Food,Stationery,9,23.6,58.1,117.3,2,2353.0,17.8,1,12,Medium,Safe,Lifestyle
2523,Study,Bookshop,9,54.0,50.4,91.5,9,2778.0,26.3,1,6,Medium,Safe,Survival
4345,Food,Pharmacy,8,91.5,86.5,138.1,5,2950.0,26.0,0,19,High,Safe,Lifestyle
2975,Other,Stationery,1,9.1,74.3,61.1,18,2231.0,1.7,1,11,Medium,Critical,Survival
4859,Entertainment,Canteen,5,77.8,81.5,147.6,22,2585.0,10.8,0,18,Medium,Safe,Lifestyle
3355,Transport,Snack_Bar,6,59.4,66.6,90.6,26,3462.0,20.1,0,6,Medium,Safe,Survival
4170,Other,Bookshop,6,45.4,43.3,146.3,21,1595.0,28.6,1,8,Low,Safe,Lifestyle
2240,Food,Pharmacy,4,75.7,124.3,13.8,18,2331.0,24.1,0,20,High,Safe,Lifestyle
783,Food,Canteen,1,96.8,20.4,111.9,29,530.0,5.3,0,15,Low,Warning,Survival
4531,Food,Stationery,3,26.8,122.7,124.3,10,2906.0,8.4,0,20,High,Warning,Lifestyle
2303,Food,Snack_Bar,10,18.6,47.3,17.4,10,1184.0,22.9,0,13,Low,Safe,Survival
2142,Transport,Stationery,4,91.7,71.5,91.1,23,2184.0,14.1,0,10,Medium,Safe,Survival
4655,Study,Stationery,4,68.6,23.1,122.3,10,1236.0,16.4,0,14,Low,Safe,Lifestyle
309,Entertainment,Pharmacy,4,46.6,18.5,88.5,29,582.0,18.3,1,6,Low,Safe,Survival
391,Transport,Canteen,5,59.5,61.5,18.9,18,2191.0,3.1,0,13,Medium,Critical,Leakage
1103,Food,Bookshop,11,75.8,99.0,107.1,16,1987.0,25.7,0,10,High,Safe,Lifestyle
1061,Transport,Pharmacy,9,78.4,42.3,18.5,23,1988.0,25.9,0,14,Low,Safe,Survival
1283,Other,Snack_Bar,4,92.4,77.5,124.4,30,1231.0,14.0,1,6,Medium,Safe,Lifestyle
849,Food,Stationery,9,45.6,43.4,16.0,6,3815.0,18.8,0,19,Low,Safe,Survival
4334,Entertainment,Snack_Bar,9,32.9,56.6,29.2,12,512.0,19.8,1,19,Medium,Safe,Survival
3811,Food,Pharmacy,1,65.8,118.8,48.5,28,3620.0,5.7,0,9,High,Warning,Lifestyle
836,Entertainment,Pharmacy,5,44.5,112.7,98.7,4,3079.0,3.4,0,12,High,Critical,Lifestyle
1236,Entertainment,Bookshop,9,61.5,71.9,146.7,20,1102.0,0.6,1,16,Medium,Critical,Lifestyle
4331,Study,Stationery,4,44.9,38.6,26.5,16,2153.0,27.4,0,7,Low,Safe,Survival
2348,Study,Pharmacy,5,19.5,33.2,30.0,28,3961.0,10.4,0,15,Low,Safe,Survival
4065,Transport,Snack_Bar,4,49.6,124.5,61.6,22,2753.0,2.6,1,6,High,Critical,Lifestyle
3357,Transport,Bookshop,2,70.6,34.3,127.1,25,946.0,14.0,0,19,Low,Safe,Lifestyle
3787,Entertainment,Snack_Bar,10,80.9,107.0,75.4,26,2102.0,2.3,0,15,High,Critical,Lifestyle
3494,Food,Stationery,2,51.9,54.3,55.0,22,2139.0,2.6,0,12,Medium,Critical,Survival
4461,Other,Bookshop,2,20.7,128.3,88.6,22,3308.0,14.7,0,9,High,Safe,Lifestyle
2630,Other,Bookshop,1,44.4,54.2,46.5,11,3707.0,15.3,1,19,Medium,Safe,Survival
2079,Food,Bookshop,3,79.7,52.2,66.2,1,788.0,17.4,0,14,Medium,Safe,Survival
4166,Food,Canteen,11,44.2,86.5,56.6,5,1599.0,19.7,0,9,High,Safe,Lifestyle
3913,Study,Bookshop,10,71.2,125.4,122.6,17,1545.0,20.0,0,11,High,Safe,Lifestyle
4326,Other,Snack_Bar,1,53.2,127.1,139.4,11,3986.0,13.0,1,7,High,Safe,Lifestyle
4306,Entertainment,Snack_Bar,4,27.9,94.9,116.3,14,2457.0,19.3,1,6,High,Safe,Lifestyle
2211,Transport,Stationery,1,80.6,100.6,71.5,9,3579.0,9.1,0,22,High,Warning,Lifestyle
3573,Study,Pharmacy,4,13.0,77.6,80.6,10,1991.0,13.2,0,9,Medium,Safe,Survival
2343,Other,Pharmacy,3,54.9,100.7,27.5,4,3030.0,11.8,1,10,High,Safe,Lifestyle
2700,Food,Canteen,9,24.8,113.2,114.6,2,1503.0,9.9,0,18,High,Warning,Lifestyle
4781,Other,Bookshop,1,11.4,68.3,93.5,25,3691.0,7.2,0,16,Medium,Warning,Survival
1489,Entertainment,Canteen,8,52.8,84.4,136.3,6,2093.0,2.4,0,6,Medium,Critical,Lifestyle
1647,Study,Stationery,11,52.5,74.5,38.1,30,3313.0,15.2,0,17,Medium,Safe,Survival
3399,Food,Stationery,9,72.2,77.5,116.4,27,1395.0,16.1,1,18,Medium,Safe,Lifestyle
2143,Entertainment,Pharmacy,7,75.8,116.8,105.9,29,2928.0,10.1,1,9,High,Safe,Lifestyle
3383,Transport,Stationery,1,74.1,52.7,47.2,26,1918.0,29.3,1,17,Medium,Safe,Survival
3416,Study,Bookshop,4,43.9,35.0,103.4,3,610.0,16.7,1,11,Low,Safe,Survival
3336,Entertainment,Snack_Bar,10,65.0,64.8,139.4,13,1946.0,26.7,0,18,Medium,Safe,Lifestyle
3518,Entertainment,Stationery,1,59.8,35.0,138.6,12,2425.0,17.1,0,19,Low,Safe,Lifestyle
2982,Food,Canteen,4,45.0,69.8,110.7,18,1031.0,5.7,1,17,Medium,Warning,Survival
1190,Transport,Bookshop,3,61.7,118.4,16.7,6,1144.0,29.2,1,7,High,Safe,Lifestyle
2353,Entertainment,Stationery,2,95.0,84.1,132.1,10,2127.0,26.6,0,17,Medium,Safe,Lifestyle
425,Study,Stationery,1,23.3,112.7,102.1,6,1700.0,14.1,0,11,High,Safe,Lifestyle
976,Entertainment,Bookshop,6,91.0,29.9,53.5,30,2043.0,7.3,0,9,Low,Warning,Survival
3037,Other,Stationery,7,10.1,118.1,36.2,28,2113.0,6.7,0,6,High,Warning,Lifestyle
887,Study,Snack_Bar,6,34.3,82.2,26.3,28,990.0,24.2,0,13,Medium,Safe,Survival
729,Study,Pharmacy,9,32.4,13.8,17.0,25,1134.0,2.1,1,13,Low,Critical,Leakage
3642,Entertainment,Bookshop,9,64.5,86.0,115.6,5,3469.0,19.1,0,17,High,Safe,Lifestyle
2353,Food,Canteen,2,17.5,124.2,43.0,27,1070.0,19.2,0,9,High,Safe,Lifestyle
1494,Study,Stationery,2,88.8,19.5,13.4,15,2831.0,5.5,1,21,Low,Warning,Survival
1726,Other,Pharmacy,9,83.7,79.9,65.6,15,1965.0,21.1,0,19,Medium,Safe,Survival
4974,Food,Canteen,1,66.9,119.9,77.6,12,3889.0,21.2,0,19,High,Safe,Lifestyle
3096,Food,Canteen,5,48.5,11.2,33.7,9,731.0,10.5,0,7,Low,Safe,Survival
3303,Food,Snack_Bar,1,93.6,85.7,16.2,13,3406.0,14.5,1,22,High,Safe,Lifestyle
2640,Study,Pharmacy,7,83.9,67.0,36.5,16,2220.0,25.0,0,13,Medium,Safe,Survival
4335,Food,Bookshop,9,52.4,51.6,105.1,21,519.0,15.7,0,12,Medium,Safe,Survival
4002,Entertainment,Pharmacy,6,71.7,85.3,21.5,2,1423.0,18.5,0,18,High,Safe,Lifestyle
1044,Food,Pharmacy,2,58.9,16.3,87.7,17,1927.0,12.4,0,16,Low,Safe,Survival
646,Other,Canteen,6,60.9,100.4,30.5,9,1600.0,4.5,1,15,High,Warning,Leakage
4115,Transport,Snack_Bar,9,36.4,10.5,37.4,26,1769.0,29.9,0,16,Low,Safe,Survival
3309,Other,Snack_Bar,3,48.9,46.8,65.0,23,3708.0,15.9,0,21,Low,Safe,Survival
1434,Study,Pharmacy,9,12.4,70.5,24.1,19,1763.0,10.1,0,13,Medium,Safe,Survival
426,Food,Pharmacy,8,38.9,55.2,34.2,28,1966.0,21.4,0,7,Medium,Safe,Leakage
4343,Food,Stationery,7,71.1,46.9,58.9,6,3164.0,18.6,1,19,Low,Safe,Survival
3159,Entertainment,Canteen,8,95.6,109.7,56.2,26,3278.0,7.0,1,22,High,Warning,Lifestyle
2030,Food,Bookshop,10,96.5,122.2,114.9,4,794.0,26.3,0,22,High,Safe,Lifestyle
3979,Other,Bookshop,6,57.8,114.8,20.5,30,2964.0,2.1,0,16,High,Critical,Lifestyle
386,Study,Snack_Bar,3,62.6,72.7,130.5,25,2189.0,18.2,1,6,Medium,Safe,Lifestyle
3077,Transport,Canteen,7,22.6,116.1,124.3,15,968.0,14.3,1,6,High,Safe,Lifestyle
2735,Food,Snack_Bar,4,71.1,120.5,117.2,18,1426.0,9.5,0,9,High,Warning,Lifestyle
2132,Transport,Bookshop,11,11.7,59.1,53.3,30,658.0,24.8,1,12,Medium,Safe,Survival
3124,Food,Pharmacy,10,32.0,44.0,125.2,27,1761.0,19.7,0,6,Low,Safe,Lifestyle
1048,Study,Canteen,5,68.5,21.8,35.6,12,1394.0,22.8,1,16,Low,Safe,Survival
2232,Other,Canteen,8,34.5,67.5,27.4,12,1837.0,12.4,0,18,Medium,Safe,Survival
1452,Study,Stationery,7,9.7,123.6,16.3,20,2531.0,28.3,1,8,High,Safe,Lifestyle
2081,Transport,Pharmacy,7,84.0,77.3,141.5,17,3063.0,10.3,0,13,Medium,Safe,Lifestyle
469,Food,Pharmacy,8,34.5,90.1,53.1,7,2619.0,15.9,0,17,High,Safe,Leakage
1830,Transport,Snack_Bar,10,11.0,23.5,138.5,30,2874.0,28.0,1,7,Low,Safe,Lifestyle
4605,Other,Canteen,3,12.1,27.2,48.2,20,3530.0,2.5,1,6,Low,Critical,Survival
3403,Study,Snack_Bar,3,28.9,65.7,137.1,5,3558.0,3.3,1,19,Medium,Critical,Lifestyle
1774,Transport,Pharmacy,2,21.9,124.2,136.6,12,3513.0,29.8,0,20,High,Safe,Lifestyle
3092,Transport,Stationery,1,78.6,53.3,139.3,17,1036.0,29.1,1,9,Medium,Safe,Lifestyle
1895,Other,Canteen,10,35.6,115.3,79.5,2,1379.0,23.2,1,12,High,Safe,Lifestyle
3458,Food,Pharmacy,6,81.4,24.4,131.2,28,2258.0,14.5,0,6,Low,Safe,Lifestyle
3462,Transport,Stationery,6,21.5,84.0,143.1,4,1756.0,15.2,0,10,Medium,Safe,Lifestyle
1645,Other,Bookshop,10,51.8,82.1,55.4,2,961.0,7.7,1,19,Medium,Warning,Survival
419,Food,Pharmacy,8,70.4,113.2,68.6,14,1507.0,13.0,0,11,High,Safe,Leakage
252,Food,Bookshop,6,66.9,10.4,110.7,14,3914.0,12.9,1,12,Low,Safe,Leakage
1957,Study,Snack_Bar,6,62.1,32.8,52.1,13,1714.0,1.1,0,17,Low,Critical,Survival
1866,Other,Bookshop,1,92.9,36.4,115.5,17,1966.0,13.6,0,12,Low,Safe,Lifestyle
2985,Food,Pharmacy,7,26.7,124.0,20.3,26,522.0,14.4,1,21,High,Safe,Lifestyle
919,Study,Bookshop,7,51.9,28.4,83.3,17,3018.0,20.0,1,14,Low,Safe,Survival
605,Entertainment,Canteen,10,89.0,14.4,27.1,22,1947.0,15.5,0,12,Low,Safe,Leakage
2494,Other,Pharmacy,9,12.4,74.1,51.1,18,861.0,25.9,1,19,Medium,Safe,Survival
271,Entertainment,Stationery,7,10.3,73.4,46.2,3,3890.0,11.0,1,7,Medium,Safe,Leakage
2253,Food,Bookshop,8,27.2,111.3,127.5,21,3221.0,12.3,1,18,High,Safe,Lifestyle
1429,Other,Canteen,4,65.1,123.9,37.1,16,3042.0,17.1,1,12,High,Safe,Lifestyle
1767,Study,Snack_Bar,9,29.7,74.6,123.2,19,3853.0,6.1,1,7,Medium,Warning,Lifestyle
3882,Food,Snack_Bar,1,23.1,121.6,121.2,6,1926.0,11.8,1,11,High,Safe,Lifestyle
3153,Other,Bookshop,8,48.6,97.0,79.8,23,3015.0,20.6,0,17,High,Safe,Lifestyle
4682,Other,Snack_Bar,3,63.3,41.7,42.7,26,1222.0,12.4,1,7,Low,Safe,Survival
898,Entertainment,Stationery,1,28.6,121.4,41.8,6,2940.0,27.2,1,22,High,Safe,Lifestyle
1026,Food,Pharmacy,2,33.6,90.1,75.1,18,549.0,18.5,1,17,High,Safe,Lifestyle
548,Study,Canteen,6,63.3,59.7,11.2,9,942.0,4.6,1,14,Medium,Warning,Leakage
4108,Study,Bookshop,5,94.8,91.6,84.4,18,1988.0,14.6,0,19,High,Safe,Lifestyle
507,Food,Snack_Bar,3,69.1,58.2,143.4,6,542.0,22.9,0,8,Medium,Safe,Lifestyle
3616,Food,Pharmacy,9,79.4,23.7,31.7,9,2117.0,19.3,1,8,Low,Safe,Survival
2534,Transport,Stationery,8,39.8,96.3,90.3,25,2330.0,26.6,1,21,High,Safe,Lifestyle
3009,Entertainment,Snack_Bar,3,30.9,108.9,144.6,18,2676.0,22.5,0,11,High,Safe,Lifestyle
3758,Food,Snack_Bar,2,48.2,97.5,130.5,25,851.0,1.8,1,13,High,Critical,Lifestyle
4678,Food,Canteen,8,81.7,37.5,129.1,16,1134.0,3.4,1,18,Low,Critical,Lifestyle
3677,Transport,Stationery,5,48.3,124.8,125.1,24,2646.0,19.5,0,13,High,Safe,Lifestyle
4820,Transport,Stationery,9,85.4,13.0,53.3,30,2804.0,7.2,1,13,Low,Warning,Survival
2886,Other,Bookshop,1,98.9,49.9,134.7,23,591.0,17.6,1,12,Low,Safe,Lifestyle
3185,Study,Canteen,10,11.8,41.2,141.8,13,2391.0,23.8,0,10,Low,Safe,Lifestyle
475,Entertainment,Bookshop,3,9.3,15.8,79.4,11,3247.0,17.3,1,6,Low,Safe,Survival
2747,Other,Canteen,5,19.2,58.7,59.6,8,742.0,12.5,1,18,Medium,Safe,Survival
2964,Food,Stationery,2,41.5,84.8,68.0,26,1946.0,19.4,0,13,Medium,Safe,Survival
536,Transport,Canteen,3,17.4,115.9,56.8,24,1643.0,4.3,0,16,High,Warning,Lifestyle
2173,Study,Canteen,4,87.7,128.8,39.7,17,3698.0,21.7,0,12,High,Safe,Lifestyle
3179,Other,Canteen,4,7.2,107.0,96.6,9,1150.0,20.9,1,12,High,Safe,Lifestyle
4776,Study,Pharmacy,11,35.0,66.2,88.8,6,1614.0,15.4,0,21,Medium,Safe,Survival
4168,Transport,Pharmacy,9,22.5,96.8,74.8,1,3645.0,8.4,1,17,High,Warning,Lifestyle
1110,Other,Stationery,1,93.5,111.2,23.4,1,1657.0,23.9,1,16,High,Safe,Lifestyle
2196,Other,Canteen,9,68.6,65.8,121.6,13,2360.0,15.3,0,14,Medium,Safe,Lifestyle
3329,Study,Stationery,9,91.6,104.2,34.5,7,616.0,1.8,1,12,High,Critical,Lifestyle
4404,Transport,Pharmacy,11,97.4,67.9,26.0,10,3947.0,27.6,1,19,Medium,Safe,Survival
3957,Food,Canteen,6,52.2,56.4,97.2,18,3387.0,23.0,0,9,Medium,Safe,Survival
527,Other,Bookshop,11,27.3,73.1,65.8,6,2720.0,17.5,0,8,Medium,Safe,Leakage
1999,Food,Pharmacy,1,23.4,91.1,18.4,13,713.0,13.1,1,14,High,Safe,Lifestyle
514,Transport,Pharmacy,11,26.2,97.2,59.8,5,762.0,28.8,1,10,High,Safe,Leakage
3745,Other,Pharmacy,6,72.3,52.8,118.0,21,2407.0,23.3,1,8,Medium,Safe,Lifestyle
1334,Other,Canteen,8,8.8,78.6,96.1,26,1498.0,16.0,1,6,Medium,Safe,Survival
2946,Food,Snack_Bar,5,9.9,119.2,60.8,15,2680.0,19.6,0,18,High,Safe,Lifestyle
1720,Entertainment,Bookshop,5,62.8,127.2,36.9,12,2594.0,8.4,1,9,High,Warning,Lifestyle
355,Food,Bookshop,1,66.0,37.3,98.5,22,3435.0,5.9,1,14,Low,Warning,Survival
1924,Food,Stationery,1,68.2,33.1,134.3,30,1485.0,8.2,1,12,Low,Warning,Lifestyle
3543,Entertainment,Canteen,8,40.3,91.2,100.5,11,2523.0,8.8,0,20,High,Warning,Lifestyle
1086,Transport,Pharmacy,5,81.6,59.8,123.8,8,3221.0,22.2,0,18,Medium,Safe,Lifestyle
3273,Transport,Snack_Bar,8,55.7,12.9,83.0,5,2218.0,4.2,0,7,Low,Warning,Survival
3005,Other,Canteen,10,15.0,51.6,110.5,8,3407.0,23.3,1,16,Medium,Safe,Survival
921,Study,Canteen,2,80.7,106.8,135.5,5,959.0,15.7,1,9,High,Safe,Lifestyle
1112,Study,Snack_Bar,4,95.5,105.7,118.2,10,3069.0,11.5,1,8,High,Safe,Lifestyle
3557,Other,Pharmacy,11,10.7,69.4,137.4,15,3800.0,9.0,1,7,Medium,Warning,Lifestyle
1070,Study,Canteen,10,42.2,66.7,70.4,6,1662.0,15.4,1,17,Medium,Safe,Survival
4308,Food,Bookshop,9,51.3,79.5,136.6,24,1782.0,9.5,1,9,Medium,Warning,Lifestyle
697,Food,Bookshop,3,18.9,36.3,97.0,18,792.0,12.9,1,19,Low,Safe,Survival
1956,Entertainment,Snack_Bar,6,87.4,73.1,131.8,23,2745.0,22.2,1,21,Medium,Safe,Lifestyle
1317,Entertainment,Pharmacy,11,32.0,11.3,15.5,3,2434.0,18.8,0,9,Low,Safe,Survival
3609,Other,Snack_Bar,7,79.4,67.1,102.1,9,641.0,22.4,0,17,Medium,Safe,Survival
3028,Other,Canteen,3,68.7,50.3,128.7,10,3133.0,21.4,0,17,Medium,Safe,Lifestyle
1847,Other,Bookshop,1,61.8,91.0,34.4,7,3402.0,24.5,1,20,High,Safe,Lifestyle
3183,Food,Stationery,2,23.3,86.6,102.7,19,3675.0,6.1,0,8,High,Warning,Lifestyle
342,Study,Snack_Bar,11,26.0,55.7,125.5,24,2410.0,29.9,0,20,Medium,Safe,Leakage
2961,Other,Stationery,10,9.5,10.9,50.3,26,2084.0,14.3,0,12,Low,Safe,Survival
3635,Other,Stationery,7,27.9,40.3,66.7,2,3566.0,21.5,1,9,Low,Safe,Survival
4860,Food,Bookshop,7,37.8,86.0,89.7,26,1895.0,20.3,1,6,High,Safe,Lifestyle
2631,Food,Snack_Bar,1,84.1,18.7,82.7,28,2794.0,17.0,1,14,Low,Safe,Survival
4712,Food,Stationery,10,39.8,22.9,15.5,8,2654.0,29.9,0,12,Low,Safe,Survival
2048,Study,Canteen,7,76.7,87.6,23.8,7,1803.0,6.5,0,10,High,Warning,Lifestyle
2896,Other,Pharmacy,10,46.7,100.7,24.1,28,804.0,12.7,0,14,High,Safe,Lifestyle
1917,Transport,Pharmacy,11,79.6,48.6,46.7,5,575.0,3.8,0,11,Low,Critical,Survival
3272,Transport,Bookshop,6,97.7,68.8,44.4,4,1999.0,5.5,1,17,Medium,Warning,Survival
1267,Other,Snack_Bar,11,27.8,123.5,113.9,11,2184.0,21.4,1,18,High,Safe,Lifestyle
2986,Other,Snack_Bar,6,86.9,123.5,90.2,26,3379.0,0.1,0,6,High,Critical,Lifestyle
3991,Other,Pharmacy,7,64.1,46.9,117.0,28,1950.0,26.7,1,20,Low,Safe,Lifestyle
1488,Other,Canteen,7,82.6,107.2,19.8,30,1484.0,19.0,1,21,High,Safe,Lifestyle
4071,Study,Pharmacy,1,66.9,81.3,77.9,10,2117.0,13.2,0,7,Medium,Safe,Survival
2006,Transport,Pharmacy,10,45.3,127.1,55.3,1,1333.0,9.9,0,14,High,Warning,Lifestyle
1704,Entertainment,Snack_Bar,5,26.7,67.3,129.0,29,820.0,3.8,1,15,Medium,Critical,Lifestyle
3508,Transport,Stationery,8,11.7,103.0,109.1,4,896.0,27.6,1,21,High,Safe,Lifestyle
3151,Transport,Canteen,8,55.9,102.2,131.7,22,1617.0,21.4,0,20,High,Safe,Lifestyle
271,Food,Snack_Bar,3,99.1,69.7,16.5,6,544.0,10.1,1,8,Medium,Safe,Survival
1890,Other,Pharmacy,3,75.1,105.5,110.9,18,1271.0,2.1,0,7,High,Critical,Lifestyle
1544,Other,Stationery,7,36.1,41.3,85.6,25,3256.0,9.8,1,13,Low,Warning,Survival
3503,Other,Canteen,4,83.6,24.7,125.5,13,1321.0,5.5,0,21,Low,Warning,Lifestyle
3313,Food,Bookshop,6,78.1,61.0,81.0,13,888.0,23.6,1,14,Medium,Safe,Survival
1082,Study,Canteen,9,31.8,123.2,85.6,1,3822.0,21.6,1,8,High,Safe,Lifestyle
4434,Study,Canteen,10,6.4,70.1,17.2,4,2679.0,14.9,0,22,Medium,Safe,Survival
2862,Entertainment,Pharmacy,2,16.2,86.2,103.6,4,710.0,26.6,0,18,High,Safe,Lifestyle
1704,Study,Pharmacy,2,88.3,84.9,48.2,18,718.0,5.4,1,21,Medium,Warning,Survival
2663,Study,Bookshop,6,84.5,25.9,12.8,24,2642.0,13.6,1,10,Low,Safe,Survival
2753,Other,Bookshop,3,33.0,56.8,19.3,27,2390.0,21.3,1,10,Medium,Safe,Survival
932,Transport,Bookshop,1,32.1,94.8,144.0,18,739.0,2.0,0,8,High,Critical,Lifestyle
1948,Study,Snack_Bar,2,80.3,126.6,58.5,18,1285.0,11.2,0,18,High,Safe,Lifestyle
4124,Study,Snack_Bar,7,94.1,30.2,131.5,15,3752.0,17.1,0,13,Low,Safe,Lifestyle
623,Food,Pharmacy,4,79.0,59.3,144.4,18,2502.0,11.0,0,13,Medium,Safe,Lifestyle
3678,Entertainment,Pharmacy,2,62.5,21.4,142.1,15,2041.0,14.4,1,22,Low,Safe,Lifestyle
1791,Food,Bookshop,11,28.1,39.1,133.4,17,1376.0,18.2,0,20,Low,Safe,Lifestyle
4685,Other,Snack_Bar,8,54.9,55.2,135.3,29,968.0,11.1,0,9,Medium,Safe,Lifestyle
4637,Transport,Stationery,4,27.2,74.9,50.5,5,1909.0,3.2,1,12,Medium,Critical,Survival
4909,Entertainment,Snack_Bar,4,81.8,37.7,31.2,11,3728.0,4.2,1,15,Low,Warning,Survival
692,Food,Pharmacy,2,41.8,37.3,99.5,16,670.0,15.8,1,6,Low,Safe,Survival
391,Study,Snack_Bar,1,84.2,103.3,78.3,20,3968.0,5.2,0,9,High,Warning,Lifestyle
698,Study,Pharmacy,1,41.3,125.5,23.8,2,1227.0,26.7,1,16,High,Safe,Lifestyle
1456,Entertainment,Bookshop,3,83.3,48.8,104.9,17,1931.0,25.0,0,20,Low,Safe,Survival
2168,Study,Bookshop,6,36.7,92.6,88.8,1,658.0,10.5,1,20,High,Safe,Lifestyle
4522,Food,Bookshop,7,46.8,41.0,130.8,18,2547.0,24.9,0,8,Low,Safe,Lifestyle
2386,Food,Stationery,9,63.5,121.4,95.3,17,2192.0,16.0,1,19,High,Safe,Lifestyle
1016,Study,Stationery,5,11.7,90.7,90.4,25,2833.0,4.8,0,8,High,Warning,Lifestyle
3420,Study,Pharmacy,9,95.1,106.3,71.7,18,2399.0,18.4,0,13,High,Safe,Lifestyle
1673,Other,Canteen,8,59.5,15.9,74.8,19,1894.0,20.4,1,15,Low,Safe,Survival
1286,Transport,Stationery,1,53.2,81.8,143.6,25,3082.0,2.5,0,14,Medium,Critical,Lifestyle
4399,Entertainment,Pharmacy,11,84.7,73.3,29.4,5,588.0,9.4,0,20,Medium,Warning,Survival
2074,Food,Snack_Bar,3,87.2,45.2,72.5,30,2394.0,0.2,0,14,Low,Critical,Survival
1070,Entertainment,Bookshop,8,54.6,41.5,101.8,13,899.0,9.5,1,9,Low,Warning,Survival
4963,Other,Bookshop,9,93.1,79.6,70.6,24,2026.0,10.1,1,17,Medium,Safe,Survival
2242,Food,Bookshop,4,11.2,94.8,49.7,23,3269.0,18.9,1,6,High,Safe,Lifestyle
472,Other,Pharmacy,6,15.8,14.0,50.2,30,999.0,6.0,1,19,Low,Warning,Leakage
1229,Other,Bookshop,4,61.7,78.1,42.7,6,3775.0,0.9,0,15,Medium,Critical,Survival
3418,Study,Stationery,9,38.6,30.5,58.1,13,3610.0,9.5,1,6,Low,Warning,Survival
4269,Entertainment,Snack_Bar,2,49.1,26.8,132.0,18,1952.0,24.8,0,9,Low,Safe,Lifestyle
1251,Entertainment,Bookshop,6,36.2,84.8,80.7,30,521.0,12.0,1,15,Medium,Safe,Survival
4233,Study,Pharmacy,11,43.4,47.3,43.6,29,3264.0,12.5,0,8,Low,Safe,Survival
1773,Entertainment,Snack_Bar,3,83.2,62.9,63.8,4,3583.0,14.1,1,21,Medium,Safe,Survival
3390,Study,Bookshop,10,61.4,53.2,24.8,9,1112.0,22.6,0,17,Medium,Safe,Survival
4588,Food,Canteen,4,99.7,87.8,136.6,23,3707.0,14.4,1,14,High,Safe,Lifestyle
3997,Other,Bookshop,2,79.8,66.4,67.1,3,3699.0,2.7,1,10,Medium,Critical,Survival
3489,Other,Stationery,11,31.0,125.6,147.3,22,2150.0,6.2,0,10,High,Warning,Lifestyle
3947,Entertainment,Snack_Bar,8,30.1,52.3,58.7,24,3293.0,5.6,1,13,Medium,Warning,Survival
2305,Transport,Stationery,10,36.9,98.8,127.1,24,2057.0,15.2,0,12,High,Safe,Lifestyle
507,Other,Canteen,8,85.1,40.9,45.9,8,2474.0,0.9,0,20,Low,Critical,Leakage
3559,Study,Canteen,1,7.6,71.1,20.7,13,1619.0,8.5,1,6,Medium,Warning,Survival
3376,Transport,Stationery,10,26.9,76.3,14.4,24,1058.0,18.2,1,12,Medium,Safe,Survival
1451,Transport,Snack_Bar,6,91.0,49.5,94.9,26,3113.0,10.6,0,10,Low,Safe,Survival
2947,Other,Canteen,1,65.8,66.6,53.6,22,505.0,21.2,1,13,Medium,Safe,Survival
1717,Other,Canteen,6,26.6,43.5,72.1,11,2528.0,11.7,0,10,Low,Safe,Survival
1578,Other,Bookshop,7,25.8,10.7,124.6,10,3526.0,29.4,1,10,Low,Safe,Lifestyle
2161,Study,Pharmacy,2,86.9,35.9,44.7,11,1274.0,29.0,1,10,Low,Safe,Survival
4505,Transport,Canteen,9,89.9,94.0,53.2,3,1665.0,24.0,0,16,High,Safe,Lifestyle
3063,Entertainment,Snack_Bar,8,29.3,102.5,128.3,25,2556.0,28.6,0,12,High,Safe,Lifestyle
2856,Study,Snack_Bar,9,44.9,43.6,79.0,14,1364.0,6.1,1,7,Low,Warning,Survival
2694,Food,Bookshop,10,84.3,59.0,125.9,14,3466.0,22.5,1,22,Medium,Safe,Lifestyle
4767,Other,Snack_Bar,4,78.2,14.5,62.4,30,1783.0,9.6,1,16,Low,Warning,Survival
4205,Transport,Bookshop,4,82.3,38.4,65.8,19,2536.0,21.8,1,10,Low,Safe,Survival
3763,Study,Canteen,8,54.2,103.5,33.4,28,1291.0,11.2,0,12,High,Safe,Lifestyle
1122,Food,Canteen,1,91.6,82.7,138.3,28,645.0,8.7,0,6,Medium,Warning,Lifestyle
4432,Study,Canteen,8,36.0,34.7,135.5,4,1108.0,28.8,1,14,Low,Safe,Lifestyle
4662,Study,Canteen,7,19.9,40.9,147.8,26,662.0,6.3,0,16,Low,Warning,Lifestyle
3159,Entertainment,Pharmacy,7,72.3,108.0,66.3,1,2140.0,22.8,1,17,High,Safe,Lifestyle
383,Entertainment,Pharmacy,9,56.2,35.1,124.6,2,2553.0,20.2,1,15,Low,Safe,Leakage
3558,Study,Canteen,10,86.2,50.1,68.1,6,656.0,9.1,1,16,Medium,Warning,Survival
1598,Food,Snack_Bar,7,12.7,89.7,73.6,30,817.0,13.8,0,6,High,Safe,Lifestyle
2996,Transport,Bookshop,2,85.2,77.3,126.2,13,2199.0,4.3,0,10,Medium,Warning,Lifestyle
736,Transport,Stationery,1,32.9,65.3,34.8,14,3297.0,27.6,0,20,Medium,Safe,Survival
1473,Other,Bookshop,1,67.2,118.0,40.8,28,2698.0,29.0,0,15,High,Safe,Lifestyle
3167,Other,Stationery,7,8.8,36.4,54.1,1,866.0,22.0,1,17,Low,Safe,Survival
3249,Transport,Stationery,5,62.9,99.0,120.3,28,3606.0,25.5,1,19,High,Safe,Lifestyle
1296,Study,Canteen,4,73.1,29.1,62.2,25,3711.0,2.5,0,15,Low,Critical,Survival
1505,Study,Stationery,5,40.0,83.9,60.1,8,1637.0,11.5,1,17,Medium,Safe,Survival
1115,Entertainment,Canteen,10,25.5,114.5,149.8,18,2656.0,9.9,0,9,High,Warning,Lifestyle
3281,Entertainment,Pharmacy,10,56.1,64.9,63.7,14,2223.0,16.9,0,19,Medium,Safe,Survival
4447,Other,Snack_Bar,6,84.2,96.9,44.7,2,3797.0,5.5,0,13,High,Warning,Lifestyle
1228,Transport,Stationery,10,35.7,108.4,97.2,24,2281.0,16.9,0,9,High,Safe,Lifestyle
2177,Study,Snack_Bar,6,29.0,26.3,122.3,12,3860.0,19.6,1,21,Low,Safe,Lifestyle
3554,Transport,Canteen,1,31.5,94.7,19.7,27,1198.0,4.0,1,17,High,Critical,Lifestyle
2711,Food,Stationery,2,95.2,120.4,96.6,24,1709.0,4.0,1,17,High,Critical,Lifestyle
470,Transport,Bookshop,3,39.1,79.2,15.0,1,3235.0,1.1,0,9,Medium,Critical,Survival
1386,Food,Pharmacy,4,5.3,32.3,83.7,30,3243.0,22.8,0,21,Low,Safe,Survival
4755,Entertainment,Pharmacy,6,79.3,25.2,46.0,21,3063.0,9.9,1,21,Low,Warning,Survival
4400,Entertainment,Stationery,11,71.4,41.2,52.9,15,3509.0,6.8,1,8,Low,Warning,Survival
3964,Other,Pharmacy,9,17.2,22.4,75.4,11,2959.0,23.3,0,22,Low,Safe,Survival
2598,Transport,Bookshop,2,98.6,71.6,139.8,18,2726.0,4.3,1,8,Medium,Warning,Lifestyle
4729,Transport,Snack_Bar,8,62.8,18.4,109.5,17,2106.0,12.8,0,18,Low,Safe,Survival
4435,Food,Bookshop,9,52.6,36.8,141.2,3,2135.0,22.3,0,11,Low,Safe,Lifestyle
4382,Entertainment,Pharmacy,2,41.3,62.8,102.4,15,1922.0,17.2,1,14,Medium,Safe,Survival
1911,Food,Snack_Bar,9,90.4,66.9,11.0,13,2671.0,16.6,1,16,Medium,Safe,Survival
2430,Entertainment,Bookshop,7,28.2,77.8,47.2,3,1923.0,4.7,0,8,Medium,Warning,Survival
328,Food,Canteen,9,32.1,94.7,136.8,13,1016.0,5.4,1,20,High,Warning,Leakage
1469,Entertainment,Canteen,6,16.6,15.7,100.1,26,873.0,17.5,0,21,Low,Safe,Survival
3872,Food,Snack_Bar,2,77.1,19.7,147.4,9,3736.0,0.7,1,8,Low,Critical,Lifestyle
1801,Entertainment,Snack_Bar,8,61.6,17.3,31.8,10,587.0,26.1,0,10,Low,Safe,Survival
4965,Food,Snack_Bar,10,62.9,60.8,51.5,1,869.0,10.5,0,12,Medium,Safe,Survival
4170,Transport,Canteen,9,25.8,15.0,60.7,27,2059.0,12.5,0,14,Low,Safe,Survival
4444,Other,Bookshop,8,66.9,99.5,55.7,2,1420.0,7.8,1,6,High,Warning,Lifestyle
827,Food,Snack_Bar,2,77.7,36.8,45.3,25,1920.0,26.3,1,19,Low,Safe,Survival
3997,Other,Canteen,8,39.0,122.7,72.1,14,911.0,19.3,1,20,High,Safe,Lifestyle
2244,Transport,Snack_Bar,3,81.1,68.4,99.9,5,958.0,13.5,1,8,Medium,Safe,Survival
3752,Transport,Snack_Bar,3,38.1,63.6,53.6,25,3302.0,17.6,1,9,Medium,Safe,Survival
2541,Entertainment,Snack_Bar,9,77.0,103.7,21.2,22,3157.0,11.4,1,22,High,Safe,Lifestyle
3414,Other,Canteen,9,8.2,95.6,109.2,10,865.0,14.0,0,19,High,Safe,Lifestyle
449,Study,Bookshop,9,57.4,82.9,74.3,26,2837.0,10.7,0,12,Medium,Safe,Leakage
3125,Entertainment,Canteen,4,97.1,122.2,87.9,19,2633.0,12.3,1,13,High,Safe,Lifestyle
1174,Other,Canteen,7,98.2,60.7,73.8,8,2997.0,9.4,1,21,Medium,Warning,Survival
1525,Food,Snack_Bar,8,31.8,107.0,134.7,13,2161.0,2.3,0,21,High,Critical,Lifestyle
1183,Food,Stationery,5,46.9,55.6,88.2,9,1445.0,1.1,1,19,Medium,Critical,Survival
1088,Transport,Stationery,1,11.0,110.6,139.3,18,2823.0,5.2,1,22,High,Warning,Lifestyle
3137,Study,Stationery,9,88.0,41.1,81.5,25,1800.0,7.5,1,10,Low,Warning,Survival
2317,Food,Canteen,6,59.0,44.7,51.0,4,1266.0,26.7,0,14,Low,Safe,Survival
2872,Other,Snack_Bar,3,41.6,91.3,59.8,8,1930.0,18.3,1,8,High,Safe,Lifestyle
1526,Other,Stationery,3,15.7,35.5,83.1,5,3171.0,28.7,0,10,Low,Safe,Survival
670,Food,Pharmacy,10,94.9,37.5,84.2,29,2165.0,10.2,1,15,Low,Safe,Leakage
2187,Other,Pharmacy,1,55.4,46.6,106.2,6,1550.0,12.1,0,6,Low,Safe,Survival
290,Other,Pharmacy,8,31.9,91.5,41.4,20,3412.0,21.6,1,22,High,Safe,Leakage
729,Transport,Bookshop,2,38.3,116.7,102.2,5,3586.0,17.3,1,13,High,Safe,Lifestyle
4956,Study,Snack_Bar,1,30.7,90.9,119.0,28,2016.0,15.8,0,22,High,Safe,Lifestyle
4259,Transport,Canteen,7,62.2,109.3,104.7,1,1811.0,17.3,0,10,High,Safe,Lifestyle
2973,Study,Canteen,11,93.3,75.2,77.5,28,2644.0,17.5,0,12,Medium,Safe,Survival
1886,Other,Snack_Bar,9,86.4,18.3,148.8,19,703.0,23.0,1,10,Low,Safe,Lifestyle
391,Study,Bookshop,6,48.7,22.1,66.7,30,2920.0,20.0,1,15,Low,Safe,Leakage
2186,Other,Snack_Bar,8,83.5,76.5,24.9,4,3238.0,28.7,0,11,Medium,Safe,Survival
3823,Other,Bookshop,8,45.2,49.3,125.0,1,1891.0,28.4,0,12,Low,Safe,Lifestyle
2385,Transport,Stationery,9,29.0,36.5,39.7,29,1111.0,12.7,1,8,Low,Safe,Survival
4640,Transport,Stationery,7,98.4,66.0,109.9,19,601.0,1.1,0,15,Medium,Critical,Survival
1208,Entertainment,Bookshop,9,33.9,90.0,35.1,4,2730.0,0.3,0,11,High,Critical,Lifestyle
3983,Food,Snack_Bar,9,35.8,56.2,12.4,14,1441.0,3.7,1,7,Medium,Critical,Survival
4498,Entertainment,Stationery,11,99.0,106.3,32.4,14,2124.0,2.2,0,7,High,Critical,Lifestyle
4868,Entertainment,Snack_Bar,1,17.7,98.6,62.8,9,1852.0,11.2,1,11,High,Safe,Lifestyle
4487,Study,Stationery,6,77.3,98.2,24.9,19,1112.0,1.6,0,15,High,Critical,Lifestyle
2252,Other,Snack_Bar,8,93.9,128.2,37.7,11,2279.0,18.7,0,12,High,Safe,Lifestyle
3508,Other,Snack_Bar,10,53.6,45.4,117.0,16,2109.0,5.7,0,22,Low,Warning,Lifestyle
1916,Other,Pharmacy,9,5.2,87.4,117.8,19,2685.0,15.4,0,9,High,Safe,Lifestyle
510,Food,Bookshop,4,40.6,112.7,124.4,4,1382.0,3.1,1,17,High,Critical,Lifestyle
4738,Study,Canteen,2,15.6,79.5,127.8,9,1251.0,24.8,0,13,Medium,Safe,Lifestyle
1460,Study,Bookshop,11,44.5,104.7,68.9,25,3350.0,23.4,0,14,High,Safe,Lifestyle
4132,Other,Snack_Bar,9,80.1,59.7,131.5,17,2958.0,11.6,0,15,Medium,Safe,Lifestyle
3468,Entertainment,Snack_Bar,9,46.7,80.9,83.6,15,3203.0,27.3,0,14,Medium,Safe,Survival
784,Food,Bookshop,8,46.0,16.7,75.9,8,932.0,5.6,0,9,Low,Warning,Leakage
2999,Entertainment,Snack_Bar,3,57.9,128.3,110.6,26,1284.0,24.4,1,21,High,Safe,Lifestyle
559,Transport,Stationery,5,60.3,106.0,39.9,13,2514.0,16.4,1,6,High,Safe,Leakage
3066,Study,Snack_Bar,2,86.3,114.3,120.5,1,3500.0,9.9,1,15,High,Warning,Lifestyle
2211,Study,Bookshop,3,34.3,93.3,70.1,2,3622.0,2.5,0,21,High,Critical,Lifestyle
4206,Entertainment,Bookshop,1,83.1,32.3,27.8,10,3412.0,5.1,1,10,Low,Warning,Survival
1825,Food,Bookshop,4,58.8,13.7,26.7,27,652.0,25.9,0,8,Low,Safe,Survival
2964,Study,Pharmacy,5,33.6,113.8,33.1,21,3373.0,18.2,1,9,High,Safe,Lifestyle
1090,Entertainment,Pharmacy,2,33.0,57.6,134.7,27,3647.0,7.1,1,15,Medium,Warning,Lifestyle
931,Food,Pharmacy,3,39.3,41.7,148.7,13,699.0,14.9,0,7,Low,Safe,Lifestyle
4161,Entertainment,Pharmacy,6,64.2,77.4,60.0,11,1957.0,3.2,1,11,Medium,Critical,Survival
4901,Food,Pharmacy,6,26.9,60.5,50.9,14,2378.0,3.0,0,19,Medium,Critical,Survival
2704,Other,Pharmacy,7,92.4,88.2,40.6,16,1315.0,27.2,1,10,High,Safe,Lifestyle
814,Food,Pharmacy,9,59.6,68.1,125.3,28,2308.0,13.7,0,20,Medium,Safe,Lifestyle
4006,Transport,Bookshop,4,92.4,93.7,39.3,29,3601.0,10.8,0,22,High,Safe,Lifestyle
1919,Other,Canteen,5,9.4,112.4,139.4,6,3534.0,28.5,0,17,High,Safe,Lifestyle
4969,Entertainment,Pharmacy,11,37.5,33.5,103.4,2,3789.0,12.0,0,18,Low,Safe,Survival
1787,Other,Bookshop,2,7.2,49.5,135.6,26,2194.0,10.1,0,21,Low,Safe,Lifestyle
1811,Other,Canteen,6,30.9,62.4,87.6,5,1937.0,8.2,0,20,Medium,Warning,Survival
1096,Entertainment,Pharmacy,4,86.9,125.4,106.7,19,2830.0,17.0,1,16,High,Safe,Lifestyle
477,Entertainment,Canteen,5,8.5,53.8,96.7,7,1959.0,16.8,0,10,Medium,Safe,Leakage
4847,Transport,Canteen,7,46.4,55.7,126.4,28,647.0,0.5,1,18,Medium,Critical,Lifestyle
1836,Entertainment,Stationery,6,16.2,88.4,127.0,28,3020.0,19.6,1,16,High,Safe,Lifestyle
2358,Study,Snack_Bar,8,44.6,60.3,92.6,17,1483.0,23.6,0,15,Medium,Safe,Survival
2632,Study,Stationery,6,84.7,124.1,98.6,5,672.0,18.5,0,20,High,Safe,Lifestyle
4104,Transport,Canteen,10,64.2,117.3,139.1,12,572.0,26.1,1,12,High,Safe,Lifestyle
3462,Food,Bookshop,8,75.0,71.6,140.2,19,3760.0,8.3,1,17,Medium,Warning,Lifestyle
1649,Food,Pharmacy,4,38.2,87.4,103.0,27,1382.0,5.8,0,11,High,Warning,Lifestyle
4700,Study,Snack_Bar,7,94.7,17.0,11.1,18,2068.0,20.9,0,14,Low,Safe,Survival
1432,Entertainment,Pharmacy,3,72.4,93.5,24.6,28,3827.0,5.7,1,21,High,Warning,Lifestyle
4317,Transport,Bookshop,1,45.1,94.9,130.1,12,2136.0,2.7,1,13,High,Critical,Lifestyle
877,Food,Snack_Bar,9,45.5,53.1,21.9,3,775.0,2.9,1,17,Medium,Critical,Survival
2858,Food,Stationery,9,92.3,36.4,39.9,26,2432.0,23.1,0,21,Low,Safe,Survival
2228,Other,Canteen,6,59.8,119.8,42.3,4,809.0,0.9,0,9,High,Critical,Lifestyle
3958,Study,Bookshop,2,72.1,61.2,94.0,15,833.0,8.7,1,21,Medium,Warning,Survival
4824,Entertainment,Canteen,8,44.6,88.4,90.7,15,3480.0,3.9,1,12,High,Critical,Lifestyle
2237,Transport,Canteen,10,26.3,14.0,50.5,11,1513.0,22.6,0,18,Low,Safe,Survival
2849,Food,Pharmacy,6,73.7,59.7,39.1,2,2875.0,15.1,1,17,Medium,Safe,Survival
856,Other,Bookshop,7,62.7,108.1,117.0,18,2281.0,6.2,0,6,High,Warning,Lifestyle
365,Study,Canteen,1,52.6,56.5,141.0,3,1278.0,22.5,0,16,Medium,Safe,Lifestyle
4791,Study,Stationery,3,64.3,82.4,17.4,18,2312.0,22.5,0,22,Medium,Safe,Survival
789,Transport,Snack_Bar,1,24.8,35.2,28.6,14,741.0,15.7,1,11,Low,Safe,Survival
4724,Food,Bookshop,10,80.4,60.0,99.9,6,1715.0,8.3,0,7,Medium,Warning,Survival
3021,Transport,Pharmacy,1,95.1,121.3,122.6,2,2330.0,17.6,0,8,High,Safe,Lifestyle
4458,Transport,Bookshop,11,89.7,78.0,120.8,1,1299.0,28.0,0,7,Medium,Safe,Lifestyle
1462,Other,Pharmacy,1,35.5,118.2,110.8,8,2811.0,1.5,1,18,High,Critical,Lifestyle
271,Study,Snack_Bar,4,43.6,118.2,134.2,10,681.0,8.0,1,12,High,Warning,Lifestyle
3716,Entertainment,Stationery,7,81.8,123.3,40.4,20,2197.0,8.5,0,21,High,Warning,Lifestyle
4950,Study,Canteen,7,61.5,117.4,25.0,18,3002.0,19.0,0,21,High,Safe,Lifestyle
3780,Study,Bookshop,5,57.1,10.4,96.2,20,2005.0,19.5,1,15,Low,Safe,Survival
468,Other,Pharmacy,6,93.0,122.1,125.1,11,3561.0,6.2,0,12,High,Warning,Leakage
1976,Entertainment,Snack_Bar,2,55.9,26.5,91.5,18,2713.0,6.5,1,21,Low,Warning,Survival
2662,Food,Canteen,5,53.9,14.8,144.8,27,3855.0,27.8,1,15,Low,Safe,Lifestyle
1468,Entertainment,Snack_Bar,7,9.0,16.6,121.4,16,1494.0,22.7,1,19,Low,Safe,Lifestyle
1215,Food,Stationery,9,11.6,51.9,108.1,5,3786.0,28.0,1,14,Medium,Safe,Survival
2922,Entertainment,Canteen,6,5.7,84.5,18.4,7,2624.0,24.9,0,9,Medium,Safe,Survival
1283,Transport,Canteen,10,91.8,58.3,25.1,22,3108.0,12.1,1,17,Medium,Safe,Survival
4301,Entertainment,Canteen,4,43.8,13.1,119.9,2,3658.0,3.7,0,22,Low,Critical,Lifestyle
606,Other,Pharmacy,3,49.5,67.2,37.8,11,2429.0,18.9,0,13,Medium,Safe,Survival
3276,Food,Canteen,9,85.3,63.1,14.0,13,3518.0,10.6,1,9,Medium,Safe,Survival
1185,Study,Snack_Bar,7,62.9,100.8,137.5,20,2396.0,12.8,1,13,High,Safe,Lifestyle
3803,Other,Pharmacy,11,62.9,43.6,134.7,24,2597.0,12.8,1,14,Low,Safe,Lifestyle
4685,Food,Canteen,6,33.2,36.1,40.6,28,2058.0,28.1,1,17,Low,Safe,Survival
909,Food,Snack_Bar,7,84.2,40.7,119.2,16,1010.0,2.1,1,21,Low,Critical,Lifestyle
2818,Study,Snack_Bar,8,20.8,46.4,16.7,30,2437.0,5.8,0,13,Low,Warning,Survival
1611,Transport,Bookshop,5,10.0,81.9,49.9,14,3921.0,18.2,1,20,Medium,Safe,Survival
4821,Other,Snack_Bar,3,23.2,66.6,97.3,7,3255.0,26.5,1,22,Medium,Safe,Survival
1685,Study,Stationery,3,30.4,50.4,116.8,7,3116.0,27.5,0,18,Medium,Safe,Lifestyle
3150,Study,Canteen,2,31.8,54.9,11.5,12,2752.0,16.8,1,19,Medium,Safe,Survival
4851,Transport,Canteen,8,68.7,54.5,55.7,12,1718.0,1.0,0,20,Medium,Critical,Survival
3134,Other,Canteen,1,25.7,126.7,40.0,20,1094.0,10.9,1,14,High,Safe,Lifestyle
4314,Study,Snack_Bar,8,69.3,38.0,149.8,1,1286.0,27.6,0,17,Low,Safe,Lifestyle
4870,Transport,Snack_Bar,3,13.7,108.2,103.9,23,522.0,15.0,0,14,High,Safe,Lifestyle
1203,Other,Canteen,9,19.0,95.0,66.8,6,2857.0,21.8,1,18,High,Safe,Lifestyle
2666,Entertainment,Pharmacy,11,53.3,10.7,20.6,8,3342.0,8.1,1,9,Low,Warning,Survival
2666,Food,Pharmacy,2,92.6,129.2,93.8,27,1441.0,0.8,0,6,High,Critical,Lifestyle
2138,Transport,Stationery,10,86.7,100.8,99.8,13,821.0,17.4,1,8,High,Safe,Lifestyle
2139,Food,Bookshop,9,97.0,91.9,124.3,5,1675.0,25.0,0,16,High,Safe,Lifestyle
1835,Entertainment,Stationery,6,66.8,58.6,50.4,24,1522.0,29.7,0,7,Medium,Safe,Survival
1898,Study,Canteen,1,69.2,76.6,147.4,10,2078.0,25.4,0,11,Medium,Safe,Lifestyle
4727,Study,Canteen,5,64.4,40.4,71.5,27,1424.0,16.6,0,8,Low,Safe,Survival
2291,Other,Canteen,10,64.2,14.3,51.4,14,1689.0,18.3,0,15,Low,Safe,Survival
2095,Transport,Bookshop,9,19.0,110.3,58.8,24,3676.0,24.7,1,14,High,Safe,Lifestyle
4440,Transport,Snack_Bar,6,56.7,117.6,82.7,9,1672.0,0.6,0,19,High,Critical,Lifestyle
3598,Other,Bookshop,7,41.7,29.5,141.1,17,3249.0,28.5,1,21,Low,Safe,Lifestyle
1273,Food,Stationery,4,47.0,104.4,112.9,3,2690.0,15.9,1,9,High,Safe,Lifestyle
2602,Study,Snack_Bar,1,54.7,98.9,90.8,12,1681.0,28.6,0,7,High,Safe,Lifestyle
3412,Study,Snack_Bar,5,17.2,31.4,32.8,12,3362.0,22.9,1,15,Low,Safe,Survival
4237,Transport,Stationery,2,39.2,60.6,30.9,11,2583.0,4.6,0,17,Medium,Warning,Survival
1351,Transport,Snack_Bar,8,11.0,60.7,80.3,22,530.0,5.0,1,12,Medium,Warning,Survival
2645,Other,Pharmacy,4,98.1,101.2,112.0,29,741.0,10.6,1,21,High,Safe,Lifestyle
2156,Entertainment,Stationery,1,16.3,110.5,115.1,4,3134.0,7.9,0,22,High,Warning,Lifestyle
4758,Food,Stationery,10,29.6,21.4,41.6,8,2063.0,13.2,0,19,Low,Safe,Survival
4107,Entertainment,Pharmacy,7,89.7,77.6,24.0,10,1919.0,18.1,1,6,Medium,Safe,Survival
1007,Entertainment,Bookshop,11,50.9,101.4,63.8,14,1010.0,13.1,1,7,High,Safe,Lifestyle
386,Transport,Bookshop,2,17.9,104.3,138.5,30,1051.0,1.7,1,19,High,Critical,Lifestyle
4724,Transport,Bookshop,3,41.5,27.8,86.4,1,3292.0,29.3,0,11,Low,Safe,Survival
1507,Transport,Snack_Bar,9,16.0,73.1,54.8,12,3402.0,12.8,0,20,Medium,Safe,Survival
2484,Entertainment,Pharmacy,9,24.0,112.9,55.3,5,2460.0,25.5,1,9,High,Safe,Lifestyle
957,Food,Stationery,2,9.9,48.2,28.5,14,1533.0,2.2,0,14,Low,Critical,Survival
4431,Transport,Stationery,3,46.6,61.0,76.3,4,3764.0,24.3,0,20,Medium,Safe,Survival
4054,Study,Stationery,11,81.6,106.5,120.8,28,2684.0,5.2,1,10,High,Warning,Lifestyle
4466,Food,Snack_Bar,9,60.7,20.7,145.6,17,3288.0,20.4,0,11,Low,Safe,Lifestyle
2406,Study,Snack_Bar,1,62.6,113.1,80.2,26,511.0,19.9,1,16,High,Safe,Lifestyle
3758,Food,Bookshop,2,24.1,47.3,33.4,22,2076.0,27.3,1,18,Low,Safe,Survival
1780,Transport,Snack_Bar,11,37.7,10.2,105.6,26,3548.0,9.6,0,17,Low,Warning,Survival
1161,Other,Bookshop,2,85.3,38.1,116.0,13,1684.0,3.3,0,12,Low,Critical,Lifestyle
4047,Transport,Bookshop,10,13.3,20.7,20.0,3,3043.0,25.9,1,17,Low,Safe,Survival
3775,Entertainment,Stationery,3,86.5,21.1,129.0,11,2802.0,9.9,1,15,Low,Warning,Lifestyle
1075,Entertainment,Snack_Bar,10,51.0,93.1,126.1,11,1033.0,7.0,0,8,High,Warning,Lifestyle
2618,Food,Bookshop,3,84.5,35.7,76.2,5,3212.0,14.6,1,7,Low,Safe,Survival
4398,Entertainment,Pharmacy,10,35.2,122.2,88.5,6,894.0,4.4,1,6,High,Warning,Lifestyle
1201,Transport,Pharmacy,2,37.2,72.0,109.9,4,3048.0,8.9,0,11,Medium,Warning,Survival
3584,Study,Snack_Bar,8,76.4,65.2,104.7,10,3968.0,11.6,0,18,Medium,Safe,Survival
4266,Transport,Stationery,8,79.6,62.1,12.3,10,3853.0,8.3,1,15,Medium,Warning,Survival
3045,Food,Stationery,8,26.8,93.1,27.1,12,3301.0,13.5,1,18,High,Safe,Lifestyle
1681,Entertainment,Bookshop,2,97.4,64.3,32.8,22,2371.0,11.5,1,10,Medium,Safe,Survival
3501,Study,Snack_Bar,9,13.0,25.4,115.8,23,2862.0,23.2,1,13,Low,Safe,Lifestyle
857,Other,Pharmacy,11,11.5,115.6,71.6,18,3048.0,27.6,1,16,High,Safe,Lifestyle
2980,Study,Bookshop,7,61.6,61.4,86.4,30,529.0,3.0,0,9,Medium,Critical,Survival
622,Study,Bookshop,5,73.7,18.9,118.2,15,858.0,24.7,1,15,Low,Safe,Leakage
3881,Transport,Canteen,7,96.3,73.5,57.7,23,2590.0,28.0,1,14,Medium,Safe,Survival
4466,Other,Snack_Bar,8,43.5,87.7,114.8,23,523.0,20.6,1,12,High,Safe,Lifestyle
2910,Food,Bookshop,9,7.4,43.1,71.9,18,3681.0,29.9,1,14,Low,Safe,Survival
652,Food,Pharmacy,2,62.3,106.0,62.8,3,2214.0,10.1,0,11,High,Safe,Lifestyle
2597,Study,Canteen,6,32.5,90.4,56.6,3,1402.0,24.9,1,11,High,Safe,Lifestyle
2175,Study,Pharmacy,9,46.1,88.0,145.1,1,1878.0,20.2,1,18,High,Safe,Lifestyle
1857,Entertainment,Stationery,6,51.4,60.5,118.1,17,3478.0,9.7,1,22,Medium,Warning,Lifestyle
2741,Other,Canteen,2,11.1,125.4,12.8,10,3745.0,21.1,1,20,High,Safe,Lifestyle
3275,Study,Canteen,1,51.2,42.9,144.0,27,907.0,15.3,0,14,Low,Safe,Lifestyle
3364,Entertainment,Bookshop,3,45.5,79.3,118.6,6,3223.0,5.7,0,11,Medium,Warning,Lifestyle
3166,Other,Stationery,11,72.7,47.1,30.9,25,2524.0,5.2,1,22,Low,Warning,Survival
2253,Food,Bookshop,5,66.3,99.4,20.7,25,2549.0,21.4,0,10,High,Safe,Lifestyle
487,Entertainment,Snack_Bar,7,22.6,15.7,53.1,11,3228.0,21.4,1,8,Low,Safe,Leakage
3417,Other,Pharmacy,10,24.6,15.5,97.4,14,1280.0,15.9,0,21,Low,Safe,Survival
4054,Entertainment,Pharmacy,10,28.8,107.3,96.3,17,2359.0,15.0,0,7,High,Safe,Lifestyle
1647,Study,Bookshop,3,22.0,62.1,48.6,28,1618.0,5.4,0,8,Medium,Warning,Survival
807,Transport,Pharmacy,9,67.4,50.9,72.4,7,831.0,12.9,0,14,Medium,Safe,Survival
4752,Food,Pharmacy,10,99.5,82.9,39.7,22,868.0,26.1,1,19,Medium,Safe,Survival
1964,Study,Snack_Bar,4,67.0,94.2,17.1,4,978.0,25.6,0,19,High,Safe,Lifestyle
1425,Study,Stationery,10,62.6,34.1,82.4,11,2652.0,19.8,0,22,Low,Safe,Survival
1435,Other,Canteen,2,43.9,32.3,58.6,19,870.0,29.9,0,13,Low,Safe,Survival
1229,Entertainment,Bookshop,3,34.7,125.0,86.0,9,2495.0,26.8,0,22,High,Safe,Lifestyle
2871,Food,Bookshop,5,91.6,80.8,142.5,26,2559.0,4.4,1,22,Medium,Warning,Lifestyle
4162,Study,Snack_Bar,3,97.1,56.8,30.1,21,3664.0,12.0,1,12,Medium,Safe,Survival
4742,Other,Snack_Bar,5,52.2,106.2,10.3,8,2692.0,4.0,1,14,High,Critical,Lifestyle
3377,Food,Canteen,4,32.6,73.0,20.8,20,3950.0,14.0,1,9,Medium,Safe,Survival
3922,Entertainment,Stationery,11,78.2,39.0,74.8,4,608.0,23.3,1,15,Low,Safe,Survival
1675,Study,Bookshop,10,17.6,34.8,109.0,16,2965.0,4.7,0,9,Low,Warning,Survival
3096,Study,Snack_Bar,3,77.7,57.6,91.3,6,593.0,26.4,1,10,Medium,Safe,Survival
1008,Study,Bookshop,6,82.8,113.2,79.3,6,3053.0,17.1,0,7,High,Safe,Lifestyle
1178,Food,Pharmacy,8,16.9,17.4,59.6,19,1850.0,22.5,0,20,Low,Safe,Survival
2663,Food,Bookshop,4,97.8,36.2,53.4,2,2640.0,1.4,0,14,Low,Critical,Survival
925,Food,Stationery,9,98.6,117.2,62.7,11,1583.0,2.8,1,14,High,Critical,Lifestyle
2701,Food,Stationery,6,94.0,24.6,95.6,25,1057.0,18.6,0,6,Low,Safe,Survival
3562,Other,Bookshop,5,52.1,85.6,33.5,18,3032.0,25.1,0,17,High,Safe,Lifestyle
1416,Transport,Pharmacy,3,28.4,35.6,118.0,9,3666.0,26.2,0,18,Low,Safe,Lifestyle
4251,Other,Stationery,5,60.3,82.7,90.5,28,1143.0,20.7,0,18,Medium,Safe,Survival
2397,Study,Snack_Bar,5,44.9,56.0,47.7,16,3722.0,6.0,1,19,Medium,Warning,Survival
3006,Other,Bookshop,4,24.6,22.2,80.2,11,991.0,5.9,0,15,Low,Warning,Survival
978,Entertainment,Pharmacy,6,45.2,79.9,144.8,14,3075.0,26.4,0,22,Medium,Safe,Lifestyle
1172,Food,Snack_Bar,3,68.1,92.0,12.9,8,3858.0,3.4,1,22,High,Critical,Lifestyle
3010,Entertainment,Bookshop,10,11.7,91.6,37.9,27,1016.0,20.6,1,19,High,Safe,Lifestyle
2323,Entertainment,Pharmacy,1,36.7,86.4,72.8,13,2023.0,16.0,1,22,High,Safe,Lifestyle
798,Study,Snack_Bar,7,6.7,70.0,99.4,10,1681.0,12.6,0,8,Medium,Safe,Leakage
3541,Food,Stationery,7,76.2,72.3,39.7,23,1860.0,13.2,0,9,Medium,Safe,Survival
424,Entertainment,Bookshop,4,65.9,86.3,140.4,12,3136.0,28.4,0,16,High,Safe,Lifestyle
1040,Study,Bookshop,9,11.0,92.8,100.0,21,2814.0,25.8,1,21,High,Safe,Lifestyle
2014,Food,Stationery,2,96.7,88.6,132.8,29,3890.0,25.9,1,18,High,Safe,Lifestyle
1306,Transport,Canteen,1,7.1,80.4,56.1,3,1149.0,12.2,0,16,Medium,Safe,Survival
324,Study,Snack_Bar,3,61.0,28.7,126.1,2,2401.0,3.2,1,16,Low,Critical,Lifestyle
3446,Other,Stationery,7,78.8,35.3,63.0,11,2072.0,29.9,1,14,Low,Safe,Survival
3131,Food,Bookshop,9,79.9,41.2,45.4,24,3716.0,4.4,1,7,Low,Warning,Survival
4325,Entertainment,Snack_Bar,2,8.3,120.4,137.6,18,537.0,15.5,1,8,High,Safe,Lifestyle
3171,Entertainment,Snack_Bar,6,91.1,101.1,22.9,24,3962.0,7.9,0,19,High,Warning,Lifestyle
2217,Other,Canteen,3,92.3,76.3,142.0,21,2179.0,15.3,0,21,Medium,Safe,Lifestyle
2615,Other,Bookshop,5,58.3,40.2,74.2,25,2689.0,9.1,0,13,Low,Warning,Survival
4790,Entertainment,Pharmacy,9,50.8,23.3,149.0,4,1760.0,26.9,0,21,Low,Safe,Lifestyle
3296,Food,Canteen,3,9.3,117.9,85.5,8,3484.0,29.1,0,9,High,Safe,Lifestyle
1809,Study,Canteen,1,58.4,117.1,116.0,29,2467.0,12.3,1,14,High,Safe,Lifestyle
917,Other,Pharmacy,5,43.9,23.3,11.0,11,2820.0,2.1,0,9,Low,Critical,Survival
3761,Other,Pharmacy,1,78.4,105.7,79.5,15,2771.0,19.9,0,18,High,Safe,Lifestyle
1216,Other,Canteen,8,43.4,63.6,113.2,23,1774.0,11.3,1,7,Medium,Safe,Survival
3765,Transport,Snack_Bar,7,69.9,48.9,119.6,28,766.0,29.6,1,10,Low,Safe,Lifestyle
4901,Food,Stationery,11,14.6,98.7,32.1,24,3327.0,2.7,1,22,High,Critical,Lifestyle
4670,Food,Stationery,2,17.6,83.7,68.7,21,1514.0,3.6,1,15,Medium,Critical,Survival
2160,Food,Canteen,11,18.3,103.6,68.7,2,3471.0,21.0,1,9,High,Safe,Lifestyle
1248,Food,Snack_Bar,9,9.3,18.9,24.5,23,2630.0,22.8,1,11,Low,Safe,Survival
1557,Food,Pharmacy,5,56.4,48.2,72.0,19,1738.0,14.1,1,15,Low,Safe,Survival
3626,Entertainment,Canteen,7,80.4,48.3,123.0,15,2580.0,8.3,1,22,Low,Warning,Lifestyle
315,Other,Bookshop,4,63.0,49.6,52.0,29,2759.0,9.3,0,10,Low,Warning,Survival
2295,Entertainment,Snack_Bar,1,59.6,70.3,70.6,26,2973.0,10.1,1,12,Medium,Safe,Survival
2001,Transport,Bookshop,8,69.7,44.0,144.5,26,3378.0,6.8,1,10,Low,Warning,Lifestyle
2346,Study,Bookshop,1,37.3,63.3,14.4,26,1059.0,25.5,0,13,Medium,Safe,Survival
1820,Other,Canteen,3,39.4,54.1,92.8,28,3805.0,2.0,0,6,Medium,Critical,Survival
4980,Transport,Snack_Bar,6,34.9,98.2,114.1,27,1938.0,12.2,0,7,High,Safe,Lifestyle
3150,Entertainment,Bookshop,8,72.7,82.4,116.5,26,3512.0,22.4,1,21,Medium,Safe,Lifestyle
3992,Study,Snack_Bar,8,20.4,88.4,110.2,13,1272.0,0.1,0,13,High,Critical,Lifestyle
3141,Transport,Stationery,2,6.2,35.3,111.7,2,602.0,26.3,0,20,Low,Safe,Survival
1177,Study,Bookshop,9,61.6,49.1,18.3,3,2507.0,21.2,1,16,Low,Safe,Survival
3266,Transport,Bookshop,4,94.5,12.5,84.8,30,1636.0,2.2,0,21,Low,Critical,Survival
983,Entertainment,Snack_Bar,4,62.9,23.0,119.6,14,3946.0,26.8,0,12,Low,Safe,Lifestyle
440,Study,Stationery,2,79.4,41.8,23.2,20,866.0,14.6,1,22,Low,Safe,Survival
1753,Transport,Bookshop,1,68.9,17.9,11.7,26,666.0,19.6,0,8,Low,Safe,Survival
4778,Entertainment,Canteen,10,52.3,82.3,124.0,13,658.0,26.5,1,20,Medium,Safe,Lifestyle
1212,Other,Snack_Bar,7,73.2,129.8,109.7,27,1259.0,26.4,0,9,High,Safe,Lifestyle
386,Entertainment,Snack_Bar,11,83.3,22.1,67.7,23,2527.0,12.3,0,8,Low,Safe,Leakage
2081,Entertainment,Bookshop,10,26.3,108.5,141.7,26,2269.0,7.1,0,16,High,Warning,Lifestyle
4786,Other,Stationery,3,36.9,24.3,117.3,16,1725.0,7.7,1,7,Low,Warning,Lifestyle
630,Entertainment,Bookshop,4,26.3,90.4,145.5,12,811.0,23.0,0,12,High,Safe,Lifestyle
438,Other,Pharmacy,11,48.0,87.2,140.1,1,1318.0,27.9,0,20,High,Safe,Leakage
2545,Other,Bookshop,9,89.1,118.3,77.4,6,1145.0,2.2,0,19,High,Critical,Lifestyle
275,Other,Pharmacy,6,37.8,23.7,115.7,13,3110.0,0.5,0,12,Low,Critical,Leakage
1556,Transport,Canteen,1,40.6,47.9,103.7,22,3230.0,24.7,0,22,Low,Safe,Survival
2530,Study,Snack_Bar,9,86.7,20.9,123.6,24,3220.0,11.6,0,15,Low,Safe,Lifestyle
4886,Transport,Snack_Bar,9,54.0,58.9,120.3,2,3892.0,8.3,1,19,Medium,Warning,Lifestyle
2102,Other,Stationery,5,55.9,119.4,31.5,18,3595.0,5.7,1,11,High,Warning,Lifestyle
4213,Study,Bookshop,8,86.8,103.8,42.7,17,2242.0,10.4,1,15,High,Safe,Lifestyle
4870,Study,Canteen,7,51.6,96.7,47.2,19,1952.0,29.1,1,22,High,Safe,Lifestyle
2259,Other,Pharmacy,11,69.7,74.0,124.6,23,3705.0,29.3,1,22,Medium,Safe,Lifestyle
340,Study,Stationery,8,13.1,116.0,123.5,15,2639.0,9.9,0,19,High,Warning,Leakage
1989,Study,Canteen,9,22.0,63.9,79.3,8,1530.0,28.9,1,12,Medium,Safe,Survival
3826,Transport,Canteen,2,43.4,28.0,91.3,23,2476.0,9.0,0,12,Low,Warning,Survival
216,Study,Pharmacy,10,52.0,110.5,125.8,9,3973.0,25.6,1,17,High,Safe,Leakage
4548,Other,Pharmacy,5,96.7,43.6,53.8,8,3473.0,6.4,0,11,Low,Warning,Survival
664,Food,Snack_Bar,8,97.2,16.4,17.0,8,1484.0,24.8,1,13,Low,Safe,Leakage
4671,Food,Bookshop,3,85.9,25.1,77.6,11,3835.0,10.6,0,14,Low,Safe,Survival
2027,Food,Stationery,11,35.0,83.1,137.9,18,3935.0,5.9,0,15,Medium,Warning,Lifestyle
3228,Other,Bookshop,11,96.6,82.8,120.7,17,1309.0,28.0,1,21,Medium,Safe,Lifestyle
719,Food,Stationery,6,70.5,41.2,61.3,22,3635.0,6.4,1,22,Low,Warning,Leakage
289,Transport,Canteen,6,42.3,97.3,19.1,23,3591.0,29.8,0,6,High,Safe,Leakage
3051,Other,Pharmacy,7,71.7,102.8,99.2,6,639.0,3.3,1,12,High,Critical,Lifestyle
3043,Other,Pharmacy,11,6.6,120.5,126.8,23,2844.0,0.3,1,14,High,Critical,Lifestyle
4925,Other,Canteen,3,18.9,80.2,103.1,24,1568.0,26.1,0,17,Medium,Safe,Survival
2084,Study,Canteen,8,83.8,103.5,69.5,2,2861.0,17.6,0,6,High,Safe,Lifestyle
4371,Study,Stationery,8,66.3,100.4,27.3,1,3697.0,12.6,0,15,High,Safe,Lifestyle
1125,Study,Canteen,9,39.6,40.9,137.5,10,2246.0,2.5,1,15,Low,Critical,Lifestyle
3934,Entertainment,Stationery,8,52.6,47.2,48.6,8,1950.0,17.2,0,15,Low,Safe,Survival
1169,Transport,Bookshop,3,91.0,67.4,41.4,16,3725.0,11.8,0,12,Medium,Safe,Survival
1294,Other,Pharmacy,6,65.0,12.3,124.2,24,3909.0,14.5,1,20,Low,Safe,Lifestyle
3395,Other,Pharmacy,9,42.8,45.7,147.4,14,718.0,18.9,0,15,Low,Safe,Lifestyle
1604,Study,Pharmacy,1,16.4,66.9,102.4,24,3730.0,19.2,0,21,Medium,Safe,Survival
3564,Other,Bookshop,3,32.9,23.0,97.5,16,790.0,28.8,1,21,Low,Safe,Survival
4490,Other,Bookshop,2,97.9,25.2,54.7,14,1681.0,19.7,0,6,Low,Safe,Survival
4182,Food,Snack_Bar,8,46.5,65.6,12.9,26,3169.0,10.2,1,16,Medium,Safe,Survival
4523,Other,Stationery,6,49.8,97.7,36.9,7,3220.0,9.9,1,8,High,Warning,Lifestyle
4213,Entertainment,Stationery,10,52.4,110.0,91.8,18,3040.0,14.3,0,20,High,Safe,Lifestyle
4756,Study,Snack_Bar,11,89.0,75.6,31.2,20,637.0,7.8,0,11,Medium,Warning,Survival
4913,Transport,Pharmacy,11,62.4,67.0,133.7,9,965.0,11.3,1,15,Medium,Safe,Lifestyle
3292,Transport,Stationery,8,70.9,56.1,36.3,24,3777.0,25.3,1,8,Medium,Safe,Survival
4359,Food,Stationery,2,42.0,33.2,83.1,4,785.0,25.8,1,15,Low,Safe,Survival
2274,Transport,Pharmacy,11,7.8,27.6,81.7,24,775.0,18.8,1,21,Low,Safe,Survival
484,Transport,Canteen,6,93.4,105.0,94.6,26,3425.0,17.5,1,9,High,Safe,Leakage
1387,Study,Canteen,7,95.2,65.8,55.8,29,2744.0,12.8,1,6,Medium,Safe,Survival
4169,Study,Snack_Bar,8,95.2,104.8,132.3,16,1731.0,19.1,1,9,High,Safe,Lifestyle
3165,Entertainment,Bookshop,9,94.7,94.5,72.2,22,1080.0,24.2,0,10,High,Safe,Lifestyle
4519,Food,Stationery,5,82.4,33.3,108.0,11,3595.0,22.1,1,9,Low,Safe,Survival
983,Transport,Stationery,11,70.0,71.2,99.0,9,3960.0,1.1,0,8,Medium,Critical,Survival
1149,Entertainment,Snack_Bar,3,85.2,63.3,26.4,17,675.0,21.9,1,18,Medium,Safe,Survival
4139,Food,Snack_Bar,2,62.1,60.9,97.2,22,2439.0,21.6,0,11,Medium,Safe,Survival
244,Transport,Stationery,8,17.8,75.1,87.1,11,1415.0,3.0,0,11,Medium,Critical,Leakage
2010,Transport,Pharmacy,1,42.2,127.8,135.8,20,3413.0,4.5,1,11,High,Warning,Lifestyle
4766,Study,Pharmacy,10,97.3,107.5,133.3,3,1711.0,23.6,1,22,High,Safe,Lifestyle
2281,Other,Bookshop,6,38.4,118.4,31.1,21,3001.0,16.8,0,22,High,Safe,Lifestyle
3698,Food,Stationery,2,87.4,13.6,21.4,26,2388.0,24.6,0,10,Low,Safe,Survival
1029,Transport,Stationery,3,13.9,26.8,51.2,11,2395.0,5.5,0,22,Low,Warning,Survival
2109,Food,Stationery,8,36.7,20.2,148.1,8,3503.0,0.9,1,14,Low,Critical,Lifestyle
2781,Entertainment,Stationery,1,38.3,41.6,13.0,27,2146.0,4.9,1,7,Low,Warning,Survival
891,Entertainment,Snack_Bar,6,9.9,63.0,104.2,10,3460.0,13.6,1,14,Medium,Safe,Survival
4219,Other,Canteen,3,16.3,87.0,95.2,6,1772.0,15.7,0,13,High,Safe,Lifestyle
1131,Transport,Stationery,6,23.4,70.1,100.5,17,1112.0,25.7,1,18,Medium,Safe,Survival
3606,Study,Canteen,3,84.6,118.4,40.6,6,2094.0,21.5,1,9,High,Safe,Lifestyle
347,Transport,Pharmacy,11,11.0,122.8,41.7,7,2244.0,29.7,1,11,High,Safe,Leakage
1232,Food,Bookshop,11,33.4,29.6,70.3,13,2174.0,2.4,0,9,Low,Critical,Survival
1511,Entertainment,Pharmacy,8,6.0,112.3,23.4,6,3329.0,3.9,0,16,High,Critical,Lifestyle
587,Food,Stationery,5,71.1,67.8,20.4,3,2476.0,2.5,0,15,Medium,Critical,Leakage
3321,Other,Pharmacy,4,63.9,64.4,22.4,27,3610.0,16.2,1,21,Medium,Safe,Survival
2073,Entertainment,Snack_Bar,9,66.3,104.2,90.2,25,2300.0,8.0,0,17,High,Warning,Lifestyle
3788,Study,Canteen,5,40.6,21.2,65.7,13,1287.0,20.5,0,19,Low,Safe,Survival
1115,Entertainment,Stationery,4,24.8,115.9,51.1,10,953.0,4.0,0,6,High,Critical,Lifestyle
2078,Transport,Snack_Bar,8,73.4,90.5,54.2,26,3539.0,3.1,0,18,High,Critical,Lifestyle
3948,Transport,Canteen,8,82.1,115.0,39.0,4,697.0,13.8,1,8,High,Safe,Lifestyle
477,Entertainment,Snack_Bar,8,18.2,129.3,67.6,5,912.0,11.3,0,19,High,Safe,Leakage
2177,Other,Pharmacy,4,51.2,72.2,38.4,21,723.0,24.9,1,6,Medium,Safe,Survival
2059,Transport,Stationery,1,28.6,21.2,107.7,19,1983.0,25.1,0,20,Low,Safe,Survival
3236,Transport,Pharmacy,2,21.0,30.0,27.4,28,2364.0,3.5,1,21,Low,Critical,Survival
3571,Study,Bookshop,4,74.8,48.8,142.8,18,570.0,24.4,0,15,Low,Safe,Lifestyle
4913,Entertainment,Stationery,10,56.1,22.4,22.6,24,2305.0,16.9,0,9,Low,Safe,Survival
2382,Transport,Pharmacy,2,25.5,107.8,142.1,7,1878.0,15.1,1,16,High,Safe,Lifestyle
4875,Other,Stationery,11,34.5,45.6,126.7,21,3208.0,2.8,0,21,Low,Critical,Lifestyle
1370,Food,Canteen,10,96.8,127.1,105.3,29,3405.0,22.2,0,10,High,Safe,Lifestyle
689,Entertainment,Stationery,3,85.6,94.3,137.7,1,2897.0,1.8,1,16,High,Critical,Lifestyle
2725,Study,Stationery,9,88.6,30.8,29.5,26,2157.0,8.3,1,20,Low,Warning,Survival
1382,Transport,Canteen,9,48.7,67.1,34.7,17,1257.0,2.9,0,7,Medium,Critical,Survival
4679,Other,Pharmacy,11,64.3,66.0,45.3,24,3465.0,15.9,0,18,Medium,Safe,Survival
4458,Entertainment,Stationery,9,40.8,69.1,44.3,20,1696.0,19.4,0,17,Medium,Safe,Survival
2688,Other,Snack_Bar,7,12.4,74.3,53.5,29,1747.0,26.7,0,19,Medium,Safe,Survival
2076,Other,Stationery,4,43.1,13.7,90.6,20,3706.0,22.0,0,6,Low,Safe,Survival
2662,Study,Pharmacy,1,61.4,92.4,13.9,30,3915.0,28.8,1,17,High,Safe,Lifestyle
1830,Entertainment,Canteen,3,32.3,68.5,63.5,25,3643.0,22.8,0,18,Medium,Safe,Survival
487,Transport,Pharmacy,8,85.6,104.9,44.5,18,3994.0,8.9,0,8,High,Warning,Leakage
4482,Study,Bookshop,4,19.4,107.8,94.9,5,3541.0,16.4,0,8,High,Safe,Lifestyle
2107,Transport,Stationery,10,39.9,37.7,147.9,22,2965.0,13.7,0,6,Low,Safe,Lifestyle
1361,Food,Stationery,10,16.9,15.8,82.5,6,1528.0,17.0,0,16,Low,Safe,Survival
329,Other,Canteen,2,43.5,94.4,69.6,10,3835.0,17.2,1,9,High,Safe,Lifestyle
2563,Food,Stationery,8,8.8,127.3,61.6,28,3568.0,21.1,0,16,High,Safe,Lifestyle
343,Other,Snack_Bar,7,30.9,63.6,119.9,30,1343.0,2.5,0,7,Medium,Critical,Leakage
215,Study,Snack_Bar,11,43.1,41.2,20.1,19,2212.0,22.4,1,17,Low,Safe,Leakage
444,Transport,Pharmacy,10,50.4,28.8,144.4,10,745.0,4.3,0,18,Low,Warning,Leakage
1126,Transport,Canteen,9,56.7,44.5,68.5,6,3837.0,0.8,0,22,Low,Critical,Survival
3378,Study,Bookshop,2,31.1,49.4,53.9,10,2505.0,15.6,0,9,Low,Safe,Survival
2376,Entertainment,Pharmacy,5,54.7,60.9,146.4,10,1358.0,17.4,1,11,Medium,Safe,Lifestyle
1086,Food,Canteen,6,53.4,88.6,141.0,21,1523.0,1.0,1,8,High,Critical,Lifestyle
540,Food,Canteen,2,35.0,42.8,99.9,12,3932.0,15.5,1,16,Low,Safe,Survival
2251,Transport,Pharmacy,2,83.9,16.1,12.6,24,2655.0,16.0,0,17,Low,Safe,Survival
3598,Transport,Pharmacy,10,56.8,54.8,114.8,4,1972.0,1.6,0,17,Medium,Critical,Survival
4150,Transport,Stationery,4,36.6,112.7,57.0,13,2249.0,21.3,0,19,High,Safe,Lifestyle
505,Study,Bookshop,8,95.0,69.8,64.4,26,845.0,6.3,0,16,Medium,Warning,Leakage
1107,Entertainment,Snack_Bar,11,85.3,125.8,32.2,10,763.0,23.8,1,22,High,Safe,Lifestyle
2854,Food,Stationery,5,98.3,70.4,83.3,16,2574.0,9.3,1,21,Medium,Warning,Survival
3992,Other,Canteen,9,70.8,43.1,114.2,19,2292.0,14.3,0,8,Low,Safe,Survival
4242,Study,Bookshop,4,40.9,33.2,48.2,6,1757.0,26.8,1,9,Low,Safe,Survival
1571,Food,Bookshop,3,31.7,93.3,141.4,26,2481.0,24.2,0,13,High,Safe,Lifestyle
520,Entertainment,Pharmacy,10,68.0,74.4,37.3,30,754.0,23.5,0,16,Medium,Safe,Leakage
4854,Study,Bookshop,8,98.2,82.5,19.3,9,3804.0,4.8,1,18,Medium,Warning,Survival
4259,Food,Bookshop,1,64.5,100.6,100.2,14,1528.0,1.4,1,17,High,Critical,Lifestyle
1331,Study,Canteen,9,88.8,97.1,128.9,24,751.0,18.2,1,10,High,Safe,Lifestyle
2778,Food,Stationery,4,36.3,15.2,143.4,10,1093.0,12.3,0,21,Low,Safe,Lifestyle
4242,Food,Bookshop,11,43.7,106.3,117.4,8,834.0,27.3,0,6,High,Safe,Lifestyle
3567,Entertainment,Pharmacy,9,91.1,73.9,38.0,3,1125.0,10.5,1,14,Medium,Safe,Survival
1017,Other,Stationery,8,76.9,57.0,146.9,17,1959.0,12.3,1,19,Medium,Safe,Lifestyle
211,Entertainment,Pharmacy,3,98.2,74.5,138.7,19,3083.0,15.8,1,13,Medium,Safe,Lifestyle
394,Food,Bookshop,3,78.6,83.5,32.8,30,1453.0,23.9,1,8,Medium,Safe,Survival
2737,Study,Stationery,9,47.6,27.9,88.2,3,2026.0,8.0,1,12,Low,Warning,Survival
3042,Entertainment,Bookshop,3,55.5,60.1,87.8,14,3751.0,28.3,0,9,Medium,Safe,Survival
2429,Other,Canteen,4,90.5,50.3,72.0,28,1535.0,16.2,0,20,Medium,Safe,Survival
3209,Food,Stationery,9,57.4,52.0,147.8,6,3282.0,25.2,1,17,Medium,Safe,Lifestyle
4951,Entertainment,Pharmacy,4,29.3,21.0,18.3,29,1052.0,15.8,1,14,Low,Safe,Survival
2277,Entertainment,Canteen,11,46.4,29.2,97.8,19,1124.0,23.2,0,18,Low,Safe,Survival
4067,Entertainment,Snack_Bar,3,54.1,29.4,38.7,18,2097.0,1.5,0,8,Low,Critical,Survival
643,Entertainment,Pharmacy,7,14.2,54.8,83.8,12,1319.0,24.0,1,12,Medium,Safe,Leakage
497,Study,Bookshop,6,75.7,117.3,119.2,15,3661.0,15.7,0,13,High,Safe,Leakage
1044,Other,Pharmacy,1,15.4,34.7,44.5,25,678.0,13.5,1,16,Low,Safe,Survival
1215,Other,Snack_Bar,10,43.5,59.9,65.1,6,2590.0,3.3,0,10,Medium,Critical,Survival
1584,Food,Pharmacy,8,81.4,47.4,143.1,21,2615.0,22.2,0,21,Low,Safe,Lifestyle
1597,Transport,Canteen,1,49.4,104.5,116.6,12,731.0,3.9,1,8,High,Critical,Lifestyle
753,Study,Pharmacy,4,85.0,16.0,90.2,19,3064.0,5.8,1,6,Low,Warning,Survival
2550,Food,Stationery,6,37.5,33.6,41.1,7,2141.0,3.8,0,15,Low,Critical,Survival
4716,Food,Snack_Bar,6,96.0,35.3,69.5,23,3031.0,0.2,1,15,Low,Critical,Survival
1469,Entertainment,Pharmacy,7,24.9,129.2,118.4,20,3394.0,19.9,1,21,High,Safe,Lifestyle
1460,Transport,Snack_Bar,11,8.6,78.5,124.9,10,1630.0,8.1,1,16,Medium,Warning,Lifestyle
384,Transport,Canteen,5,87.9,26.7,44.2,18,2196.0,4.5,1,18,Low,Warning,Leakage
4763,Study,Stationery,5,76.5,42.7,102.7,2,1413.0,9.6,0,20,Low,Warning,Survival
2610,Transport,Bookshop,4,27.0,30.1,23.3,13,1205.0,15.0,0,15,Low,Safe,Survival
4631,Food,Pharmacy,6,98.6,25.0,13.2,15,502.0,15.1,0,9,Low,Safe,Survival
2409,Transport,Canteen,7,52.7,105.7,86.8,28,3873.0,11.0,0,20,High,Safe,Lifestyle
3872,Transport,Snack_Bar,10,95.4,69.5,41.4,24,2043.0,14.8,0,11,Medium,Safe,Survival
4883,Other,Snack_Bar,10,53.0,85.7,21.0,4,546.0,12.8,0,22,High,Safe,Lifestyle
2081,Food,Canteen,1,49.8,49.8,112.2,7,531.0,24.7,1,18,Low,Safe,Survival
4496,Transport,Pharmacy,9,47.7,76.4,79.7,3,1509.0,0.9,0,22,Medium,Critical,Survival
721,Transport,Bookshop,8,36.8,40.9,121.5,25,549.0,26.0,1,20,Low,Safe,Leakage
2087,Entertainment,Pharmacy,7,55.7,47.0,103.0,16,1811.0,7.3,1,12,Low,Warning,Survival
2752,Transport,Stationery,9,48.0,88.3,112.2,26,720.0,21.7,1,16,High,Safe,Lifestyle
4009,Transport,Pharmacy,3,8.5,28.0,53.0,9,637.0,12.2,0,13,Low,Safe,Survival
4355,Other,Stationery,10,29.7,84.1,46.9,23,2843.0,8.8,0,15,Medium,Warning,Survival
4873,Food,Snack_Bar,4,25.2,112.3,94.1,23,3674.0,18.5,1,22,High,Safe,Lifestyle
4616,Study,Stationery,7,87.4,24.5,38.0,17,1933.0,23.1,0,14,Low,Safe,Survival
3679,Food,Bookshop,6,61.9,117.7,124.2,26,3429.0,13.5,0,8,High,Safe,Lifestyle
1609,Entertainment,Canteen,2,77.5,19.5,83.2,8,602.0,14.0,1,20,Low,Safe,Survival
1894,Food,Stationery,2,95.9,51.9,41.8,18,3222.0,1.8,1,17,Medium,Critical,Survival
4864,Transport,Pharmacy,10,66.2,83.3,97.5,24,720.0,27.7,0,22,Medium,Safe,Survival
726,Entertainment,Stationery,7,98.3,77.1,142.3,27,3435.0,25.4,0,11,Medium,Safe,Leakage
2860,Food,Snack_Bar,9,34.6,21.6,21.5,13,3588.0,11.9,0,14,Low,Safe,Survival
2372,Entertainment,Stationery,11,22.7,105.9,25.3,2,3251.0,22.9,0,15,High,Safe,Lifestyle
479,Study,Bookshop,9,43.3,126.8,128.1,1,3373.0,9.4,1,8,High,Warning,Leakage
3164,Food,Stationery,7,49.7,31.7,25.3,16,2465.0,21.9,0,11,Low,Safe,Survival
4177,Transport,Bookshop,11,90.1,117.4,15.5,16,1427.0,15.5,1,18,High,Safe,Lifestyle
2869,Entertainment,Pharmacy,8,58.2,76.8,58.7,11,2751.0,13.8,1,19,Medium,Safe,Survival
3093,Other,Snack_Bar,10,32.8,122.3,75.3,24,2038.0,1.7,1,9,High,Critical,Lifestyle
1951,Entertainment,Canteen,3,75.6,31.1,89.7,4,519.0,29.0,1,15,Low,Safe,Survival
4181,Other,Pharmacy,1,53.1,105.0,81.0,11,2169.0,25.1,0,21,High,Safe,Lifestyle
4969,Transport,Pharmacy,7,20.4,17.2,137.8,26,2779.0,23.8,1,12,Low,Safe,Lifestyle
2561,Study,Canteen,8,59.8,116.0,117.6,6,549.0,9.1,0,10,High,Warning,Lifestyle
4627,Other,Stationery,2,91.6,90.9,147.7,26,2675.0,8.7,0,17,High,Warning,Lifestyle
4331,Study,Stationery,9,85.0,54.4,76.7,29,2784.0,17.2,1,20,Medium,Safe,Survival
1908,Entertainment,Stationery,4,60.7,32.9,21.8,11,1053.0,25.4,1,6,Low,Safe,Survival
2886,Transport,Snack_Bar,10,40.8,108.0,143.8,26,2009.0,28.0,0,11,High,Safe,Lifestyle
3095,Other,Pharmacy,11,13.3,82.4,10.6,1,3875.0,8.1,1,10,Medium,Warning,Survival
4735,Entertainment,Bookshop,9,49.6,53.2,118.7,9,3595.0,18.2,1,14,Medium,Safe,Lifestyle
2976,Food,Canteen,3,76.4,63.3,14.4,27,1938.0,21.7,0,12,Medium,Safe,Survival
1319,Entertainment,Pharmacy,8,39.2,109.2,116.6,7,1724.0,6.8,1,14,High,Warning,Lifestyle
3188,Study,Stationery,11,27.4,50.7,141.3,21,934.0,12.2,1,21,Medium,Safe,Lifestyle
4459,Transport,Canteen,2,93.5,20.8,64.5,22,623.0,5.6,1,10,Low,Warning,Survival
4443,Transport,Bookshop,3,83.0,119.4,43.7,3,1541.0,21.0,0,15,High,Safe,Lifestyle
394,Entertainment,Pharmacy,1,65.6,56.5,41.7,29,3791.0,25.9,1,20,Medium,Safe,Survival
862,Food,Pharmacy,5,18.0,51.8,78.8,9,3855.0,26.3,0,20,Medium,Safe,Survival
679,Study,Snack_Bar,4,18.8,34.5,33.9,2,3344.0,20.1,0,18,Low,Safe,Survival
4418,Entertainment,Pharmacy,1,14.8,117.7,104.2,28,1728.0,10.4,1,12,High,Safe,Lifestyle
1623,Entertainment,Pharmacy,10,63.5,36.1,61.6,10,1003.0,19.8,0,13,Low,Safe,Survival
2908,Transport,Bookshop,9,16.0,86.4,55.2,17,2584.0,25.9,1,13,High,Safe,Lifestyle
3375,Study,Bookshop,6,85.0,115.7,74.6,30,2763.0,18.8,1,16,High,Safe,Lifestyle
4014,Food,Canteen,6,99.3,14.2,86.0,1,1986.0,12.4,0,14,Low,Safe,Survival
2214,Transport,Stationery,11,39.8,109.5,29.9,26,2921.0,27.6,0,11,High,Safe,Lifestyle
3989,Entertainment,Bookshop,2,48.1,59.3,109.1,18,3113.0,25.1,1,7,Medium,Safe,Survival
2643,Transport,Canteen,7,72.6,89.0,133.6,6,3241.0,26.5,0,10,High,Safe,Lifestyle
1111,Transport,Pharmacy,9,94.0,54.7,48.9,6,2258.0,27.1,0,9,Medium,Safe,Survival
3413,Other,Canteen,6,89.9,93.5,35.3,9,3271.0,11.8,0,20,High,Safe,Lifestyle
2564,Transport,Canteen,11,10.5,40.5,116.5,10,589.0,25.8,1,12,Low,Safe,Lifestyle
3829,Transport,Canteen,8,21.1,12.6,35.7,15,2881.0,17.1,1,6,Low,Safe,Survival
3672,Study,Canteen,5,76.7,123.7,15.8,4,1325.0,1.1,1,7,High,Critical,Lifestyle
880,Transport,Bookshop,2,70.4,12.0,96.7,8,1447.0,19.1,1,18,Low,Safe,Survival
4851,Food,Stationery,4,17.7,108.9,43.6,4,820.0,14.1,1,19,High,Safe,Lifestyle
809,Entertainment,Canteen,1,52.7,30.3,34.1,3,1173.0,8.3,0,8,Low,Warning,Survival
2356,Study,Snack_Bar,1,79.2,57.1,147.4,4,3972.0,29.1,0,21,Medium,Safe,Lifestyle
4066,Transport,Pharmacy,6,25.8,108.7,50.9,1,1954.0,1.7,1,19,High,Critical,Lifestyle
571,Food,Pharmacy,2,87.8,34.7,136.5,9,3747.0,28.4,1,20,Low,Safe,Lifestyle
815,Entertainment,Pharmacy,6,10.0,113.9,35.0,11,1070.0,4.8,0,8,High,Warning,Lifestyle
2453,Study,Pharmacy,1,79.3,69.7,124.7,21,1214.0,11.3,1,7,Medium,Safe,Lifestyle
4338,Food,Pharmacy,11,63.5,53.9,80.3,23,2452.0,12.5,1,8,Medium,Safe,Survival
1064,Transport,Canteen,10,34.9,89.5,21.0,19,1723.0,21.9,0,14,High,Safe,Lifestyle
1468,Other,Stationery,3,73.5,51.0,112.7,21,2754.0,6.5,1,13,Medium,Warning,Survival
984,Other,Snack_Bar,9,79.3,51.7,134.9,29,1977.0,29.6,1,20,Medium,Safe,Lifestyle
4771,Study,Bookshop,2,93.7,98.0,32.8,26,3341.0,22.5,1,17,High,Safe,Lifestyle
4378,Food,Snack_Bar,8,39.9,47.2,111.6,30,2010.0,23.7,1,19,Low,Safe,Survival
2437,Entertainment,Bookshop,6,70.2,34.1,72.3,20,2503.0,3.2,0,7,Low,Critical,Survival
4254,Food,Bookshop,6,62.2,106.9,115.5,7,1624.0,14.3,1,16,High,Safe,Lifestyle
1135,Other,Snack_Bar,7,54.9,106.6,109.9,5,2964.0,28.4,1,6,High,Safe,Lifestyle
4180,Study,Canteen,5,89.6,69.7,13.7,2,2792.0,8.1,0,19,Medium,Warning,Survival
2538,Transport,Pharmacy,11,5.3,73.2,35.0,19,1890.0,4.4,0,14,Medium,Warning,Survival
525,Food,Canteen,4,31.8,93.5,75.9,24,1466.0,14.6,1,8,High,Safe,Lifestyle
1734,Other,Pharmacy,6,56.1,71.1,140.7,3,2649.0,27.9,1,19,Medium,Safe,Lifestyle
3680,Entertainment,Stationery,8,21.9,60.0,57.9,15,3801.0,14.6,0,8,Medium,Safe,Survival
4061,Study,Bookshop,4,91.2,129.4,98.0,7,964.0,12.1,0,9,High,Safe,Lifestyle
2185,Transport,Snack_Bar,5,66.5,27.7,11.7,5,3297.0,19.5,0,7,Low,Safe,Survival
4803,Food,Stationery,7,50.4,81.1,109.6,23,2400.0,28.1,0,7,Medium,Safe,Survival
2978,Entertainment,Pharmacy,6,82.4,116.3,94.4,10,2339.0,1.5,0,20,High,Critical,Lifestyle
1470,Transport,Canteen,4,47.8,92.5,110.2,9,3866.0,4.6,0,18,High,Warning,Lifestyle
840,Other,Snack_Bar,4,58.1,115.7,136.7,23,2621.0,4.0,0,16,High,Critical,Lifestyle
4903,Other,Bookshop,10,5.3,50.4,30.5,14,3407.0,2.6,0,19,Medium,Critical,Survival
4278,Entertainment,Stationery,4,39.7,42.6,46.6,22,2301.0,9.1,1,22,Low,Warning,Survival
4861,Other,Bookshop,1,18.2,112.2,149.4,28,1374.0,6.9,1,20,High,Warning,Lifestyle
1567,Study,Pharmacy,5,70.5,57.3,31.9,13,2931.0,16.5,1,19,Medium,Safe,Survival
4242,Entertainment,Bookshop,8,50.5,95.2,110.9,1,3731.0,9.8,1,7,High,Warning,Lifestyle
2775,Other,Canteen,7,33.7,27.7,111.5,16,3444.0,12.2,1,9,Low,Safe,Survival
3803,Food,Stationery,5,49.4,100.7,105.6,20,1194.0,28.3,1,13,High,Safe,Lifestyle
1781,Other,Stationery,3,24.9,75.9,41.8,8,1609.0,4.7,0,17,Medium,Warning,Survival
2186,Study,Canteen,11,92.9,42.2,40.1,17,2309.0,11.7,1,18,Low,Safe,Survival
2440,Transport,Bookshop,1,10.1,69.3,103.3,6,2501.0,7.7,0,22,Medium,Warning,Survival
4166,Transport,Canteen,7,87.2,93.6,36.1,2,1178.0,16.5,1,18,High,Safe,Lifestyle
2305,Other,Snack_Bar,11,53.6,11.4,102.6,13,1305.0,22.1,1,17,Low,Safe,Survival
328,Transport,Canteen,3,63.8,86.5,79.0,25,3156.0,24.5,1,12,High,Safe,Lifestyle
4196,Other,Bookshop,4,33.7,75.0,64.1,8,3056.0,15.5,1,21,Medium,Safe,Survival
1051,Study,Canteen,5,96.8,36.4,52.0,25,3437.0,25.6,1,19,Low,Safe,Survival
4303,Transport,Pharmacy,8,31.8,100.4,142.7,9,3765.0,23.6,1,10,High,Safe,Lifestyle
2276,Food,Canteen,7,60.9,46.4,81.1,30,1579.0,4.7,1,16,Low,Warning,Survival
3194,Other,Canteen,9,99.4,43.2,88.6,13,3509.0,7.4,1,13,Low,Warning,Survival
3944,Transport,Bookshop,11,88.7,66.5,142.9,18,2831.0,20.2,0,14,Medium,Safe,Lifestyle
2956,Study,Snack_Bar,3,56.0,91.1,101.5,18,3852.0,29.2,1,13,High,Safe,Lifestyle
1844,Study,Snack_Bar,11,99.1,121.5,144.1,9,1452.0,11.3,1,12,High,Safe,Lifestyle
4571,Food,Bookshop,10,71.6,27.0,24.9,2,1444.0,6.9,1,13,Low,Warning,Survival
3344,Study,Bookshop,1,24.8,57.6,128.5,4,2965.0,26.1,0,20,Medium,Safe,Lifestyle
442,Study,Bookshop,1,43.5,18.0,57.0,18,3749.0,6.0,0,9,Low,Warning,Survival
4285,Transport,Pharmacy,10,36.8,101.0,123.5,17,3386.0,20.9,0,12,High,Safe,Lifestyle
370,Other,Stationery,1,37.7,63.7,129.8,12,3045.0,1.0,0,9,Medium,Critical,Lifestyle
852,Entertainment,Canteen,2,77.2,94.8,48.0,16,1856.0,0.6,0,20,High,Critical,Lifestyle
3712,Study,Bookshop,2,60.5,48.7,67.2,13,3012.0,13.5,0,7,Low,Safe,Survival
1699,Study,Bookshop,7,8.6,111.3,111.6,11,3304.0,19.7,1,17,High,Safe,Lifestyle
2299,Entertainment,Bookshop,9,88.4,74.2,23.9,14,3136.0,4.3,1,11,Medium,Warning,Survival
2358,Study,Snack_Bar,8,33.2,123.2,115.8,10,2869.0,22.9,1,11,High,Safe,Lifestyle
2172,Transport,Bookshop,4,99.7,19.5,25.5,23,665.0,3.9,1,19,Low,Critical,Survival
4125,Transport,Canteen,2,95.6,71.7,138.0,28,2809.0,16.0,0,11,Medium,Safe,Lifestyle
2458,Entertainment,Bookshop,3,94.4,102.0,48.7,27,2174.0,9.2,0,6,High,Warning,Lifestyle
4239,Study,Canteen,10,82.1,82.0,90.6,21,3865.0,22.6,1,11,Medium,Safe,Survival
2235,Study,Pharmacy,5,26.0,12.8,26.4,19,2625.0,24.1,1,21,Low,Safe,Survival
3471,Other,Stationery,9,55.6,126.7,47.7,24,2629.0,2.0,0,6,High,Critical,Lifestyle
1057,Study,Snack_Bar,8,26.3,45.8,66.6,21,3979.0,5.8,0,7,Low,Warning,Survival
4023,Transport,Canteen,3,29.7,39.9,78.2,17,828.0,26.8,0,22,Low,Safe,Survival
1249,Food,Pharmacy,9,63.0,68.3,10.0,9,1467.0,12.5,1,9,Medium,Safe,Survival
4190,Food,Stationery,10,8.9,75.1,134.4,14,2796.0,14.3,0,10,Medium,Safe,Lifestyle
498,Food,Stationery,3,97.1,102.0,11.1,30,1603.0,5.0,0,17,High,Warning,Lifestyle
1123,Food,Stationery,10,92.3,57.2,118.3,5,1712.0,29.8,1,20,Medium,Safe,Lifestyle
4432,Study,Canteen,8,41.2,62.8,75.9,3,3624.0,27.7,1,20,Medium,Safe,Survival
4506,Study,Pharmacy,1,54.0,74.2,83.3,22,2528.0,0.1,1,8,Medium,Critical,Survival
2999,Other,Bookshop,4,49.3,57.3,39.2,8,860.0,16.5,1,8,Medium,Safe,Survival
4262,Study,Pharmacy,4,88.8,119.7,95.0,18,1588.0,26.2,0,16,High,Safe,Lifestyle
4245,Food,Pharmacy,6,70.4,112.2,85.2,27,766.0,12.9,0,19,High,Safe,Lifestyle
2002,Entertainment,Pharmacy,2,31.4,64.6,33.0,30,2446.0,13.1,1,12,Medium,Safe,Survival
2913,Entertainment,Canteen,7,47.4,10.0,43.3,3,1106.0,11.4,0,11,Low,Safe,Survival
4706,Transport,Canteen,5,45.8,118.1,19.4,23,3500.0,0.9,0,11,High,Critical,Lifestyle
3053,Transport,Canteen,10,96.1,24.9,19.3,2,2521.0,23.7,1,16,Low,Safe,Survival
2857,Study,Pharmacy,6,21.7,39.3,11.9,27,708.0,13.7,1,8,Low,Safe,Survival
4722,Entertainment,Canteen,11,13.5,28.3,40.9,11,1553.0,15.9,0,19,Low,Safe,Survival
3546,Food,Stationery,6,88.7,31.6,105.2,28,2657.0,7.7,1,17,Low,Warning,Survival
1671,Food,Canteen,11,90.2,106.3,54.3,5,1674.0,23.5,1,19,High,Safe,Lifestyle
3149,Food,Snack_Bar,6,87.8,79.5,58.0,25,2296.0,23.8,0,20,Medium,Safe,Survival
1141,Study,Canteen,10,53.5,124.7,28.5,30,3683.0,16.6,1,14,High,Safe,Lifestyle
2107,Study,Canteen,8,67.7,37.8,90.6,7,1725.0,27.1,0,17,Low,Safe,Survival
1443,Other,Canteen,10,58.5,68.3,57.9,30,1676.0,3.5,1,12,Medium,Critical,Survival
4623,Food,Canteen,4,11.6,127.3,104.7,14,3369.0,23.6,0,22,High,Safe,Lifestyle
1666,Food,Snack_Bar,10,61.6,109.2,113.8,29,1616.0,16.8,1,19,High,Safe,Lifestyle
4157,Study,Bookshop,8,6.3,97.4,91.9,19,773.0,6.9,1,20,High,Warning,Lifestyle
2166,Study,Canteen,9,35.9,32.7,48.6,2,1133.0,4.0,0,19,Low,Critical,Survival
575,Other,Stationery,4,93.6,102.3,81.2,26,3821.0,9.0,0,19,High,Warning,Lifestyle
462,Other,Snack_Bar,1,33.9,51.7,45.3,9,3767.0,25.7,1,13,Medium,Safe,Survival
4562,Transport,Bookshop,3,94.3,73.7,136.4,25,1287.0,23.6,0,18,Medium,Safe,Lifestyle
3588,Entertainment,Canteen,1,28.8,83.1,117.3,25,2437.0,19.4,0,9,Medium,Safe,Lifestyle
3595,Food,Bookshop,7,34.9,83.1,79.0,10,981.0,2.7,1,17,Medium,Critical,Survival
2144,Food,Stationery,1,64.7,97.2,145.2,19,2861.0,28.6,1,6,High,Safe,Lifestyle
2093,Other,Snack_Bar,11,77.4,89.4,86.5,17,1149.0,9.2,0,10,High,Warning,Lifestyle
3834,Other,Snack_Bar,4,52.6,18.2,56.0,25,674.0,18.2,1,9,Low,Safe,Survival
1852,Transport,Bookshop,1,88.8,64.9,23.4,7,3387.0,24.1,1,21,Medium,Safe,Survival
4341,Entertainment,Canteen,2,8.8,89.7,86.1,18,1639.0,4.0,1,8,High,Critical,Lifestyle
4092,Transport,Pharmacy,11,92.6,45.5,130.5,6,880.0,19.6,0,21,Low,Safe,Lifestyle
799,Entertainment,Snack_Bar,1,23.6,47.6,131.3,27,3419.0,1.0,0,12,Low,Critical,Lifestyle
2112,Food,Pharmacy,5,89.0,24.9,94.6,9,3168.0,3.1,1,10,Low,Critical,Survival
1492,Transport,Snack_Bar,7,43.1,60.2,65.1,8,2893.0,21.7,0,6,Medium,Safe,Survival
800,Other,Canteen,3,84.1,128.4,101.0,27,3689.0,4.7,1,16,High,Warning,Lifestyle
580,Transport,Canteen,8,68.8,44.2,116.7,28,2212.0,13.3,0,22,Low,Safe,Leakage
